# This file is brought to you by ROBLOX Corporation
# Generated by ROBLOX Studio

mtllib The Generals45.mtl

g TheGenerals451

v -0.046233 0.457171 0.502689 
v 0.046233 0.457171 0.502689 
v 0.046233 0.533853 0.426007 
v -0.046233 0.533853 0.426007 
v -0.046233 0.352422 0.530756 
v 0.046233 0.352422 0.530756 
v -0.046233 0.247673 0.502689 
v 0.046233 0.247673 0.502689 
v -0.046233 0.170991 0.426007 
v 0.046233 0.170991 0.426007 
v -0.046233 0.142924 0.384389 
v 0.046233 0.142924 0.384389 
v 0.046233 0.56192 0.384389 
v -0.046233 0.56192 0.384389 
v -0.046233 0.457171 0.502689 
v -0.046233 0.533853 0.426007 
v -0.046233 0.352422 0.384389 
v -0.046233 0.352422 0.530756 
v -0.046233 0.247673 0.502689 
v -0.046233 0.170991 0.426007 
v -0.046233 0.142924 0.384389 
v -0.046233 0.56192 0.384389 
v 0.046233 0.533853 0.426007 
v 0.046233 0.457171 0.502689 
v 0.046233 0.352422 0.384389 
v 0.046233 0.352422 0.530756 
v 0.046233 0.247673 0.502689 
v 0.046233 0.170991 0.426007 
v 0.046233 0.142924 0.384389 
v 0.046233 0.56192 0.384389 
v 0.0474687 0.383523 -0.940176 
v 0.0266787 0.387157 -0.940176 
v 0.0396468 0.395575 -0.940176 
v 0.0578088 0.367593 -0.873815 
v 0.0524502 0.364115 -0.873815 
v 0.0524376 0.364162 -0.940176 
v 0.0577836 0.367632 -0.940176 
v 0.0524718 0.364039 -0.767147 
v 0.0578502 0.36753 -0.767147 
v 0.0578502 0.36753 -0.735089 
v 0.0524718 0.364039 -0.735089 
v 0.0521487 0.364491 -0.0227106 
v 0.0523242 0.364269 -0.362655 
v 0.0577017 0.367758 -0.362678 
v 0.0575469 0.367997 -0.0227106 
v 0.0279603 0.377859 -0.767147 
v 0.0277092 0.378257 -0.820481 
v 0.0371799 0.366535 -0.820481 
v 0.037161 0.366502 -0.767147 
v 0.0277083 0.378284 -0.0227106 
v 0.027837 0.378047 -0.362656 
v 0.0370368 0.366691 -0.362753 
v 0.0369288 0.366875 -0.0227106 
v 0.037161 0.366502 -0.735089 
v 0.0279603 0.377859 -0.735089 
v 0.052461 0.364077 -0.820481 
v 0.0271494 0.379146 -0.940176 
v 0.0274572 0.378658 -0.873815 
v 0.0267489 0.387018 -0.873815 
v 0.0266787 0.387157 -0.940176 
v 0.0269289 0.386749 -0.735089 
v 0.0268695 0.38678 -0.767147 
v 0.0265563 0.387358 -0.0227133 
v 0.0267426 0.387041 -0.363199 
v 0.0271494 0.379146 -0.940176 
v 0.0524376 0.364162 -0.940176 
v 0.0372231 0.36661 -0.940176 
v 0.0577836 0.367632 -0.940176 
v 0.0279477 0.377878 -0.607453 
v 0.0269127 0.386776 -0.607453 
v 0.0371484 0.366519 -0.607453 
v 0.0524574 0.364062 -0.607453 
v 0.0578358 0.367552 -0.607453 
v 0.0578295 0.367561 -0.820481 
v 0.0372231 0.36661 -0.940176 
v 0.0371988 0.366569 -0.873815 
v 0.0268092 0.386899 -0.820481 
v 0.0526149 0.403992 -0.940176 
v 0.0631287 0.371101 -0.940176 
v 0.0631674 0.371071 -0.873815 
v 0.0632286 0.37102 -0.767147 
v 0.0632286 0.37102 -0.735089 
v 0.0630783 0.371249 -0.362655 
v 0.0629478 0.3715 -0.0227106 
v 0.0671751 0.386004 -0.820481 
v 0.0603243 0.399427 -0.820481 
v 0.0605862 0.399035 -0.767147 
v 0.0672129 0.386008 -0.767147 
v 0.0670905 0.386198 -0.362753 
v 0.0604647 0.399225 -0.362656 
v 0.0603018 0.399439 -0.0227106 
v 0.0669672 0.386372 -0.0227106 
v 0.0672129 0.386008 -0.735089 
v 0.0605862 0.399035 -0.735089 
v 0.063198 0.371046 -0.820481 
v 0.0527139 0.40387 -0.873815 
v 0.0600615 0.399821 -0.873815 
v 0.0597411 0.400299 -0.940176 
v 0.0526149 0.403992 -0.940176 
v 0.0528822 0.403664 -0.767147 
v 0.0528858 0.403597 -0.735089 
v 0.052695 0.403887 -0.363199 
v 0.0524826 0.404186 -0.0227133 
v 0.0597411 0.400299 -0.940176 
v 0.0670887 0.385995 -0.940176 
v 0.0631287 0.371101 -0.940176 
v 0.0528696 0.403623 -0.607453 
v 0.0605745 0.399054 -0.607453 
v 0.0672021 0.386025 -0.607453 
v 0.0632133 0.371043 -0.607453 
v 0.0670887 0.385995 -0.940176 
v 0.0671364 0.386 -0.873815 
v 0.0527985 0.403768 -0.820481 
v -0.0562149 0.488204 -0.122752 
v -0.021186 0.513446 -0.122752 
v -0.0219753 0.513433 -0.487172 
v -0.0562149 0.488204 -0.487172 
v -0.0216972 0.378054 -0.967716 
v -0.0562149 0.405845 -0.967725 
v -0.0561798 0.40587 -1.02105 
v -0.0209187 0.377825 -1.02105 
v -0.0560979 0.488118 -1.14074 
v -0.0561447 0.488152 -1.07438 
v -0.0206991 0.513436 -1.07438 
v -0.0211401 0.513438 -1.14074 
v -0.0562149 0.488203 -0.967725 
v -0.0561798 0.488177 -1.02105 
v -0.0695511 0.447025 -1.02105 
v -0.0695943 0.447025 -0.967725 
v -0.0695943 0.447025 -0.935667 
v -0.0562149 0.488203 -0.935667 
v -0.0561447 0.405896 -1.07438 
v -0.0695079 0.447025 -1.07438 
v -0.0694494 0.447025 -1.14074 
v -0.0560979 0.405931 -1.14074 
v -0.0562149 0.405845 -0.935667 
v -0.0216783 0.378046 -0.935658 
v -0.0695943 0.447026 -0.487172 
v -0.0695943 0.447026 -0.122752 
v -0.0562149 0.405845 -0.487172 
v -0.0562149 0.405846 -0.122752 
v 0 0.513446 -0.122752 
v 0 0.513433 -0.487172 
v -0.0694494 0.447026 -0.0239688 
v -0.0560979 0.488119 -0.0239688 
v -0.021141 0.513438 -0.0239688 
v -0.0560979 0.405931 -0.0239688 
v -0.021141 0.378048 -0.0239688 
v -0.0216756 0.378048 -0.13945 
v -0.000126 0.378048 -0.13945 
v -0.0001224 0.378048 -0.0239688 
v 0 0.513438 -0.0239688 
v -0.0217008 0.378058 -0.491928 
v -0.020232 0.513415 -0.935667 
v -0.0200322 0.513432 -0.967725 
v -0.009981 0.559966 -1.00944 
v -0.0203661 0.513434 -1.02105 
v -0.0200322 0.513432 -0.967725 
v -0.0099504 0.565548 -0.967716 
v 0 0.565585 -0.967716 
v 0 0.560004 -1.00944 
v -0.0099882 0.565551 -0.935676 
v -0.020232 0.513415 -0.935667 
v 0 0.565547 -0.935676 
v 0 0.445081 -1.14074 
v -0.0211401 0.513438 -1.14074 
v 0 0.513438 -1.14074 
v -0.0560979 0.405931 -1.14074 
v -0.0694494 0.447025 -1.14074 
v -0.0560979 0.488118 -1.14074 
v 0 0.513432 -1.07438 
v -0.0206991 0.513436 -1.07438 
v -0.0100107 0.543181 -1.05115 
v 0 0.543222 -1.05115 
v -0.0562149 0.488203 -0.808017 
v -0.0203364 0.513416 -0.808017 
v -0.0695943 0.447025 -0.808017 
v -0.0562149 0.405845 -0.808017 
v -0.021681 0.378047 -0.808017 
v -0.019206 0.377324 -1.14074 
v -5.58e-005 0.377324 -1.14074 
v 0 0.513432 -1.07438 
v 0 0.513438 -1.14074 
v -0.0201393 0.377598 -1.07438 
v -0.019206 0.377324 -1.14074 
v -0.0203661 0.513434 -1.02105 
v 0 0.51345 -0.808017 
v 0 0.51345 -0.935667 
v -0.020232 0.513415 -0.935667 
v 0 0.51345 -0.935667 
v -0.0206991 0.513436 -1.07438 
v 0.0219753 0.513433 -0.487172 
v 0.021186 0.513446 -0.122752 
v 0.0562149 0.488204 -0.122752 
v 0.0562149 0.488204 -0.487172 
v 0.0216972 0.378054 -0.967716 
v 0.0209187 0.377825 -1.02105 
v 0.0561798 0.40587 -1.02105 
v 0.0562149 0.405845 -0.967725 
v 0.0206991 0.513436 -1.07438 
v 0.0561447 0.488152 -1.07438 
v 0.0560979 0.488118 -1.14074 
v 0.0211401 0.513438 -1.14074 
v 0.0695511 0.447025 -1.02105 
v 0.0561798 0.488177 -1.02105 
v 0.0562149 0.488203 -0.967725 
v 0.0695943 0.447025 -0.967725 
v 0.0695943 0.447025 -0.935667 
v 0.0562149 0.488203 -0.935667 
v 0.0694494 0.447025 -1.14074 
v 0.0695079 0.447025 -1.07438 
v 0.0561447 0.405896 -1.07438 
v 0.0560979 0.405931 -1.14074 
v 0.0562149 0.405845 -0.935667 
v 0.0216783 0.378046 -0.935658 
v 0.0695943 0.447026 -0.487172 
v 0.0695943 0.447026 -0.122752 
v 0.0562149 0.405845 -0.487172 
v 0.0562149 0.405846 -0.122752 
v 0.0694494 0.447026 -0.0239688 
v 0.0560979 0.488119 -0.0239688 
v 0.021141 0.513438 -0.0239688 
v 0.0560979 0.405931 -0.0239688 
v 0.021141 0.378048 -0.0239688 
v 0.0216756 0.378048 -0.13945 
v 0.0217008 0.378058 -0.491928 
v 0.0200322 0.513432 -0.967725 
v 0.020232 0.513415 -0.935667 
v 0.0200322 0.513432 -0.967725 
v 0.0203661 0.513434 -1.02105 
v 0.009981 0.559966 -1.00944 
v 0.0099504 0.565548 -0.967716 
v 0.0099882 0.565551 -0.935676 
v 0.020232 0.513415 -0.935667 
v 0.0211401 0.513438 -1.14074 
v 0.0694494 0.447025 -1.14074 
v 0.0560979 0.405931 -1.14074 
v 0.0560979 0.488118 -1.14074 
v 0.0100107 0.543181 -1.05115 
v 0.0206991 0.513436 -1.07438 
v 0.0203364 0.513416 -0.808017 
v 0.0562149 0.488203 -0.808017 
v 0.0695943 0.447025 -0.808017 
v 0.0562149 0.405845 -0.808017 
v 0.021681 0.378047 -0.808017 
v 0.019206 0.377324 -1.14074 
v 0.0201393 0.377598 -1.07438 
v 0.019206 0.377324 -1.14074 
v 0.0203661 0.513434 -1.02105 
v 0.020232 0.513415 -0.935667 
v 0.0206991 0.513436 -1.07438 
v -0.000126 0.378058 -0.491928 
v -0.000126 0.378047 -0.808017 
v -0.000126 0.378046 -0.935658 
v -0.000126 0.378054 -0.967716 
v -0.0001215 0.377825 -1.02105 
v -0.000117 0.377598 -1.07438 
v -5.58e-005 0.377324 -1.14074 
v -0.000117 0.377598 -1.07438 
v -5.58e-005 0.377324 -1.14074 
v -0.0001215 0.377825 -1.02105 
v -0.000126 0.378054 -0.967716 
v -0.000126 0.378046 -0.935658 
v -0.000126 0.378047 -0.808017 
v -0.000126 0.378058 -0.491928 
v -0.000126 0.378048 -0.13945 
v -0.0001224 0.378048 -0.0239688 
v -0.0134514 0.481025 0.58725 
v -0.0183042 0.521545 0.555125 
v -0.0183042 0.511398 0.526656 
v -0.0134514 0.446894 0.564152 
v -0.0124317 0.580871 0.614036 
v -0.0089604 0.54632 0.622783 
v -0.0063909 0.562524 0.645665 
v -0.0090288 0.591653 0.63794 
v -0.0035262 0.582445 0.671059 
v -0.0024012 0.574009 0.668902 
v -0.0183042 0.515086 0.494339 
v -0.0221157 0.53782 0.442062 
v -0.0165267 0.397702 0.473287 
v -0.0134514 0.424643 0.540143 
v -0.0112392 0.52114 0.60541 
v -0.0154368 0.55727 0.585751 
v 0 0.397353 0.473276 
v 0 0.424643 0.540143 
v 0 0.446894 0.564152 
v 0 0.481025 0.58725 
v 0 0.521383 0.605406 
v 0 0.546492 0.623105 
v 0 0.562486 0.646151 
v 0 0.574009 0.668902 
v 0 0.582445 0.671059 
v 0 0.574009 0.668902 
v 0 0.591851 0.637225 
v 0 0.582445 0.671059 
v 0 0.580709 0.613504 
v 0 0.556906 0.585686 
v 0 0.521545 0.555125 
v 0 0.511398 0.526656 
v 0 0.515086 0.494339 
v 0 0.538128 0.441806 
v 0.0134514 0.481025 0.58725 
v 0.0134514 0.446894 0.564152 
v 0.0183042 0.511398 0.526656 
v 0.0183042 0.521545 0.555125 
v 0.0063909 0.562524 0.645665 
v 0.0089604 0.54632 0.622783 
v 0.0124317 0.580871 0.614036 
v 0.0090288 0.591653 0.63794 
v 0.0035262 0.582445 0.671059 
v 0.0024012 0.574009 0.668902 
v 0.0165267 0.397702 0.473287 
v 0.0221157 0.53782 0.442062 
v 0.0183042 0.515086 0.494339 
v 0.0134514 0.424643 0.540143 
v 0.0112392 0.52114 0.60541 
v 0.0154368 0.55727 0.585751 
v 0.0028683 -0.189847 0.347622 
v 0.0028683 -0.204185 0.353345 
v -0.0047196 -0.204185 0.353345 
v -0.0047196 -0.189847 0.347622 
v 0.0157158 -0.0802075 0.405819 
v -0.0175671 -0.0802075 0.405819 
v -0.0161244 -0.135082 0.399572 
v 0.0142731 -0.135082 0.399572 
v -0.0175671 -0.074462 0.384304 
v -0.0161244 -0.136934 0.377153 
v -0.0161244 -0.135082 0.399572 
v -0.0175671 -0.0802075 0.405819 
v 0.0142731 -0.135082 0.399572 
v 0.0142731 -0.136934 0.377153 
v 0.0157158 -0.074462 0.384305 
v 0.0157158 -0.0802075 0.405819 
v 0.0085707 -0.170391 0.382585 
v -0.010422 -0.170391 0.382585 
v -0.0047196 -0.204185 0.353345 
v -0.010422 -0.170391 0.382585 
v -0.010422 -0.168823 0.357295 
v -0.0047196 -0.189847 0.347622 
v 0.0085707 -0.168823 0.357295 
v 0.0085707 -0.170391 0.382585 
v 0.0028683 -0.204185 0.353345 
v 0.0028683 -0.189847 0.347622 
v -0.0190089 0.00703309 0.397942 
v -0.0190089 0.0157027 0.372658 
v 0.0171576 0.00703309 0.397942 
v -0.0190089 0.00703309 0.397942 
v 0.0171576 0.00703309 0.397942 
v 0.0171576 0.0157027 0.372659 
v -0.130152 0.471194 0.346189 
v -0.130152 0.471194 0.323825 
v -0.170051 0.411481 0.323825 
v -0.170051 0.411481 0.346189 
v -0.0704376 0.511095 0.346189 
v -0.0704376 0.511095 0.323825 
v 0 0.525105 0.346189 
v 0 0.525105 0.323825 
v -0.0704376 0.170992 0.346189 
v -0.0704376 0.170992 0.323825 
v 0 0.156982 0.323825 
v 0 0.156982 0.346189 
v -0.130152 0.210892 0.346189 
v -0.130152 0.210892 0.323825 
v -0.170051 0.270606 0.346189 
v -0.170051 0.270606 0.323825 
v -0.184063 0.341043 0.346189 
v -0.184063 0.341043 0.323825 
v -0.130152 0.471194 0.346189 
v -0.170051 0.411481 0.346189 
v 0 0.341043 0.346189 
v -0.0704376 0.511095 0.346189 
v 0 0.525105 0.346189 
v -0.0704376 0.170992 0.346189 
v 0 0.156982 0.346189 
v -0.130152 0.210892 0.346189 
v -0.170051 0.270606 0.346189 
v -0.184063 0.341043 0.346189 
v -0.169168 0.411115 -0.0146916 
v -0.129475 0.470519 -0.0146916 
v 0 0.341043 -0.0146916 
v -0.0700713 0.510212 -0.0146916 
v 0 0.52415 -0.0146916 
v 0 0.157938 -0.0146916 
v -0.0700713 0.171877 -0.0146916 
v -0.129475 0.211568 -0.0146916 
v -0.169168 0.270972 -0.0146916 
v -0.183106 0.341043 -0.0146916 
v -0.140305 0.481349 -0.00243093 
v -0.129475 0.470519 -0.0146916 
v -0.169168 0.411115 -0.0146916 
v -0.183317 0.416976 -0.00243092 
v -0.183106 0.341043 -0.0146916 
v -0.198421 0.341043 -0.00243092 
v -0.169168 0.270972 -0.0146916 
v -0.183317 0.265111 -0.00243092 
v -0.129475 0.211568 -0.0146916 
v -0.140305 0.200739 -0.00243091 
v -0.0700713 0.171877 -0.0146916 
v -0.0759321 0.157727 -0.00243091 
v 0 0.157938 -0.0146916 
v 0 0.142623 -0.00243091 
v 0 0.539464 -0.00243093 
v 0 0.52415 -0.0146916 
v -0.0700713 0.510212 -0.0146916 
v -0.0759321 0.524361 -0.00243093 
v -0.140305 0.481349 0.313888 
v -0.183317 0.416976 0.313888 
v -0.198421 0.341043 0.313888 
v -0.183317 0.265111 0.313888 
v -0.140305 0.200739 0.313888 
v -0.0759321 0.157727 0.313888 
v 0 0.142623 0.313888 
v 0 0.539464 0.313888 
v -0.0759321 0.524361 0.313888 
v 0.170051 0.411481 0.323825 
v 0.130152 0.471194 0.323825 
v 0.130152 0.471194 0.346189 
v 0.170051 0.411481 0.346189 
v 0.0704376 0.511095 0.323825 
v 0.0704376 0.511095 0.346189 
v 0.0704376 0.170992 0.323825 
v 0.0704376 0.170992 0.346189 
v 0.130152 0.210892 0.323825 
v 0.130152 0.210892 0.346189 
v 0.170051 0.270606 0.323825 
v 0.170051 0.270606 0.346189 
v 0.184063 0.341043 0.323825 
v 0.184063 0.341043 0.346189 
v 0.130152 0.471194 0.346189 
v 0.170051 0.411481 0.346189 
v 0.0704376 0.511095 0.346189 
v 0.0704376 0.170992 0.346189 
v 0.130152 0.210892 0.346189 
v 0.170051 0.270606 0.346189 
v 0.184063 0.341043 0.346189 
v 0.169168 0.411115 -0.0146916 
v 0.129475 0.470519 -0.0146916 
v 0.0700713 0.510212 -0.0146916 
v 0.0700713 0.171877 -0.0146916 
v 0.129475 0.211568 -0.0146916 
v 0.169168 0.270972 -0.0146916 
v 0.183106 0.341043 -0.0146916 
v 0.169168 0.411115 -0.0146916 
v 0.129475 0.470519 -0.0146916 
v 0.140305 0.481349 -0.00243093 
v 0.183317 0.416976 -0.00243092 
v 0.183106 0.341043 -0.0146916 
v 0.198421 0.341043 -0.00243092 
v 0.169168 0.270972 -0.0146916 
v 0.183317 0.265111 -0.00243092 
v 0.129475 0.211568 -0.0146916 
v 0.140305 0.200739 -0.00243091 
v 0.0700713 0.171877 -0.0146916 
v 0.0759321 0.157727 -0.00243091 
v 0.0700713 0.510212 -0.0146916 
v 0.0759321 0.524361 -0.00243093 
v 0.183317 0.416976 0.313888 
v 0.140305 0.481349 0.313888 
v 0.198421 0.341043 0.313888 
v 0.183317 0.265111 0.313888 
v 0.140305 0.200739 0.313888 
v 0.0759321 0.157727 0.313888 
v 0.0759321 0.524361 0.313888 
v -0.0939861 0.101689 0.652418 
v -0.094239 0.151946 0.546712 
v -0.115551 0.0916623 0.547077 
v -0.111697 0.0400532 0.635959 
v -0.142362 -0.591799 0.848432 
v -0.13927 -0.557149 0.855193 
v -0.112811 -0.560213 0.768113 
v -0.115382 -0.591749 0.755401 
v -0.13927 -0.557149 0.855193 
v -0.140215 -0.50834 0.851455 
v -0.113597 -0.516943 0.771098 
v -0.112811 -0.560213 0.768113 
v -0.142362 -0.411413 0.843592 
v -0.13777 -0.290846 0.82588 
v -0.113147 -0.309865 0.760684 
v -0.115382 -0.427805 0.770208 
v -0.115729 -0.493813 1.01508 
v -0.151432 -0.499737 0.931806 
v -0.150328 -0.554083 0.942282 
v -0.114935 -0.554688 1.03189 
v -0.0893286 -0.432866 0.743883 
v -0.0876078 -0.31683 0.735301 
v -0.0620685 -0.323795 0.709918 
v -0.0632754 -0.437927 0.717558 
v -0.0873477 -0.560554 0.737707 
v -0.0879534 -0.519252 0.742819 
v -0.0623097 -0.521562 0.714541 
v -0.061884 -0.560894 0.707302 
v -0.0893286 -0.591732 0.723698 
v -0.0873477 -0.560554 0.737707 
v -0.061884 -0.560894 0.707302 
v -0.0632754 -0.591715 0.691996 
v -0.0977229 -0.0596641 0.854574 
v -0.1041 0.0451886 0.764971 
v -0.126453 -0.0065929 0.726632 
v -0.121128 -0.0936846 0.800792 
v -0.11611 0.0037886 0.629662 
v -0.116338 0.0419036 0.537962 
v -0.102855 -0.00785471 0.528847 
v -0.10371 -0.032476 0.623364 
v -0.0563904 -0.0587731 0.516391 
v -0.0567945 -0.0868693 0.610191 
v -0.0802521 -0.0596731 0.616777 
v -0.079623 -0.0333149 0.522618 
v -0.119742 -0.118591 0.761831 
v -0.128065 -0.0397408 0.701884 
v -0.112195 -0.0728887 0.677135 
v -0.102955 -0.143498 0.722872 
v -0.117532 -0.37932 0.994374 
v -0.113467 -0.251302 0.962055 
v -0.146992 -0.271828 0.891077 
v -0.15394 -0.395019 0.916974 
v -0.0614754 -0.11671 0.6463 
v -0.0564435 -0.170101 0.679551 
v -0.0796995 -0.156799 0.701212 
v -0.0868356 -0.0947988 0.661717 
v -0.15394 -0.59185 0.941463 
v -0.117532 -0.591842 1.04109 
v -0.114935 -0.554688 1.03189 
v -0.150328 -0.554083 0.942282 
v -0.139712 -0.178876 0.862445 
v -0.109209 -0.158585 0.926586 
v -0.0608049 -0.226704 0.700484 
v -0.0858051 -0.219544 0.724812 
v -0.110806 -0.212386 0.749139 
v -0.132961 -0.195631 0.805792 
v 0 0.21223 0.543409 
v -0.0563904 0.21223 0.543409 
v -0.0567945 0.163324 0.668877 
v 0 0.163324 0.668877 
v 0 0.0969705 0.803309 
v -0.0614898 0.0969705 0.803309 
v -0.0564696 -0.0256423 0.908352 
v 0 -0.0256423 0.908352 
v 0 -0.138295 0.990729 
v -0.060858 -0.138295 0.990729 
v -0.0620946 -0.230775 1.03303 
v 0 -0.230775 1.03303 
v -0.0632754 -0.363622 1.07179 
v 0 -0.363622 1.07179 
v -0.0621792 -0.487888 1.09835 
v 0 -0.487888 1.09835 
v -0.0616959 -0.555293 1.12149 
v 0 -0.555293 1.12149 
v -0.0616959 -0.555293 1.12149 
v -0.0632754 -0.591835 1.14074 
v 0 -0.591835 1.14074 
v 0 -0.555293 1.12149 
v 0 -0.59185 0.941463 
v 0 -0.591842 1.04109 
v -0.117532 -0.591842 1.04109 
v -0.15394 -0.59185 0.941463 
v 0 -0.591799 0.84907 
v -0.142362 -0.591799 0.848432 
v -0.115382 -0.591749 0.755401 
v 0 -0.59175 0.756678 
v -0.0632754 -0.591715 0.691996 
v 0 -0.591715 0.691996 
v 0 -0.591733 0.724337 
v -0.0893286 -0.591732 0.723698 
v 0 -0.591715 0.691996 
v 0 -0.560894 0.707302 
v 0 -0.521562 0.714541 
v 0 -0.560894 0.707302 
v -0.061884 -0.560894 0.707302 
v -0.0623097 -0.521562 0.714541 
v 0 -0.437927 0.717558 
v -0.0632754 -0.437927 0.717558 
v -0.0620685 -0.323795 0.709918 
v 0 -0.323795 0.709918 
v -0.0608049 -0.226704 0.700484 
v 0 -0.226704 0.700484 
v -0.0564435 -0.170101 0.679551 
v 0 -0.170101 0.679551 
v 0 -0.11671 0.6463 
v -0.0614754 -0.11671 0.6463 
v 0 -0.0587731 0.516391 
v 0 -0.0868693 0.610191 
v -0.0567945 -0.0868693 0.610191 
v -0.0563904 -0.0587731 0.516391 
v -0.0961713 0.0425578 0.522466 
v -0.0855081 -0.00637061 0.513971 
v -0.0785304 0.142377 0.529872 
v -0.0936972 0.0914859 0.530961 
v 0 0.193268 0.525844 
v -0.048141 0.193268 0.525844 
v -0.0684513 -0.028643 0.508664 
v -0.0465327 -0.0515947 0.502837 
v 0 -0.0498631 0.509009 
v -0.0465327 -0.0515947 0.502837 
v 0 -0.591835 1.14074 
v -0.0632754 -0.591835 1.14074 
v -0.0632754 -0.591835 1.14074 
v -0.0616959 -0.555293 1.12149 
v -0.0621792 -0.487888 1.09835 
v -0.0616959 -0.555293 1.12149 
v -0.0632754 -0.363622 1.07179 
v -0.0620946 -0.230775 1.03303 
v -0.060858 -0.138295 0.990729 
v -0.0564696 -0.0256423 0.908352 
v -0.0614898 0.0969705 0.803309 
v -0.0567945 0.163324 0.668877 
v -0.0563904 0.21223 0.543409 
v -0.048141 0.193268 0.525844 
v 0.0939861 0.101689 0.652418 
v 0.111697 0.0400532 0.635959 
v 0.115551 0.0916623 0.547077 
v 0.094239 0.151946 0.546712 
v 0.142362 -0.591799 0.848432 
v 0.115382 -0.591749 0.755401 
v 0.112811 -0.560213 0.768113 
v 0.13927 -0.557149 0.855193 
v 0.13927 -0.557149 0.855193 
v 0.112811 -0.560213 0.768113 
v 0.113597 -0.516943 0.771098 
v 0.140215 -0.50834 0.851455 
v 0.142362 -0.411413 0.843592 
v 0.115382 -0.427805 0.770208 
v 0.113147 -0.309865 0.760684 
v 0.13777 -0.290846 0.82588 
v 0.150328 -0.554083 0.942282 
v 0.151432 -0.499737 0.931806 
v 0.115729 -0.493813 1.01508 
v 0.114935 -0.554688 1.03189 
v 0.0893286 -0.432866 0.743883 
v 0.0632754 -0.437927 0.717558 
v 0.0620685 -0.323795 0.709918 
v 0.0876078 -0.31683 0.735301 
v 0.0873477 -0.560554 0.737707 
v 0.061884 -0.560894 0.707302 
v 0.0623097 -0.521562 0.714541 
v 0.0879534 -0.519252 0.742819 
v 0.061884 -0.560894 0.707302 
v 0.0873477 -0.560554 0.737707 
v 0.0893286 -0.591732 0.723698 
v 0.0632754 -0.591715 0.691996 
v 0.126453 -0.0065929 0.726632 
v 0.1041 0.0451886 0.764971 
v 0.0977229 -0.0596641 0.854574 
v 0.121128 -0.0936846 0.800792 
v 0.102855 -0.00785471 0.528847 
v 0.116338 0.0419036 0.537962 
v 0.11611 0.0037886 0.629662 
v 0.10371 -0.032476 0.623364 
v 0.0563904 -0.0587731 0.516391 
v 0.079623 -0.0333149 0.522618 
v 0.0802521 -0.0596731 0.616777 
v 0.0567945 -0.0868693 0.610191 
v 0.112195 -0.0728887 0.677135 
v 0.128065 -0.0397408 0.701884 
v 0.119742 -0.118591 0.761831 
v 0.102955 -0.143498 0.722872 
v 0.146992 -0.271828 0.891077 
v 0.113467 -0.251302 0.962055 
v 0.117532 -0.37932 0.994374 
v 0.15394 -0.395019 0.916974 
v 0.0614754 -0.11671 0.6463 
v 0.0868356 -0.0947988 0.661717 
v 0.0796995 -0.156799 0.701212 
v 0.0564435 -0.170101 0.679551 
v 0.15394 -0.59185 0.941463 
v 0.150328 -0.554083 0.942282 
v 0.114935 -0.554688 1.03189 
v 0.117532 -0.591842 1.04109 
v 0.139712 -0.178876 0.862445 
v 0.109209 -0.158585 0.926586 
v 0.0858051 -0.219544 0.724812 
v 0.0608049 -0.226704 0.700484 
v 0.110806 -0.212386 0.749139 
v 0.132961 -0.195631 0.805792 
v 0.0567945 0.163324 0.668877 
v 0.0563904 0.21223 0.543409 
v 0.0564696 -0.0256423 0.908352 
v 0.0614898 0.0969705 0.803309 
v 0.060858 -0.138295 0.990729 
v 0.0620946 -0.230775 1.03303 
v 0.0632754 -0.363622 1.07179 
v 0.0621792 -0.487888 1.09835 
v 0.0616959 -0.555293 1.12149 
v 0.0616959 -0.555293 1.12149 
v 0.0632754 -0.591835 1.14074 
v 0.117532 -0.591842 1.04109 
v 0.15394 -0.59185 0.941463 
v 0.115382 -0.591749 0.755401 
v 0.142362 -0.591799 0.848432 
v 0.0632754 -0.591715 0.691996 
v 0.0893286 -0.591732 0.723698 
v 0.061884 -0.560894 0.707302 
v 0.0623097 -0.521562 0.714541 
v 0.0632754 -0.437927 0.717558 
v 0.0620685 -0.323795 0.709918 
v 0.0608049 -0.226704 0.700484 
v 0.0564435 -0.170101 0.679551 
v 0.0614754 -0.11671 0.6463 
v 0.0567945 -0.0868693 0.610191 
v 0.0563904 -0.0587731 0.516391 
v 0.0855081 -0.00637061 0.513971 
v 0.0961713 0.0425578 0.522466 
v 0.0936972 0.0914859 0.530961 
v 0.0785304 0.142377 0.529872 
v 0.048141 0.193268 0.525844 
v 0.0684513 -0.028643 0.508664 
v 0.0465327 -0.0515947 0.502837 
v 0.0465327 -0.0515947 0.502837 
v 0.0632754 -0.591835 1.14074 
v 0.0621792 -0.487888 1.09835 
v 0.0616959 -0.555293 1.12149 
v 0.0632754 -0.363622 1.07179 
v 0.0620946 -0.230775 1.03303 
v 0.060858 -0.138295 0.990729 
v 0.0564696 -0.0256423 0.908352 
v 0.0614898 0.0969705 0.803309 
v 0.0567945 0.163324 0.668877 
v 0.0563904 0.21223 0.543409 
v 0.048141 0.193268 0.525844 
v 0.0201024 0.0332761 0.213853 
v 0.0180378 0.00863148 0.205457 
v 0.018126 0.0102334 0.153521 
v 0.0201024 0.0440977 0.132106 
v 0.0161487 -0.015178 0.164643 
v 0.0159723 -0.0183838 0.202824 
v 0.0140697 -0.0605623 0.195634 
v 0.0141579 -0.0638933 0.16625 
v 0.0192906 -0.0523858 0.427171 
v 0.0212085 -0.00127121 0.413107 
v 0.0196191 -0.0616117 0.506081 
v 0.0178596 -0.0834142 0.494327 
v 0.0116856 -0.156324 0.195602 
v 0.0116091 -0.169806 0.181865 
v 0.0121671 -0.112608 0.168182 
v 0.0121671 -0.107734 0.188768 
v 0.0115974 -0.215309 0.280702 
v 0.0112473 -0.232446 0.277825 
v 0.0110493 -0.215864 0.221637 
v 0.0112023 -0.198767 0.228526 
v 0.0139446 -0.152153 0.465026 
v 0.0150255 -0.158376 0.431608 
v 0.0173736 -0.0912888 0.435831 
v 0.0161001 -0.112531 0.482584 
v 0.0123354 -0.221724 0.371072 
v 0.0116181 -0.237874 0.380479 
v 0.0114462 -0.241269 0.329827 
v 0.0119916 -0.224091 0.328692 
v 0 -0.0615991 0.506075 
v 0 -0.0834277 0.494301 
v 0 -0.11257 0.482542 
v 0 -0.152202 0.464945 
v 0 -0.238048 0.380558 
v 0 -0.241546 0.330097 
v 0 -0.23274 0.278389 
v 0 -0.216175 0.222495 
v 0 -0.169961 0.182295 
v 0 -0.112608 0.168182 
v 0 -0.015178 0.164643 
v 0 -0.0638933 0.16625 
v 0 0.0102334 0.153521 
v 0 0.0440977 0.132106 
v 0.0117909 -0.209223 0.429116 
v 0 -0.209294 0.429005 
v 0.0126783 -0.1941 0.411438 
v 0 0.0332761 0.213853 
v 0 0.00863148 0.205457 
v 0 -0.0605623 0.195634 
v 0 -0.107734 0.188768 
v 0 -0.0523858 0.427171 
v 0 -0.00127121 0.413107 
v 0 -0.156324 0.195602 
v 0 -0.198767 0.228526 
v 0 -0.215309 0.280702 
v 0 -0.158376 0.431608 
v 0 -0.0912888 0.435831 
v 0 -0.224091 0.328692 
v 0 -0.221724 0.371072 
v 0 -0.0183838 0.202824 
v 0 -0.1941 0.411438 
v 0.102801 0.151783 0.440634 
v 0.0689922 0.329757 0.491503 
v 0.113438 0.273712 0.50383 
v 0.0892017 0.56634 0.344691 
v 0 0.584597 0.344691 
v 0 0.572053 0.390418 
v 0.0854631 0.553886 0.390451 
v 0.220424 0.33278 0.344689 
v 0.200704 0.412396 0.344689 
v 0.195726 0.407755 0.390758 
v 0.213484 0.329295 0.390766 
v 0.200287 0.250701 0.344696 
v 0.195187 0.251757 0.390763 
v 0.151904 0.17422 0.39076 
v 0.155165 0.168623 0.344703 
v 0 0.222972 0.344699 
v 0.0941535 0.230852 0.344679 
v 0.0593424 0.131948 0.344705 
v 0 0.116187 0.344674 
v 0.109083 0.43512 0.344671 
v 0.128964 0.329755 0.344653 
v 0 0.329757 0.344724 
v 0 0.447134 0.344708 
v 0.0570789 0.0841531 0.346906 
v 0.0570789 0.132029 0.322656 
v 0.0593424 0.131948 0.344705 
v 0.0629055 0.0737896 0.425091 
v 0.0570789 0.132029 0.322656 
v 0 0.117029 0.322242 
v 0 0.116187 0.344674 
v 0.0593424 0.131948 0.344705 
v 0.0570789 0.0927027 0.254601 
v 0.0570789 0.132853 0.249099 
v 0.0570789 0.132853 0.249099 
v 0 0.117492 0.248998 
v 0.0570663 0.103375 -0.0102825 
v 0.0570663 0.141285 -0.0102933 
v 0.0570663 0.141285 -0.0102933 
v 0 0.112078 -0.0102933 
v 0.0570879 0.107792 -0.0843894 
v 0.0570843 0.131547 -0.092358 
v 0.0570789 0.0276628 0.260104 
v 0.0201024 0.0332761 0.213853 
v 0.0201024 0.0440977 0.132106 
v 0.0570672 0.0719572 -0.0102717 
v 0.121224 0.109368 0.50383 
v 0.102801 0.151783 0.440634 
v 0.121051 0.164638 0.50383 
v 0.0874377 0.13414 0.390755 
v 0.120429 0.059323 0.50383 
v 0.193812 0.32581 0.440942 
v 0.178014 0.396616 0.44075 
v 0.155165 0.168623 0.344703 
v 0.200287 0.250701 0.344696 
v 0.135911 0.191633 0.440799 
v 0.177353 0.258721 0.44087 
v 0.0874377 0.13414 0.390755 
v 0.0593424 0.131948 0.344705 
v 0.155961 0.492011 0.344689 
v 0.0892017 0.540486 0.344691 
v 0.0854631 0.532193 0.390451 
v 0.152943 0.486214 0.390751 
v 0.200704 0.412396 0.344689 
v 0.220424 0.33278 0.344689 
v 0.0823194 -0.0573025 0.503824 
v 0.0196191 -0.0616117 0.506081 
v 0.0212085 -0.00127121 0.413107 
v 0.0570789 0.00631129 0.371155 
v 0 0.584594 -0.056007 
v 0 0.5846 -0.0131706 
v 0.0570663 0.566338 -0.0131706 
v 0.0570843 0.566338 -0.0559998 
v 0 -0.0611446 0.513166 
v 0 -0.0615991 0.506075 
v 0 0.0440977 0.132106 
v 0 0.0720382 -0.0102717 
v 0.0570879 0.107792 -0.0843894 
v 0 0.107792 -0.084393 
v 0 0.131547 -0.0923652 
v 0.0570843 0.131547 -0.092358 
v 0 0.0840361 -0.0721152 
v 0.0570915 0.0840361 -0.0721152 
v 0.0570843 0.150041 -0.0949554 
v 0.0570663 0.161942 -0.0102933 
v 0.0570663 0.161942 -0.0102933 
v 0 0.159851 -0.0102933 
v 0 0.142542 -0.0949626 
v 0.0570843 0.150041 -0.0949554 
v 0.0570663 0.540486 -0.0131706 
v 0.0570843 0.540486 -0.0559998 
v 0 0.542835 -0.153814 
v 0 0.562683 -0.153814 
v 0.0570843 0.544427 -0.153808 
v 0.0570843 0.532269 -0.153808 
v 0.0570663 0.540486 -0.0131706 
v 0.0892017 0.540486 0.344691 
v 0 0.562431 0.344661 
v 0 0.560351 -0.0131706 
v 0.0892017 0.540486 0.344691 
v 0.0689922 0.528438 0.439896 
v 0 0.546513 0.44393 
v 0 0.520659 0.44393 
v 0.0689922 0.510907 0.439896 
v 0.0854631 0.532193 0.390451 
v 0.0881838 0.503406 -0.0131706 
v 0 0.498012 -0.0131706 
v 0 0.461279 -0.0131706 
v 0.0980037 0.461319 -0.0131706 
v 0.0882 0.503406 -0.0559998 
v 0.0881838 0.503406 -0.0131706 
v 0.0980037 0.461319 -0.0131706 
v 0.0980199 0.461319 -0.0559998 
v 0 0.461286 -0.153814 
v 0 0.498013 -0.153814 
v 0.0882 0.503406 -0.153808 
v 0.0980199 0.461319 -0.153808 
v 0.0570663 0.386478 -0.0131706 
v 0.0896796 0.418216 -0.0131706 
v 0 0.423689 -0.0131706 
v 0 0.386615 -0.0131706 
v 0.0896958 0.418216 -0.0559998 
v 0.0896796 0.418216 -0.0131706 
v 0.0570663 0.386478 -0.0131706 
v 0.0570843 0.386478 -0.0559998 
v 0 0.423691 -0.153814 
v 0.0896958 0.418216 -0.153808 
v 0.0570843 0.386478 -0.153808 
v 0 0.38661 -0.153814 
v 0.0570663 0.540486 -0.0131706 
v 0 0.560351 -0.0131706 
v 0 0.528853 -0.0131706 
v 0.0570663 0.528873 -0.0131706 
v 0.0570663 0.528873 -0.0131706 
v 0.0570843 0.528873 -0.0559998 
v 0 0.528848 -0.153814 
v 0.0570843 0.528873 -0.153808 
v 0.0570843 0.266743 -0.153808 
v 0 0.259244 -0.153814 
v 0.0570843 0.540486 -0.0804519 
v 0.0570843 0.566338 -0.0804519 
v 0 0.584594 -0.0804582 
v 0.0980199 0.461319 -0.0804519 
v 0.0882 0.503406 -0.0804519 
v 0.0570843 0.386478 -0.0804519 
v 0.0896958 0.418216 -0.0804519 
v 0.0570843 0.528873 -0.0804519 
v 0 0.18284 -0.0988542 
v 0.0570843 0.190339 -0.0988479 
v 0.0570843 0.190339 -0.0988479 
v 0.0570843 0.563903 -0.104903 
v 0.0570843 0.558122 -0.129356 
v 0 0.576376 -0.129363 
v 0 0.582159 -0.10491 
v 0.0570843 0.540486 -0.104903 
v 0.0570843 0.537745 -0.129356 
v 0.0570843 0.528873 -0.104903 
v 0.0570843 0.528873 -0.129356 
v 0.0882 0.503406 -0.129356 
v 0.0882 0.503406 -0.104903 
v 0.0980199 0.461319 -0.129356 
v 0.0980199 0.461319 -0.104903 
v 0.0896958 0.418216 -0.129356 
v 0.0896958 0.418216 -0.104903 
v 0.0570843 0.386478 -0.129356 
v 0.0570843 0.386478 -0.104903 
v 0.0570843 0.246014 -0.129356 
v 0.0570843 0.219174 -0.105986 
v 0 0.238516 -0.129363 
v 0.0570843 0.246014 -0.129356 
v 0.0570843 0.219174 -0.105986 
v 0 0.211675 -0.105992 
v 0.0570915 0.0840361 -0.0721152 
v 0.0570672 0.0719572 -0.0102717 
v 0.0570789 0.0276628 0.260104 
v 0.0570789 0.00631129 0.371155 
v 0.0823194 -0.0573025 0.503824 
v 0.0896958 0.418216 -0.153808 
v 0.0980199 0.461319 -0.153808 
v 0.0570843 0.386478 -0.153808 
v 0.0570843 0.266743 -0.153808 
v 0 0.259244 -0.153814 
v 0.0570843 0.266743 -0.153808 
v 0.0570843 0.544427 -0.153808 
v 0 0.562683 -0.153814 
v 0.0570843 0.532269 -0.153808 
v 0.0570843 0.528873 -0.153808 
v 0.0882 0.503406 -0.153808 
v 0.0689922 0.510907 0.439896 
v 0.137192 0.46742 0.440558 
v 0.0689922 0.510907 0.439896 
v 0.155961 0.492011 0.344689 
v 0.0892017 0.540486 0.344691 
v 0 0.562431 0.344661 
v 0.0210555 0.00550219 0.372128 
v 0 -0.00127121 0.413107 
v 0 0.00547969 0.372151 
v 0.02061 0.0273235 0.261514 
v 0 0.0273892 0.261125 
v 0 0.0332761 0.213853 
v 0.121154 0.16415 0.544711 
v 0.120577 0.103724 0.54111 
v 0.123496 0.221374 0.537166 
v 0.113438 0.273712 0.50383 
v 0.11997 0.0400162 0.537948 
v 0.0689922 0.510907 0.439896 
v 0 0.520659 0.44393 
v 0.0013626 0.329757 0.491503 
v 0.0689922 0.329757 0.491503 
v 0.113438 0.273712 0.50383 
v 0 0.284658 0.50383 
v 0 0.230701 0.549157 
v 0.123496 0.221374 0.537166 
v 0.113438 0.273712 0.50383 
v 0 0.16415 0.550534 
v 0.121154 0.16415 0.544711 
v 0 0.103724 0.548998 
v 0.120577 0.103724 0.54111 
v 0 0.0400162 0.545837 
v 0.11997 0.0400162 0.537948 
v 0 0.284658 0.50383 
v -0.0201024 0.0332761 0.213853 
v -0.0201024 0.0440977 0.132106 
v -0.018126 0.0102334 0.153521 
v -0.0180378 0.00863148 0.205457 
v -0.0161487 -0.015178 0.164643 
v -0.0141579 -0.0638933 0.16625 
v -0.0140697 -0.0605623 0.195634 
v -0.0159723 -0.0183838 0.202824 
v -0.0196191 -0.0616117 0.506081 
v -0.0212085 -0.00127121 0.413107 
v -0.0192906 -0.0523858 0.427171 
v -0.0178596 -0.0834142 0.494327 
v -0.0121671 -0.112608 0.168182 
v -0.0116091 -0.169806 0.181865 
v -0.0116856 -0.156324 0.195602 
v -0.0121671 -0.107734 0.188768 
v -0.0110493 -0.215864 0.221637 
v -0.0112473 -0.232446 0.277825 
v -0.0115974 -0.215309 0.280702 
v -0.0112023 -0.198767 0.228526 
v -0.0139446 -0.152153 0.465026 
v -0.0161001 -0.112531 0.482584 
v -0.0173736 -0.0912888 0.435831 
v -0.0150255 -0.158376 0.431608 
v -0.0114462 -0.241269 0.329827 
v -0.0116181 -0.237874 0.380479 
v -0.0123354 -0.221724 0.371072 
v -0.0119916 -0.224091 0.328692 
v -0.0117909 -0.209223 0.429116 
v -0.0126783 -0.1941 0.411438 
v -0.102801 0.151783 0.440634 
v -0.113438 0.273712 0.50383 
v -0.0689922 0.329757 0.491503 
v -0.0892017 0.56634 0.344691 
v -0.0854631 0.553886 0.390451 
v -0.220424 0.33278 0.344689 
v -0.213484 0.329295 0.390766 
v -0.195726 0.407755 0.390758 
v -0.200704 0.412396 0.344689 
v -0.200287 0.250701 0.344696 
v -0.155165 0.168623 0.344703 
v -0.151904 0.17422 0.39076 
v -0.195187 0.251757 0.390763 
v -0.0593424 0.131948 0.344705 
v -0.0941535 0.230852 0.344679 
v -0.109083 0.43512 0.344671 
v -0.128964 0.329755 0.344653 
v -0.0570789 0.0841531 0.346906 
v -0.0629055 0.0737896 0.425091 
v -0.0593424 0.131948 0.344705 
v -0.0570789 0.132029 0.322656 
v -0.0570789 0.132029 0.322656 
v -0.0593424 0.131948 0.344705 
v -0.0570789 0.132853 0.249099 
v -0.0570789 0.0927027 0.254601 
v -0.0570789 0.132853 0.249099 
v -0.0570663 0.103375 -0.0102825 
v -0.0570663 0.141285 -0.0102933 
v -0.0570663 0.141285 -0.0102933 
v -0.0570843 0.131547 -0.092358 
v -0.0570879 0.107792 -0.0843894 
v -0.0570789 0.0276628 0.260104 
v -0.0570672 0.0719572 -0.0102717 
v -0.0201024 0.0440977 0.132106 
v -0.0201024 0.0332761 0.213853 
v -0.121224 0.109368 0.50383 
v -0.121051 0.164638 0.50383 
v -0.102801 0.151783 0.440634 
v -0.120429 0.059323 0.50383 
v -0.0874377 0.13414 0.390755 
v -0.193812 0.32581 0.440942 
v -0.178014 0.396616 0.44075 
v -0.155165 0.168623 0.344703 
v -0.200287 0.250701 0.344696 
v -0.135911 0.191633 0.440799 
v -0.177353 0.258721 0.44087 
v -0.0874377 0.13414 0.390755 
v -0.0593424 0.131948 0.344705 
v -0.155961 0.492011 0.344689 
v -0.152943 0.486214 0.390751 
v -0.0854631 0.532193 0.390451 
v -0.0892017 0.540486 0.344691 
v -0.220424 0.33278 0.344689 
v -0.200704 0.412396 0.344689 
v -0.0212085 -0.00127121 0.413107 
v -0.0196191 -0.0616117 0.506081 
v -0.0823194 -0.0573025 0.503824 
v -0.0570789 0.00631129 0.371155 
v -0.0570663 0.566338 -0.0131706 
v -0.0570843 0.566338 -0.0559998 
v -0.0570879 0.107792 -0.0843894 
v -0.0570843 0.131547 -0.092358 
v -0.0570915 0.0840361 -0.0721152 
v -0.0570663 0.161942 -0.0102933 
v -0.0570843 0.150041 -0.0949554 
v -0.0570663 0.161942 -0.0102933 
v -0.0570843 0.150041 -0.0949554 
v -0.0570663 0.540486 -0.0131706 
v -0.0570843 0.540486 -0.0559998 
v -0.0570843 0.532269 -0.153808 
v -0.0570843 0.544427 -0.153808 
v -0.0570663 0.540486 -0.0131706 
v -0.0892017 0.540486 0.344691 
v -0.0892017 0.540486 0.344691 
v -0.0689922 0.528438 0.439896 
v -0.0689922 0.510907 0.439896 
v -0.0854631 0.532193 0.390451 
v -0.0881838 0.503406 -0.0131706 
v -0.0980037 0.461319 -0.0131706 
v -0.0980037 0.461319 -0.0131706 
v -0.0881838 0.503406 -0.0131706 
v -0.0882 0.503406 -0.0559998 
v -0.0980199 0.461319 -0.0559998 
v -0.0980199 0.461319 -0.153808 
v -0.0882 0.503406 -0.153808 
v -0.0570663 0.386478 -0.0131706 
v -0.0896796 0.418216 -0.0131706 
v -0.0570663 0.386478 -0.0131706 
v -0.0896796 0.418216 -0.0131706 
v -0.0896958 0.418216 -0.0559998 
v -0.0570843 0.386478 -0.0559998 
v -0.0570843 0.386478 -0.153808 
v -0.0896958 0.418216 -0.153808 
v -0.0570663 0.540486 -0.0131706 
v -0.0570663 0.528873 -0.0131706 
v -0.0570663 0.528873 -0.0131706 
v -0.0570843 0.528873 -0.0559998 
v -0.0570843 0.528873 -0.153808 
v -0.0570843 0.266743 -0.153808 
v -0.0570843 0.566338 -0.0804519 
v -0.0570843 0.540486 -0.0804519 
v -0.0882 0.503406 -0.0804519 
v -0.0980199 0.461319 -0.0804519 
v -0.0896958 0.418216 -0.0804519 
v -0.0570843 0.386478 -0.0804519 
v -0.0570843 0.528873 -0.0804519 
v -0.0570843 0.190339 -0.0988479 
v -0.0570843 0.190339 -0.0988479 
v -0.0570843 0.563903 -0.104903 
v -0.0570843 0.558122 -0.129356 
v -0.0570843 0.540486 -0.104903 
v -0.0570843 0.537745 -0.129356 
v -0.0570843 0.528873 -0.104903 
v -0.0570843 0.528873 -0.129356 
v -0.0882 0.503406 -0.129356 
v -0.0882 0.503406 -0.104903 
v -0.0980199 0.461319 -0.129356 
v -0.0980199 0.461319 -0.104903 
v -0.0896958 0.418216 -0.129356 
v -0.0896958 0.418216 -0.104903 
v -0.0570843 0.386478 -0.129356 
v -0.0570843 0.386478 -0.104903 
v -0.0570843 0.246014 -0.129356 
v -0.0570843 0.219174 -0.105986 
v -0.0570843 0.219174 -0.105986 
v -0.0570843 0.246014 -0.129356 
v -0.0570915 0.0840361 -0.0721152 
v -0.0570672 0.0719572 -0.0102717 
v -0.0570789 0.0276628 0.260104 
v -0.0570789 0.00631129 0.371155 
v -0.0823194 -0.0573025 0.503824 
v -0.0980199 0.461319 -0.153808 
v -0.0896958 0.418216 -0.153808 
v -0.0570843 0.386478 -0.153808 
v -0.0570843 0.266743 -0.153808 
v -0.0570843 0.266743 -0.153808 
v -0.0570843 0.544427 -0.153808 
v -0.0570843 0.532269 -0.153808 
v -0.0570843 0.528873 -0.153808 
v -0.0882 0.503406 -0.153808 
v -0.137192 0.46742 0.440558 
v -0.0689922 0.510907 0.439896 
v -0.0689922 0.510907 0.439896 
v -0.155961 0.492011 0.344689 
v -0.0892017 0.540486 0.344691 
v -0.0210555 0.00550219 0.372128 
v -0.02061 0.0273235 0.261514 
v -0.120577 0.103724 0.54111 
v -0.121154 0.16415 0.544711 
v -0.123496 0.221374 0.537166 
v -0.113438 0.273712 0.50383 
v -0.11997 0.0400162 0.537948 
v -0.0689922 0.510907 0.439896 
v -0.0013626 0.329757 0.491503 
v -0.0689922 0.329757 0.491503 
v -0.113438 0.273712 0.50383 
v -0.123496 0.221374 0.537166 
v -0.113438 0.273712 0.50383 
v -0.121154 0.16415 0.544711 
v -0.120577 0.103724 0.54111 
v -0.11997 0.0400162 0.537948 

vn 0 0.707107 0.707107 
vn 0 0.707107 0.707107 
vn 0 0.707107 0.707107 
vn 0 0.707107 0.707107 
vn 0 0.258818 0.965926 
vn 0 0.258819 0.965926 
vn 0 -0.5 0.866026 
vn 0 -0.5 0.866026 
vn 0 -0.771646 0.636052 
vn 0 -0.771646 0.636052 
vn 0 -0.829076 0.559136 
vn 0 -0.829076 0.559136 
vn 0 0.829076 0.559135 
vn 0 0.829076 0.559135 
vn 0 0.707107 0.707107 
vn 0 0.707107 0.707107 
vn -1 0 0 
vn 0 0.258818 0.965926 
vn 0 -0.5 0.866026 
vn 0 -0.771646 0.636052 
vn 0 -0.829076 0.559136 
vn 0 0.829076 0.559135 
vn 0 0.707107 0.707107 
vn 0 0.707107 0.707107 
vn 1 0 0 
vn 0 0.258819 0.965926 
vn 0 -0.5 0.866026 
vn 0 -0.771646 0.636052 
vn 0 -0.829076 0.559136 
vn 0 0.829076 0.559135 
vn 0 0 -1 
vn 0 0 -1 
vn 0 0 -1 
vn 0.544484 -0.838771 -0.000706233 
vn 0.544484 -0.838771 -0.000706233 
vn 0.544484 -0.838771 -0.000706233 
vn 0.544394 -0.838829 -0.000696012 
vn 0.544359 -0.838852 0 
vn 0.54436 -0.838852 0 
vn 0.544359 -0.838852 0 
vn 0.54436 -0.838852 0 
vn 0.544323 -0.838875 0.000827399 
vn 0.544323 -0.838875 0.000827399 
vn 0.544323 -0.838875 0.000827399 
vn 0.544723 -0.838616 0.000836419 
vn -0.777858 -0.628439 -0.00103551 
vn -0.777858 -0.628439 -0.00103551 
vn -0.777858 -0.628439 -0.00103551 
vn -0.777016 -0.629481 -0.000668525 
vn -0.776997 -0.629505 0.000144165 
vn -0.776997 -0.629505 0.000144165 
vn -0.776997 -0.629505 0.000144165 
vn -0.777764 -0.628556 9.07645e-005 
vn -0.777016 -0.629481 0 
vn -0.777016 -0.629481 0 
vn -0.158804 -0.98731 -0.000672959 
vn -0.996423 -0.084412 0.00400034 
vn -0.996423 -0.084412 0.00400034 
vn -0.996423 -0.084412 0.00400034 
vn 0 0 -1 
vn -0.992607 -0.12136 0.00171991 
vn -0.992607 -0.12136 0.00171991 
vn -0.992676 -0.120808 -0.000431063 
vn -0.992676 -0.120808 -0.000431063 
vn -0.996423 -0.084412 0.00400034 
vn 0.544484 -0.838771 -0.000706233 
vn 0 0 -1 
vn 0.544394 -0.838829 -0.000696012 
vn -0.993302 -0.115547 -0.000102427 
vn -0.993302 -0.115547 -0.000102427 
vn -0.777064 -0.629422 1.63994e-005 
vn -0.158467 -0.987364 0.000748738 
vn 0.544356 -0.838854 0.000209315 
vn 0.544359 -0.838852 -0.000706546 
vn 0 0 -1 
vn -0.778624 -0.62749 -0.000676513 
vn -0.99462 -0.103585 0.000893795 
vn 0 0 -1 
vn 0.544383 -0.838836 -0.000704352 
vn 0.544383 -0.838836 -0.000704352 
vn 0.544454 -0.838791 0 
vn 0.544454 -0.838791 0 
vn 0.544582 -0.838707 0.00082641 
vn 0.544582 -0.838707 0.000826411 
vn 0.890706 0.454579 -0.00102924 
vn 0.890706 0.454579 -0.00102924 
vn 0.890706 0.454579 -0.00102924 
vn 0.891314 0.453385 -0.000662476 
vn 0.891327 0.45336 0.000142646 
vn 0.891327 0.45336 0.000142646 
vn 0.891327 0.45336 0.000142646 
vn 0.890803 0.454391 9.20455e-005 
vn 0.891315 0.453385 0 
vn 0.891315 0.453385 0 
vn 0.966423 -0.256957 -0.00066748 
vn 0.482722 0.875765 0.0039884 
vn 0.482722 0.875765 0.0039884 
vn 0.482722 0.875765 0.0039884 
vn 0 0 -1 
vn 0.515084 0.857138 0.00174725 
vn 0.515084 0.857138 0.00174725 
vn 0.514532 0.857471 -0.00043158 
vn 0.514532 0.857471 -0.00043158 
vn 0.482722 0.875765 0.0039884 
vn 0 0 -1 
vn 0.544383 -0.838836 -0.000704352 
vn 0.510084 0.860125 -0.000111127 
vn 0.510084 0.860125 -0.000111127 
vn 0.891303 0.453409 1.45372e-005 
vn 0.966339 -0.257272 0.000749523 
vn 0 0 -1 
vn 0.890144 0.45568 -0.000676942 
vn 0.499626 0.866241 0.000897024 
vn -0.584632 0.811297 0.00123617 
vn -0.584632 0.811297 0.00123617 
vn -0.584632 0.811297 0.00123617 
vn -0.593193 0.80506 0 
vn -0.627126 -0.778917 -0.000781075 
vn -0.627126 -0.778917 -0.000781075 
vn -0.627126 -0.778917 -0.000781075 
vn -0.622463 -0.782628 -0.00573133 
vn -0.580712 0.814109 -0.000829466 
vn -0.580712 0.814109 -0.000829466 
vn -0.580712 0.814109 -0.000829466 
vn -0.586601 0.809866 0.00393122 
vn -0.951056 0.309018 -0.000777405 
vn -0.951056 0.309018 -0.000777405 
vn -0.951056 0.309018 -0.000777405 
vn -0.951059 0.30901 -0.000770424 
vn -0.951059 0.30901 0 
vn -0.951059 0.30901 0 
vn -0.951057 -0.309014 -0.000838433 
vn -0.951057 -0.309014 -0.000838433 
vn -0.951057 -0.309014 -0.000838433 
vn -0.951061 -0.309001 -0.000830027 
vn -0.951061 -0.309004 2.58536e-007 
vn -0.627127 -0.778917 0.000173555 
vn -0.951059 0.30901 0 
vn -0.951059 0.30901 0 
vn -0.951061 -0.309004 0 
vn -0.951061 -0.309004 0 
vn 0 1 -3.70955e-005 
vn 0 1 -3.70955e-005 
vn -0.951058 0.309009 0.00139506 
vn -0.951059 0.309007 0.00139394 
vn -0.586602 0.809874 0.00139583 
vn -0.95106 -0.309003 0.00139394 
vn 0 -1 0 
vn 0 -1 0 
vn 0 -1 0 
vn 0 -1 0 
vn 0 1 8.20006e-005 
vn -0.627103 -0.778936 1.90487e-005 
vn -0.573821 0.818975 -0.00313914 
vn -0.573821 0.818975 -0.00313914 
vn -0.976293 0.216365 0.00612034 
vn -0.976293 0.216365 0.00612034 
vn -0.573821 0.818975 -0.00313914 
vn -0.981498 0.189873 -0.0246853 
vn -0.00367633 0.991161 -0.132615 
vn -0.00384087 0.991165 -0.132576 
vn -0.981798 0.189927 -0.00117452 
vn -0.573821 0.818975 -0.00313914 
vn 0.000445772 0.999999 0.0012075 
vn 0 0 -1 
vn -0.586601 0.809866 0.00393122 
vn 0 0 -1 
vn -0.951061 -0.309001 -0.000830027 
vn -0.951057 -0.309014 -0.000838433 
vn -0.580712 0.814109 -0.000829466 
vn 0.000106869 0.615467 -0.788162 
vn -0.580712 0.814109 -0.000829466 
vn 0.000106869 0.615467 -0.788162 
vn -0.00254383 0.614911 -0.788592 
vn -0.574956 0.818184 -0.000476097 
vn -0.574956 0.818184 -0.000476097 
vn -0.951059 0.30901 0 
vn -0.951061 -0.309004 0 
vn -0.627046 -0.778982 -1.04578e-005 
vn 0 0 -1 
vn 0 0 -1 
vn 0.000106869 0.615467 -0.788162 
vn 0 0 -1 
vn -0.617939 -0.786225 -0.000841023 
vn 0 0 -1 
vn -0.976293 0.216365 0.00612034 
vn -0.0016803 0.999999 5.58435e-005 
vn -0.00173405 0.999999 0 
vn -0.573821 0.818975 -0.00313914 
vn -0.00173405 0.999999 0 
vn -0.580712 0.814109 -0.000829466 
vn 0.584632 0.811297 0.00123617 
vn 0.584632 0.811297 0.00123617 
vn 0.584632 0.811297 0.00123617 
vn 0.593193 0.80506 0 
vn 0.622463 -0.782628 -0.00573133 
vn 0.622463 -0.782628 -0.00573133 
vn 0.622463 -0.782628 -0.00573133 
vn 0.627126 -0.778917 -0.000781075 
vn 0.580712 0.814109 -0.000829466 
vn 0.580712 0.814109 -0.000829466 
vn 0.580712 0.814109 -0.000829466 
vn 0.586601 0.809866 0.00393122 
vn 0.951056 0.309018 -0.000777405 
vn 0.951056 0.309018 -0.000777405 
vn 0.951056 0.309018 -0.000777405 
vn 0.951059 0.30901 -0.000770424 
vn 0.951059 0.30901 0 
vn 0.951059 0.30901 0 
vn 0.951057 -0.309014 -0.000838433 
vn 0.951057 -0.309014 -0.000838433 
vn 0.951057 -0.309014 -0.000838433 
vn 0.951061 -0.309001 -0.000830027 
vn 0.951061 -0.309004 2.58536e-007 
vn 0.627127 -0.778917 0.000173555 
vn 0.951059 0.30901 0 
vn 0.951059 0.30901 0 
vn 0.951061 -0.309004 0 
vn 0.951061 -0.309004 0 
vn 0.951058 0.309009 0.00139506 
vn 0.951059 0.309007 0.00139394 
vn 0.586602 0.809874 0.00139583 
vn 0.95106 -0.309004 0.00139394 
vn 0.623579 -0.781759 0.00141529 
vn 0.626133 -0.779711 0.00289858 
vn 0.627103 -0.778936 1.90487e-005 
vn 0.573821 0.818975 -0.00313914 
vn 0.573821 0.818975 -0.00313914 
vn 0.573821 0.818975 -0.00313914 
vn 0.976293 0.216365 0.00612034 
vn 0.976293 0.216365 0.00612034 
vn 0.981498 0.189873 -0.0246853 
vn 0.981798 0.189927 -0.00117452 
vn 0.573821 0.818975 -0.00313914 
vn 0.586601 0.809866 0.00393122 
vn 0.951057 -0.309014 -0.000838433 
vn 0.951061 -0.309001 -0.000830027 
vn 0.580712 0.814109 -0.000829466 
vn -0.000106869 0.615467 -0.788162 
vn 0.580712 0.814109 -0.000829466 
vn 0.574956 0.818184 -0.000476097 
vn 0.574956 0.818184 -0.000476097 
vn 0.951059 0.30901 0 
vn 0.951061 -0.309004 0 
vn 0.627046 -0.778982 -1.04578e-005 
vn 0 0 -1 
vn 0.612767 -0.790245 -0.00536002 
vn 0 0 -1 
vn 0.976293 0.216365 0.00612034 
vn 0.573821 0.818975 -0.00313914 
vn 0.580712 0.814109 -0.000829466 
vn 0 -1 -3.31016e-005 
vn 0 -1 3.69973e-005 
vn 0 -1 7.14492e-006 
vn 0 -1 -0.000251839 
vn 0 -0.999991 0.00428624 
vn 0 -0.999991 0.00426915 
vn 0 0 -1 
vn 0 -0.999991 0.00426915 
vn 0 0 -1 
vn 0 -0.999991 0.00428624 
vn 0 -1 -0.000251839 
vn 0 -1 7.14492e-006 
vn 0 -1 3.69973e-005 
vn 0 -1 -3.31016e-005 
vn 0 -1 0 
vn 0 -1 0 
vn -0.995697 -0.0362207 0.0853003 
vn -0.809719 0.501174 -0.305253 
vn -0.784849 0.616586 -0.0619193 
vn -0.997671 -0.0455415 0.0507742 
vn -0.725405 0.616284 -0.306563 
vn -0.986295 -0.0474543 0.158023 
vn -0.985004 -0.0618054 0.16108 
vn -0.662996 0.748186 0.0255696 
vn -0.539362 0.387967 0.747376 
vn -0.946972 -0.192127 0.257549 
vn -0.742631 0.635647 0.210838 
vn -0.529738 0.762995 0.370428 
vn -0.998018 -0.0254351 0.057558 
vn -0.998291 -0.0370888 0.045165 
vn -0.988744 -0.0237417 0.14772 
vn -0.73017 0.524572 -0.437808 
vn 0 -0.927057 0.37492 
vn 0 -0.843273 0.537486 
vn 0 -0.651196 0.75891 
vn 0 -0.48803 0.872827 
vn 0 -0.493168 0.869934 
vn 0 -0.709653 0.704551 
vn 0 -0.861183 0.508295 
vn 0 -0.625779 0.78 
vn 0 0.500939 0.865483 
vn 0 -0.625779 0.78 
vn 0 0.994921 -0.100658 
vn 0 0.500939 0.865483 
vn 0 0.841392 -0.540425 
vn 0 0.711265 -0.702924 
vn 0 0.824306 -0.566144 
vn 0 0.993465 -0.114134 
vn 0 0.96549 0.26044 
vn 0 0.916616 0.399768 
vn 0.661976 -0.360912 0.65691 
vn 0.65876 -0.490679 0.570323 
vn 0.784849 0.616586 -0.0619193 
vn 0.809719 0.501174 -0.305253 
vn 0.691153 -0.577761 0.434165 
vn 0.69424 -0.461457 0.552348 
vn 0.725406 0.616284 -0.306562 
vn 0.662996 0.748186 0.0255696 
vn 0.539362 0.387967 0.747376 
vn 0.485362 -0.54455 0.684024 
vn 0.667617 -0.679046 0.305261 
vn 0.529738 0.762995 0.370428 
vn 0.742631 0.635647 0.210838 
vn 0.64507 -0.639072 0.418894 
vn 0.672797 -0.329545 0.662378 
vn 0.73017 0.524572 -0.437808 
vn 0 -0.370716 -0.928746 
vn 0 -0.370716 -0.928746 
vn 0 -0.370716 -0.928746 
vn 0 -0.370716 -0.928746 
vn 0.744873 -0.0947676 0.660442 
vn -0.744871 -0.0947678 0.660444 
vn -0.674789 -0.244692 0.696265 
vn 0.674789 -0.244692 0.696265 
vn -0.6762 0.0667613 -0.733687 
vn -0.782173 0.117386 -0.611904 
vn -0.674789 -0.244692 0.696265 
vn -0.744871 -0.0947678 0.660444 
vn 0.674789 -0.244692 0.696265 
vn 0.782173 0.117388 -0.611903 
vn 0.676221 0.0667624 -0.733667 
vn 0.744873 -0.0947676 0.660442 
vn 0 -0.654304 0.756231 
vn 0 -0.654306 0.75623 
vn 0 -0.370716 -0.928746 
vn 0 -0.654306 0.75623 
vn -0.98737 -0.158126 -0.00980306 
vn 0 -0.370716 -0.928746 
vn 0.98737 -0.158126 -0.00980306 
vn 0 -0.654304 0.756231 
vn 0 -0.370716 -0.928746 
vn 0 -0.370716 -0.928746 
vn -0.999846 -0.0169325 -0.00452193 
vn -0.999844 -0.0167292 -0.00573639 
vn 0 0.0899227 0.995949 
vn -0.999846 -0.0169325 -0.00452193 
vn 0 0.0899227 0.995949 
vn 0.999844 -0.0167292 -0.00573659 
vn -0.831469 0.555571 0 
vn -0.831469 0.555571 0 
vn -0.831469 0.555571 0 
vn -0.831469 0.555571 0 
vn -0.555572 0.831469 0 
vn -0.55557 0.83147 0 
vn 0 0.746203 0.665718 
vn 0 0.871936 0.48962 
vn -0.195082 -0.980787 0 
vn -0.170884 -0.859116 0.482409 
vn 0 -0.871937 0.489618 
vn -0.195082 -0.980787 0 
vn -0.55557 -0.83147 0 
vn -0.55557 -0.83147 0 
vn -0.83147 -0.55557 0 
vn -0.83147 -0.55557 0 
vn -0.980785 -0.195094 0 
vn -0.980785 -0.195094 0 
vn -0.831469 0.555571 0 
vn -0.831469 0.555571 0 
vn 0 0 1 
vn -0.555572 0.831469 0 
vn 0 0.746203 0.665718 
vn -0.195082 -0.980787 0 
vn -0.195082 -0.980787 0 
vn -0.55557 -0.83147 0 
vn -0.83147 -0.55557 0 
vn -0.980785 -0.195094 0 
vn -0.339037 0.140435 -0.930232 
vn -0.259494 0.259497 -0.930228 
vn 0 -4.11567e-008 -1 
vn -0.140437 0.339049 -0.930227 
vn 0 0.36699 -0.930225 
vn 0 -0.366975 -0.930231 
vn -0.140434 -0.339036 -0.930233 
vn -0.259487 -0.25949 -0.930232 
vn -0.339037 -0.140436 -0.930232 
vn -0.366975 -1.15096e-006 -0.930231 
vn -0.643881 0.643884 -0.413316 
vn -0.259494 0.259497 -0.930228 
vn -0.339037 0.140435 -0.930232 
vn -0.84127 0.348466 -0.413323 
vn -0.366975 -1.15096e-006 -0.930231 
vn -0.910585 -1.4452e-006 -0.413321 
vn -0.339037 -0.140436 -0.930232 
vn -0.841269 -0.348467 -0.413324 
vn -0.259487 -0.25949 -0.930232 
vn -0.643877 -0.643883 -0.413324 
vn -0.140434 -0.339036 -0.930233 
vn -0.348463 -0.841271 -0.413324 
vn 0 -0.366975 -0.930231 
vn 0 -0.910585 -0.413321 
vn 0 0.91059 -0.41331 
vn 0 0.36699 -0.930225 
vn -0.140437 0.339049 -0.930227 
vn -0.348465 0.841275 -0.413313 
vn -0.479391 0.320323 0.817054 
vn -0.479391 0.320323 0.817054 
vn -0.565477 0.112479 0.817058 
vn -0.56549 -0.112483 0.817049 
vn -0.479395 -0.320325 0.817051 
vn -0.320326 -0.479408 0.817043 
vn 0 -0.897038 0.441953 
vn 0 0.897038 0.441954 
vn -0.330384 0.899957 0.284472 
vn 0.831469 0.555571 0 
vn 0.831469 0.555571 0 
vn 0.831469 0.555571 0 
vn 0.831469 0.555571 0 
vn 0.55557 0.83147 0 
vn 0.555572 0.831469 0 
vn 0.170884 -0.859116 0.482409 
vn 0.195082 -0.980787 0 
vn 0.55557 -0.83147 0 
vn 0.55557 -0.83147 0 
vn 0.83147 -0.55557 0 
vn 0.83147 -0.55557 0 
vn 0.980785 -0.195094 0 
vn 0.980785 -0.195094 0 
vn 0.831469 0.555571 0 
vn 0.831469 0.555571 0 
vn 0.555572 0.831469 0 
vn 0.195082 -0.980787 0 
vn 0.55557 -0.83147 0 
vn 0.83147 -0.55557 0 
vn 0.980785 -0.195094 0 
vn 0 0 -1 
vn 0.259494 0.259497 -0.930228 
vn 0.140437 0.339049 -0.930227 
vn 0.140434 -0.339036 -0.930233 
vn 0.259487 -0.25949 -0.930232 
vn 0.339037 -0.140436 -0.930232 
vn 0 0 -1 
vn 0 0 -1 
vn 0.259494 0.259497 -0.930228 
vn 0.643881 0.643884 -0.413316 
vn 0.525763 0.351308 -0.774698 
vn 0 0 -1 
vn 0.620186 0.123361 -0.774695 
vn 0.339037 -0.140436 -0.930232 
vn 0.841269 -0.348467 -0.413324 
vn 0.259487 -0.25949 -0.930232 
vn 0.643877 -0.643883 -0.413324 
vn 0.140434 -0.339036 -0.930233 
vn 0.348463 -0.841271 -0.413324 
vn 0.140437 0.339049 -0.930227 
vn 0.348465 0.841275 -0.413313 
vn 0.479391 0.320323 0.817054 
vn 0.479391 0.320323 0.817054 
vn 0.565477 0.112479 0.817058 
vn 0.565492 -0.112483 0.817047 
vn 0.479395 -0.320325 0.817051 
vn 0.320326 -0.479408 0.817043 
vn 0.330384 0.899957 0.284472 
vn -0.930507 0.329922 0.159085 
vn -0.930507 0.329922 0.159085 
vn -0.930507 0.329922 0.159085 
vn -0.957772 0.228671 0.174304 
vn -0.945794 0.141432 -0.292354 
vn -0.945794 0.141432 -0.292354 
vn -0.945794 0.141432 -0.292354 
vn -0.943482 0.187159 -0.27352 
vn -0.945794 0.141432 -0.292354 
vn -0.949769 -0.0421413 -0.310103 
vn -0.949769 -0.0421413 -0.310103 
vn -0.945794 0.141432 -0.292354 
vn -0.936887 -0.0156304 -0.349282 
vn -0.936887 -0.0156304 -0.349282 
vn -0.936887 -0.0156304 -0.349282 
vn -0.939244 -0.00990944 -0.343106 
vn -0.919076 0.0564414 0.390017 
vn -0.919076 0.0564414 0.390017 
vn -0.919076 0.0564414 0.390017 
vn -0.926178 0.0890125 0.36643 
vn -0.709989 -0.0414666 -0.702991 
vn -0.709989 -0.0414666 -0.702991 
vn -0.709989 -0.0414666 -0.702991 
vn -0.713982 -0.0392457 -0.699063 
vn -0.735873 0.0725345 -0.673223 
vn -0.735873 0.0725345 -0.673223 
vn -0.735873 0.0725345 -0.673223 
vn -0.761461 0.109344 -0.638922 
vn -0.724508 0.32028 -0.610336 
vn -0.735873 0.0725345 -0.673223 
vn -0.761461 0.109344 -0.638922 
vn -0.729265 0.33047 -0.599134 
vn -0.937997 0.190458 0.289633 
vn -0.937997 0.190458 0.289633 
vn -0.937997 0.190458 0.289633 
vn -0.938526 0.188745 0.289041 
vn -0.96489 -0.24338 -0.0987563 
vn -0.96489 -0.24338 -0.0987563 
vn -0.96489 -0.24338 -0.0987563 
vn -0.947091 -0.308407 -0.088906 
vn -0.765807 -0.615115 -0.187547 
vn -0.765807 -0.615115 -0.187547 
vn -0.765807 -0.615115 -0.187547 
vn -0.74805 -0.63776 -0.183529 
vn -0.933447 -0.274282 -0.231186 
vn -0.933447 -0.274282 -0.231186 
vn -0.933447 -0.274282 -0.231186 
vn -0.934803 -0.271021 -0.229547 
vn -0.910565 0.128132 0.393005 
vn -0.910565 0.128132 0.393005 
vn -0.910565 0.128132 0.393005 
vn -0.906864 0.135086 0.399186 
vn -0.736326 -0.406344 -0.541026 
vn -0.736326 -0.406344 -0.541026 
vn -0.736326 -0.406344 -0.541026 
vn -0.711207 -0.434091 -0.552947 
vn -0.928755 0.149092 0.33939 
vn -0.928755 0.149092 0.33939 
vn -0.926178 0.0890125 0.36643 
vn -0.919076 0.0564414 0.390017 
vn -0.887908 0.333652 0.316694 
vn -0.887908 0.333652 0.316694 
vn -0.724996 -0.18907 -0.662294 
vn -0.712071 -0.185421 -0.677181 
vn -0.934605 -0.0412374 -0.35329 
vn -0.934605 -0.0412374 -0.35329 
vn 0 0.931721 0.363174 
vn 0 0.931721 0.363174 
vn 0 0.931721 0.363174 
vn 0 0.931721 0.363174 
vn 0 0.650615 0.759407 
vn 0 0.650615 0.759407 
vn 0 0.650615 0.759407 
vn 0 0.650615 0.759407 
vn 0 0.590267 0.807208 
vn 0 0.590267 0.807208 
vn 0 0.415949 0.909388 
vn 0 0.415949 0.909388 
vn 0 0.280048 0.959986 
vn 0 0.280048 0.959986 
vn 0 0.209073 0.9779 
vn 0 0.209073 0.9779 
vn 0 0.324686 0.945822 
vn 0 0.324686 0.945822 
vn 0 0.324686 0.945822 
vn 0 0.465927 0.884823 
vn 0 0.465927 0.884823 
vn 0 0.324686 0.945822 
vn 0 -1 8.13035e-005 
vn 0 -1 8.13035e-005 
vn -0.928755 0.149092 0.33939 
vn -0.928755 0.149092 0.33939 
vn 2.42375e-006 -1 -0.000540749 
vn -0.945794 0.141432 -0.292354 
vn -0.943482 0.187159 -0.27352 
vn -1.9785e-006 -1 -0.000535326 
vn -0.729265 0.33047 -0.599134 
vn 0 -1 -0.000557316 
vn 0 -1 -0.000557316 
vn -0.724508 0.32028 -0.610336 
vn 0 -1 -0.000557316 
vn 0 0.444796 -0.895632 
vn 0 0.180998 -0.983483 
vn 0 0.444796 -0.895632 
vn -0.761461 0.109344 -0.638922 
vn -0.735873 0.0725345 -0.673223 
vn 0 0.0360586 -0.99935 
vn -0.713982 -0.0392457 -0.699063 
vn -0.709989 -0.0414666 -0.702991 
vn 0 -0.0667912 -0.997767 
vn -0.724996 -0.18907 -0.662294 
vn 0 -0.0967086 -0.995313 
vn -0.736326 -0.406344 -0.541026 
vn 0 -0.346865 -0.937915 
vn 0 -0.528652 -0.848839 
vn -0.736326 -0.406344 -0.541026 
vn 0 -0.957949 -0.286938 
vn 0 -0.957949 -0.286938 
vn -0.765807 -0.615115 -0.187547 
vn -0.765807 -0.615115 -0.187547 
vn -0.60877 -0.0196798 -0.793102 
vn -0.650462 -0.00989612 -0.759474 
vn -0.665009 0.182693 -0.724145 
vn -0.665009 0.182693 -0.724145 
vn 0 0.67957 -0.73361 
vn 0 0.67957 -0.73361 
vn -0.667879 -0.355692 -0.653774 
vn 0.124897 -0.632983 -0.764024 
vn 0.124897 -0.632983 -0.764024 
vn 0.124897 -0.632983 -0.764024 
vn 0 0.465927 0.884823 
vn 0 0.465927 0.884823 
vn 0 0.465927 0.884823 
vn 0 0.324686 0.945822 
vn 0 0.209073 0.9779 
vn 0 0.324686 0.945822 
vn 0 0.280048 0.959986 
vn 0 0.415949 0.909388 
vn 0 0.590267 0.807208 
vn 0 0.650615 0.759407 
vn 0 0.650615 0.759407 
vn 0 0.931721 0.363174 
vn 0 0.931721 0.363174 
vn 0 0.67957 -0.73361 
vn 0.957772 0.228671 0.174304 
vn 0.957772 0.228671 0.174304 
vn 0.957772 0.228671 0.174304 
vn 0.930507 0.329922 0.159085 
vn 0.943482 0.187159 -0.27352 
vn 0.943482 0.187159 -0.27352 
vn 0.943482 0.187159 -0.27352 
vn 0.945794 0.141432 -0.292354 
vn 0.945794 0.141432 -0.292354 
vn 0.943482 0.187159 -0.27352 
vn 0.956778 0.00269031 -0.290808 
vn 0.949769 -0.0421413 -0.310103 
vn 0.939244 -0.00990944 -0.343106 
vn 0.939244 -0.00990944 -0.343106 
vn 0.939244 -0.00990944 -0.343106 
vn 0.936887 -0.0156304 -0.349282 
vn 0.919076 0.0564414 0.390017 
vn 0.919076 0.0564414 0.390017 
vn 0.919076 0.0564414 0.390017 
vn 0.926178 0.0890125 0.36643 
vn 0.713982 -0.0392457 -0.699063 
vn 0.713982 -0.0392457 -0.699063 
vn 0.713982 -0.0392457 -0.699063 
vn 0.709989 -0.0414666 -0.702991 
vn 0.761461 0.109344 -0.638922 
vn 0.761461 0.109344 -0.638922 
vn 0.761461 0.109344 -0.638922 
vn 0.735873 0.0725345 -0.673223 
vn 0.761461 0.109344 -0.638922 
vn 0.761461 0.109344 -0.638922 
vn 0.724508 0.32028 -0.610336 
vn 0.729265 0.33047 -0.599134 
vn 0.937997 0.190458 0.289633 
vn 0.937997 0.190458 0.289633 
vn 0.937997 0.190458 0.289633 
vn 0.938526 0.188745 0.289041 
vn 0.96489 -0.24338 -0.0987563 
vn 0.96489 -0.24338 -0.0987563 
vn 0.96489 -0.24338 -0.0987563 
vn 0.947091 -0.308407 -0.088906 
vn 0.74805 -0.63776 -0.183529 
vn 0.74805 -0.63776 -0.183529 
vn 0.74805 -0.63776 -0.183529 
vn 0.765807 -0.615115 -0.187547 
vn 0.933447 -0.274282 -0.231186 
vn 0.933447 -0.274282 -0.231186 
vn 0.933447 -0.274282 -0.231186 
vn 0.934803 -0.271021 -0.229547 
vn 0.910565 0.128132 0.393005 
vn 0.910565 0.128132 0.393005 
vn 0.910565 0.128132 0.393005 
vn 0.906864 0.135086 0.399186 
vn 0.711207 -0.434091 -0.552947 
vn 0.711207 -0.434091 -0.552947 
vn 0.711207 -0.434091 -0.552947 
vn 0.736326 -0.406344 -0.541026 
vn 0.926848 0.0807946 0.366639 
vn 0.919076 0.0564414 0.390017 
vn 0.926178 0.0890125 0.36643 
vn 0.928755 0.149092 0.33939 
vn 0.922418 0.337314 0.188052 
vn 0.887908 0.333652 0.316694 
vn 0.712071 -0.185421 -0.677181 
vn 0.712071 -0.185421 -0.677181 
vn 0.926208 -0.03748 -0.375146 
vn 0.934605 -0.0412374 -0.35329 
vn 0 0.931721 0.363174 
vn 0 0.931721 0.363174 
vn 0 0.650615 0.759407 
vn 0 0.650615 0.759407 
vn 0 0.590267 0.807208 
vn 0 0.415949 0.909388 
vn 0 0.280048 0.959986 
vn 0 0.209073 0.9779 
vn 0 0.324686 0.945822 
vn 0 0.324686 0.945822 
vn 0 0.465927 0.884823 
vn 0.928755 0.149092 0.33939 
vn 0.926848 0.0807946 0.366639 
vn 0.943482 0.187159 -0.27352 
vn 0.943482 0.187159 -0.27352 
vn 0.729265 0.33047 -0.599134 
vn 0.724508 0.32028 -0.610336 
vn 0.761461 0.109344 -0.638922 
vn 0.761461 0.109344 -0.638922 
vn 0.713982 -0.0392457 -0.699063 
vn 0.713982 -0.0392457 -0.699063 
vn 0.712071 -0.185421 -0.677181 
vn 0.736326 -0.406344 -0.541026 
vn 0.711207 -0.434091 -0.552947 
vn 0.765807 -0.615115 -0.187547 
vn 0.74805 -0.63776 -0.183529 
vn 0.650462 -0.00989612 -0.759474 
vn 0.650462 -0.00989612 -0.759474 
vn 0.665009 0.182693 -0.724145 
vn 0.665009 0.182693 -0.724145 
vn 0 0.67957 -0.73361 
vn 0.667879 -0.355692 -0.653774 
vn -0.124897 -0.632983 -0.764024 
vn -0.124897 -0.632983 -0.764024 
vn 0 0.465927 0.884823 
vn 0 0.209073 0.9779 
vn 0 0.324686 0.945822 
vn 0 0.280048 0.959986 
vn 0 0.415949 0.909388 
vn 0 0.590267 0.807208 
vn 0 0.650615 0.759407 
vn 0 0.650615 0.759407 
vn 0 0.931721 0.363174 
vn 0 0.931721 0.363174 
vn 0 0.67957 -0.73361 
vn 0.996534 -0.0831866 -0.000873592 
vn 0.996534 -0.0831866 -0.000873592 
vn 0.996534 -0.0831867 -0.000873592 
vn 0.997942 -0.0635634 -0.00841454 
vn 0.998978 -0.045202 0.000820093 
vn 0.998978 -0.045202 0.000820094 
vn 0.998978 -0.045202 0.000820094 
vn 0.999147 -0.0405808 0.00759917 
vn 0.999164 -0.0399189 -0.00882676 
vn 0.999164 -0.0399189 -0.00882676 
vn 0.999164 -0.039919 -0.00882676 
vn 0.997206 -0.0735992 -0.0127564 
vn 0.999954 -0.00897923 0.00324376 
vn 0.999954 -0.00897926 0.00324378 
vn 0.999954 -0.00897923 0.00324377 
vn 0.999951 -0.00958956 0.00227067 
vn 0.99978 -0.0188972 -0.00909988 
vn 0.99978 -0.0188972 -0.00909983 
vn 0.99978 -0.0188972 -0.00909984 
vn 0.999944 -0.00522901 -0.0092299 
vn 0.998528 -0.0374214 0.0392653 
vn 0.998528 -0.0374214 0.0392654 
vn 0.998528 -0.0374214 0.0392654 
vn 0.998471 -0.0552468 0.00209635 
vn 0.999005 -0.0446048 -0.000400058 
vn 0.999005 -0.0446046 -0.000400057 
vn 0.999005 -0.0446047 -0.000400057 
vn 0.999463 -0.0321493 -0.00631235 
vn 0 -0.84184 0.539727 
vn 0 -0.425002 0.905192 
vn 0 -0.389791 0.920903 
vn 0 -0.470613 0.88234 
vn 0 -0.954963 0.296726 
vn 0 -0.998805 -0.0488755 
vn 0 -0.974552 -0.224163 
vn 0 -0.84906 -0.528296 
vn 0 -0.462868 -0.886427 
vn 0 -0.137192 -0.990544 
vn 0 -0.220927 -0.97529 
vn 0 -0.036297 -0.999341 
vn 0 -0.469056 -0.883169 
vn 0 -0.825139 -0.56493 
vn -0.0011587 -0.713444 0.700712 
vn 0 -0.71745 0.69661 
vn 0.99914 -0.0371778 0.0183502 
vn 0 -0.322454 0.946585 
vn 0 -0.322454 0.946585 
vn 0 -0.144038 0.989572 
vn 0 -0.144038 0.989572 
vn 0 -0.265293 -0.964168 
vn 0 -0.265293 -0.964168 
vn 0 0.612925 0.790141 
vn 0 0.612925 0.790141 
vn 0 0.953239 0.302219 
vn 0 0.0628338 -0.998024 
vn 0 0.0628338 -0.998024 
vn 0 0.998444 -0.0557647 
vn 0 0.998444 -0.0557647 
vn 0 -0.097018 0.995283 
vn 0 0.82526 -0.564752 
vn 0.608187 0.322812 -0.72519 
vn 0.608187 0.322812 -0.72519 
vn 0.608187 0.322812 -0.72519 
vn 0.201296 0.970928 0.129534 
vn 0 0.992392 0.123122 
vn 0 0.93168 0.363281 
vn 0.192218 0.904952 0.379624 
vn 0.962676 0.238443 0.128063 
vn 0.962676 0.238444 0.128063 
vn 0.962676 0.238443 0.128063 
vn 0.962529 0.217877 0.161456 
vn 0.868132 -0.484615 0.10722 
vn 0.868132 -0.484615 0.10722 
vn 0.868132 -0.484615 0.10722 
vn 0.870013 -0.478269 0.119732 
vn -0.000193866 -0.000195637 -1 
vn -0.000193866 -0.000195637 -1 
vn -0.000193866 -0.000195637 -1 
vn 0.000468379 0.000236108 -1 
vn -0.00055115 6.68169e-005 -1 
vn -0.00055115 6.68169e-005 -1 
vn -0.00055115 6.68169e-005 -1 
vn -0.000353297 -0.000138021 -1 
vn 0.99342 -0.0517513 -0.102172 
vn 0.99342 -0.0517513 -0.102172 
vn -0.000193866 -0.000195637 -1 
vn 0.995421 -0.0508679 -0.0809248 
vn 0.99342 -0.0517513 -0.102172 
vn -0.254248 0.966459 0.0362554 
vn 0.000468379 0.000236108 -1 
vn -0.000193866 -0.000195637 -1 
vn 1 0 0 
vn 1 0 0 
vn 1 0 0 
vn -0.259867 0.965625 0.00611056 
vn 1 0 -4.86001e-005 
vn 1 0 -4.86001e-005 
vn 1 0 -4.86001e-005 
vn -0.455409 0.889812 0.0289473 
vn 1 0.000216561 0.000193694 
vn 1 0.000216561 0.000193693 
vn 0.0136568 -0.991259 -0.131223 
vn 0.996534 -0.0831866 -0.000873592 
vn 0.997942 -0.0635634 -0.00841454 
vn 0.120155 -0.979694 -0.160504 
vn 0.960573 0.00300323 -0.278011 
vn 0.608187 0.322812 -0.72519 
vn 0.960573 0.00300323 -0.278011 
vn 0.73142 -0.536685 -0.420707 
vn 0.61411 -0.563831 -0.552234 
vn 0.376387 0.0864787 0.922418 
vn 0.376387 0.0864787 0.922418 
vn 0.870013 -0.478269 0.119732 
vn 0.868132 -0.484615 0.10722 
vn 0.309297 -0.19205 0.931371 
vn 0.309297 -0.19205 0.931371 
vn 0.73142 -0.536685 -0.420707 
vn -0.000193866 -0.000195637 -1 
vn 0.576731 0.794278 0.191059 
vn 0.576731 0.794278 0.191059 
vn 0.576731 0.794278 0.191059 
vn 0.557146 0.818609 0.139523 
vn 0.962676 0.238444 0.128063 
vn 0.962676 0.238443 0.128063 
vn 0.0380609 -0.838513 -0.54355 
vn 0.999164 -0.039919 -0.00882676 
vn 0.999164 -0.0399189 -0.00882676 
vn -0.254379 -0.890019 -0.378361 
vn 0 1 -1.77555e-005 
vn 0 1 -6.8237e-005 
vn 0.296697 0.954971 -0.00139465 
vn 0.304603 0.952479 6.40206e-005 
vn 0 -0.766169 0.64264 
vn 0 -0.84184 0.539727 
vn 0 -0.825139 -0.56493 
vn 0 -0.981507 -0.191424 
vn 1 0.000216561 0.000193694 
vn 0 -0.389781 -0.920908 
vn 0 -0.274305 -0.961643 
vn 1 0.000216561 0.000193693 
vn 0 -0.800282 -0.599624 
vn 2.24874e-005 -0.800056 -0.599926 
vn 1 0 0.000212661 
vn 1 0 0.000212661 
vn 1 0 0.000212661 
vn 0 0 1 
vn 0.0036073 -0.212731 -0.977104 
vn 1 0 0.000212661 
vn 1 0 0.000420375 
vn 1 0 0.000420375 
vn 0 0 -1 
vn 0 0.572387 -0.819984 
vn 0.13456 0.420453 -0.897281 
vn 0.000110419 0 -1 
vn 1 0 0.000420375 
vn 0.576731 0.794278 0.191059 
vn -0.238841 -0.970822 0.0214476 
vn -0.328747 -0.944402 0.00548932 
vn 0.576731 0.794278 0.191059 
vn 0.153773 0.493765 0.855891 
vn 0 0.581147 0.813799 
vn 0 0 1 
vn 0.0583806 0 0.998294 
vn 0.576731 0.794278 0.191059 
vn 0 0 1 
vn 0 0 1 
vn 0 0 1 
vn 0 0 1 
vn 0.973843 0.227222 0.000368365 
vn 0 0 1 
vn 0 0 1 
vn 0.973843 0.227222 0.000368365 
vn 0 1.83056e-007 -1 
vn 0 1.12376e-005 -1 
vn 6.60683e-005 3.25872e-005 -1 
vn 6.43049e-005 9.43734e-007 -1 
vn 0 0 1 
vn 0 0 1 
vn 0 0 1 
vn 0 0 1 
vn 0.69742 -0.716663 0.000263805 
vn 0 0 1 
vn 0 0 1 
vn 0.697439 -0.716644 0.000293186 
vn 0 -1.13612e-005 -1 
vn 6.58133e-005 -2.89925e-005 -1 
vn 9.02753e-005 -3.09e-005 -1 
vn 0 0 -1 
vn 1 0 0.000420375 
vn -0.328747 -0.944402 0.00548932 
vn 0 0 1 
vn 0 0 1 
vn 0 0 1 
vn 1 0 0.000420375 
vn 0 0 -1 
vn 8.90379e-005 3.95502e-005 -1 
vn 0.0513644 -0.390236 -0.919281 
vn 0 -0.448248 -0.893909 
vn 1 0 0 
vn 1 0 0 
vn 0 0.998792 -0.0491483 
vn 0.973843 0.227222 0 
vn 0.973843 0.227222 0 
vn 0.697439 -0.716644 0 
vn 0.697439 -0.716644 0 
vn 1 0 0 
vn 0 -0.162744 -0.986668 
vn 0.0230336 -0.174516 -0.984385 
vn 0.0230336 -0.174516 -0.984385 
vn 0.300716 0.940305 -0.159363 
vn 0.28457 0.889731 -0.356929 
vn 0 0.935212 -0.354089 
vn 0 0.986638 -0.162925 
vn 1 0 0 
vn 1 0 0 
vn 1 0 0 
vn 1 0 0 
vn 0.633372 0.773847 0 
vn 0.633372 0.773847 0 
vn 0.973843 0.227222 0 
vn 0.973843 0.227222 0 
vn 0.981859 -0.189615 0 
vn 0.981859 -0.189615 0 
vn 0.697439 -0.716644 0 
vn 0.697439 -0.716644 0 
vn 1 0 0 
vn 1 0 0 
vn 0 -0.708653 -0.705557 
vn 1 0 0 
vn 1 0 0 
vn 0 -0.445753 -0.895156 
vn 2.24874e-005 -0.800056 -0.599926 
vn 0.120155 -0.979694 -0.160504 
vn 0.0136568 -0.991259 -0.131223 
vn -0.254379 -0.890019 -0.378361 
vn 0.0380609 -0.838513 -0.54355 
vn 6.58133e-005 -2.89925e-005 -1 
vn 6.43049e-005 9.43734e-007 -1 
vn 9.02753e-005 -3.09e-005 -1 
vn 0.0513644 -0.390236 -0.919281 
vn 0 -0.448248 -0.893909 
vn 0.0513644 -0.390236 -0.919281 
vn 0.13456 0.420453 -0.897281 
vn 0 0.572387 -0.819984 
vn 0.000110419 0 -1 
vn 8.90379e-005 3.95502e-005 -1 
vn 6.60683e-005 3.25872e-005 -1 
vn 0.0583806 0 0.998294 
vn 0.469405 0.743433 0.47641 
vn 0.0583806 0 0.998294 
vn 0.576731 0.794278 0.191059 
vn 0.576731 0.794278 0.191059 
vn -0.238841 -0.970822 0.0214476 
vn 0.0177507 -0.986448 -0.163113 
vn 0 -0.265293 -0.964168 
vn 0.000873695 -0.986686 -0.162637 
vn 0.0044376 -0.992275 -0.123976 
vn 0 -0.992335 -0.123577 
vn 0 -0.322454 0.946585 
vn 0.999821 -0.010484 0.0157434 
vn 0.999821 -0.010484 0.0157434 
vn 0.999143 -0.0412869 -0.00302232 
vn 0.608187 0.322812 -0.72519 
vn 0.99992 -0.00992384 0.00783632 
vn 0.0583806 0 0.998294 
vn 0 0 1 
vn 0.0906254 0.241421 0.96618 
vn 0.608187 0.322812 -0.72519 
vn 0.608187 0.322812 -0.72519 
vn 0 0.643217 0.765684 
vn 0 0.3427 0.939445 
vn 0.999143 -0.0412869 -0.00302232 
vn 0.608187 0.322812 -0.72519 
vn 0 0.00754955 0.999972 
vn 0.999821 -0.010484 0.0157434 
vn 0 -0.0375674 0.999294 
vn 0.999821 -0.010484 0.0157434 
vn 0 -0.19212 0.981372 
vn 0.99992 -0.00992384 0.00783632 
vn 0 0.643217 0.765684 
vn -0.997942 -0.0635633 -0.00841455 
vn -0.997942 -0.0635634 -0.00841454 
vn -0.997942 -0.0635637 -0.00841457 
vn -0.996534 -0.0831866 -0.000873592 
vn -0.999147 -0.0405807 0.00759917 
vn -0.999147 -0.0405808 0.00759917 
vn -0.999147 -0.0405807 0.00759916 
vn -0.998978 -0.045202 0.000820094 
vn -0.999164 -0.039919 -0.00882676 
vn -0.999164 -0.0399189 -0.00882676 
vn -0.999164 -0.0399189 -0.00882676 
vn -0.997206 -0.0735992 -0.0127564 
vn -0.999954 -0.00897923 0.00324377 
vn -0.999954 -0.00897926 0.00324378 
vn -0.999954 -0.00897923 0.00324376 
vn -0.999951 -0.00958956 0.00227067 
vn -0.99978 -0.0188973 -0.00909988 
vn -0.99978 -0.0188972 -0.00909983 
vn -0.99978 -0.0188972 -0.00909988 
vn -0.999944 -0.00522901 -0.0092299 
vn -0.99847 -0.0552468 0.00209635 
vn -0.998471 -0.0552468 0.00209635 
vn -0.998471 -0.0552467 0.00209635 
vn -0.998528 -0.0374214 0.0392654 
vn -0.999005 -0.0446047 -0.000400057 
vn -0.999005 -0.0446046 -0.000400057 
vn -0.999005 -0.0446048 -0.000400058 
vn -0.999463 -0.0321493 -0.00631235 
vn 0.0011587 -0.713444 0.700711 
vn -0.99914 -0.0371778 0.0183502 
vn -0.608187 0.322812 -0.72519 
vn -0.608187 0.322812 -0.72519 
vn -0.608187 0.322812 -0.72519 
vn -0.201296 0.970928 0.129534 
vn -0.192218 0.904952 0.379624 
vn -0.962529 0.217877 0.161456 
vn -0.962529 0.217877 0.161456 
vn -0.962529 0.217877 0.161456 
vn -0.962676 0.238444 0.128063 
vn -0.870013 -0.478269 0.119732 
vn -0.870013 -0.478269 0.119732 
vn -0.870013 -0.478269 0.119732 
vn -0.868132 -0.484615 0.10722 
vn 0.000193866 -0.000195637 -1 
vn 0.000193866 -0.000195637 -1 
vn 0.000353297 -0.000138021 -1 
vn 0.00055115 6.68169e-005 -1 
vn -0.995421 -0.0508679 -0.0809247 
vn -0.995421 -0.0508679 -0.0809248 
vn 0.000193866 -0.000195637 -1 
vn -0.99342 -0.0517513 -0.102172 
vn -0.99342 -0.0517513 -0.102172 
vn 0.000193866 -0.000195637 -1 
vn -1 0 0 
vn -1 0 0 
vn -1 0 0 
vn -1 -6.55771e-006 -4.78564e-005 
vn -1 0 -4.86001e-005 
vn -1 0 -4.86001e-005 
vn -1 0.000216561 0.000193693 
vn -1 0.000216561 0.000193694 
vn -0.120155 -0.979694 -0.160504 
vn -0.120155 -0.979694 -0.160504 
vn -0.997942 -0.0635634 -0.00841454 
vn -0.997942 -0.0635633 -0.00841455 
vn -0.960573 0.00300323 -0.278011 
vn -0.960573 0.00300323 -0.278011 
vn -0.608187 0.322812 -0.72519 
vn -0.61411 -0.563831 -0.552234 
vn -0.61411 -0.563831 -0.552234 
vn -0.376387 0.0864787 0.922418 
vn -0.376387 0.0864787 0.922418 
vn -0.870013 -0.478269 0.119732 
vn -0.870013 -0.478269 0.119732 
vn -0.309297 -0.19205 0.931371 
vn -0.309297 -0.19205 0.931371 
vn -0.61411 -0.563831 -0.552234 
vn 0.000193866 -0.000195637 -1 
vn -0.557146 0.818609 0.139523 
vn -0.557146 0.818609 0.139523 
vn -0.557146 0.818609 0.139523 
vn -0.576731 0.794278 0.191059 
vn -0.962529 0.217877 0.161456 
vn -0.962676 0.238444 0.128063 
vn -0.999164 -0.0399189 -0.00882676 
vn -0.999164 -0.039919 -0.00882676 
vn -0.0380609 -0.838513 -0.54355 
vn 0.254379 -0.890019 -0.378361 
vn -0.296697 0.954971 -0.00139465 
vn -0.304603 0.952479 6.40206e-005 
vn -1 0.000216561 0.000193694 
vn -1 0.000216561 0.000193693 
vn -2.24874e-005 -0.800056 -0.599926 
vn -1 0 0.000212661 
vn -1 0 0.000212661 
vn -1 0 0.000212661 
vn -1 0 0.000212661 
vn -1 0 0.000420375 
vn -1 0 0.000420375 
vn -0.000110419 0 -1 
vn -0.13456 0.420453 -0.897281 
vn -1 0 0.000420375 
vn -0.576731 0.794278 0.191059 
vn -0.576731 0.794278 0.191059 
vn -0.153773 0.493765 0.855891 
vn -0.0583806 0 0.998294 
vn -0.557146 0.818609 0.139523 
vn 0 0 1 
vn 0 0 1 
vn 0 0 1 
vn 0 0 1 
vn -0.973843 0.227222 0.000368365 
vn -0.973843 0.227222 0.000368365 
vn -6.43049e-005 9.43734e-007 -1 
vn -6.60683e-005 3.25872e-005 -1 
vn 0 0 1 
vn 0 0 1 
vn 0 0 1 
vn 0 0 1 
vn -0.69742 -0.716663 0.000263805 
vn -0.697439 -0.716644 0.000293186 
vn -9.02753e-005 -3.09e-005 -1 
vn -6.58133e-005 -2.89925e-005 -1 
vn -1 0 0.000420375 
vn 0 0 1 
vn 0 0 1 
vn -1 0 0.000420375 
vn -8.90379e-005 3.95502e-005 -1 
vn -0.0513644 -0.390236 -0.919281 
vn -1 0 0 
vn -1 0 0 
vn -0.973843 0.227222 0 
vn -0.973843 0.227222 0 
vn -0.697439 -0.716644 0 
vn -0.697439 -0.716644 0 
vn -1 0 0 
vn -0.0230336 -0.174516 -0.984385 
vn -0.0230336 -0.174516 -0.984385 
vn -0.300716 0.940305 -0.159363 
vn -0.28457 0.889731 -0.356929 
vn -1 0 0 
vn -1 0 0 
vn -1 0 0 
vn -1 0 0 
vn -0.633372 0.773847 0 
vn -0.633372 0.773847 0 
vn -0.973843 0.227222 0 
vn -0.973843 0.227222 0 
vn -0.981859 -0.189615 0 
vn -0.981859 -0.189615 0 
vn -0.697439 -0.716644 0 
vn -0.697439 -0.716644 0 
vn -1 0 0 
vn -1 0 0 
vn -1 0 0 
vn -1 0 0 
vn -2.24874e-005 -0.800056 -0.599926 
vn -0.120155 -0.979694 -0.160504 
vn -0.120155 -0.979694 -0.160504 
vn 0.254379 -0.890019 -0.378361 
vn -0.0380609 -0.838513 -0.54355 
vn -6.43049e-005 9.43734e-007 -1 
vn -6.58133e-005 -2.89925e-005 -1 
vn -9.02753e-005 -3.09e-005 -1 
vn -0.0513644 -0.390236 -0.919281 
vn -0.0513644 -0.390236 -0.919281 
vn -0.13456 0.420453 -0.897281 
vn -0.000110419 0 -1 
vn -8.90379e-005 3.95502e-005 -1 
vn -6.60683e-005 3.25872e-005 -1 
vn -0.504338 0.743069 0.439876 
vn -0.0583806 0 0.998294 
vn -0.0583806 0 0.998294 
vn -0.557146 0.818609 0.139523 
vn -0.576731 0.794278 0.191059 
vn -0.0177507 -0.986448 -0.163113 
vn -0.00443759 -0.992275 -0.123976 
vn -0.999821 -0.010484 0.0157434 
vn -0.999821 -0.010484 0.0157434 
vn -0.999143 -0.0412869 -0.00302232 
vn -0.608187 0.322812 -0.72519 
vn -0.99992 -0.00992384 0.00783632 
vn -0.0583806 0 0.998294 
vn -0.0906254 0.241421 0.96618 
vn -0.608187 0.322812 -0.72519 
vn -0.608187 0.322812 -0.72519 
vn -0.999143 -0.0412869 -0.00302232 
vn -0.608187 0.322812 -0.72519 
vn -0.999821 -0.010484 0.0157434 
vn -0.999821 -0.010484 0.0157434 
vn -0.99992 -0.00992384 0.00783632 

vt 0.994486 0.834696 
vt 0.954994 0.834696 
vt 0.954994 0.788379 
vt 0.994486 0.788379 
vt 0.994486 0.881012 
vt 0.954994 0.881012 
vt 0.994486 0.927328 
vt 0.954994 0.927328 
vt 0.994486 0.973645 
vt 0.954994 0.973645 
vt 0.994486 0.995084 
vt 0.954994 0.995084 
vt 0.954994 0.76694 
vt 0.994486 0.76694 
vt 0.901115 0.864336 
vt 0.933866 0.831586 
vt 0.951641 0.909074 
vt 0.889128 0.909074 
vt 0.901116 0.953812 
vt 0.933866 0.986563 
vt 0.951641 0.99855 
vt 0.951641 0.819598 
vt 0.933423 0.831623 
vt 0.900891 0.86459 
vt 0.951712 0.908991 
vt 0.8892 0.909407 
vt 0.901485 0.954064 
vt 0.934452 0.986597 
vt 0.952306 0.998466 
vt 0.951118 0.819518 
vt 0.520281 0.020155 
vt 0.5279 0.027236 
vt 0.52028 0.027236 
vt 0.958042 0.032324 
vt 0.958043 0.029175 
vt 0.990747 0.029191 
vt 0.990746 0.032332 
vt 0.905476 0.029151 
vt 0.905475 0.032311 
vt 0.889679 0.032307 
vt 0.88968 0.029147 
vt 0.538618 0.029044 
vt 0.706151 0.0291 
vt 0.706161 0.03226 
vt 0.538617 0.032217 
vt 0.905485 0.014307 
vt 0.931772 0.014108 
vt 0.931763 0.021535 
vt 0.90548 0.02151 
vt 0.538612 0.014223 
vt 0.706144 0.01427 
vt 0.706196 0.021472 
vt 0.538616 0.021452 
vt 0.889682 0.021504 
vt 0.889683 0.014301 
vt 0.931757 0.029163 
vt 0.990764 0.013671 
vt 0.958059 0.013911 
vt 0.95806 0.00977498 
vt 0.990765 0.00971502 
vt 0.889685 0.00989002 
vt 0.905487 0.00987601 
vt 0.538611 0.00971502 
vt 0.706409 0.00980401 
vt 0.529855 0.023798 
vt 0.523421 0.010819 
vt 0.529054 0.015913 
vt 0.520281 0.010818 
vt 0.826781 0.014288 
vt 0.82678 0.00987297 
vt 0.826784 0.021491 
vt 0.826785 0.029131 
vt 0.826784 0.032291 
vt 0.931756 0.032317 
vt 0.990753 0.021596 
vt 0.958049 0.021562 
vt 0.931774 0.009826 
vt 0.512661 0.027236 
vt 0.990746 0.035473 
vt 0.958041 0.035473 
vt 0.905474 0.03547 
vt 0.889678 0.035466 
vt 0.706149 0.035419 
vt 0.538616 0.035389 
vt 0.931758 0.0431 
vt 0.931763 0.050527 
vt 0.905476 0.050315 
vt 0.905474 0.043111 
vt 0.706191 0.043047 
vt 0.706135 0.050249 
vt 0.538603 0.05021 
vt 0.53861 0.042981 
vt 0.889676 0.043109 
vt 0.889674 0.050312 
vt 0.931756 0.035471 
vt 0.958049 0.054873 
vt 0.958049 0.050738 
vt 0.990754 0.050994 
vt 0.990753 0.05495 
vt 0.905475 0.054745 
vt 0.889673 0.054723 
vt 0.706398 0.054715 
vt 0.5386 0.054718 
vt 0.510707 0.023797 
vt 0.511507 0.015913 
vt 0.51714 0.010818 
vt 0.826769 0.054708 
vt 0.826772 0.050293 
vt 0.826778 0.04309 
vt 0.826783 0.03545 
vt 0.990748 0.043068 
vt 0.958043 0.043086 
vt 0.931763 0.054809 
vt 0.036678 0.09367 
vt 0.036683 0.080556 
vt 0.147357 0.080838 
vt 0.147356 0.093755 
vt 0.293358 0.133491 
vt 0.293359 0.12003 
vt 0.309558 0.120031 
vt 0.30956 0.13372 
vt 0.34594 0.093779 
vt 0.325778 0.093754 
vt 0.325797 0.080524 
vt 0.34596 0.080664 
vt 0.293367 0.093722 
vt 0.309572 0.093737 
vt 0.309562 0.106885 
vt 0.293362 0.106877 
vt 0.283622 0.106875 
vt 0.283626 0.093719 
vt 0.325762 0.120033 
vt 0.325767 0.106894 
vt 0.345928 0.106906 
vt 0.345923 0.120035 
vt 0.283621 0.12003 
vt 0.283619 0.133499 
vt 0.147353 0.106906 
vt 0.036667 0.10682 
vt 0.14735 0.120059 
vt 0.036653 0.11997 
vt 0.036685 0.07412 
vt 0.14736 0.074165 
vt 0.006654 0.10679 
vt 0.006663 0.093655 
vt 0.006667 0.080533 
vt 0.006638 0.119926 
vt 0.006616 0.133519 
vt 0.041708 0.133443 
vt 0.041697 0.139991 
vt 0.0066 0.139907 
vt 0.00667 0.074108 
vt 0.148792 0.133521 
vt 0.28363 0.080368 
vt 0.293376 0.080314 
vt 0.03206 0.1577 
vt 0.026249 0.144473 
vt 0.043396 0.142705 
vt 0.043838 0.15878 
vt 0.043596 0.161624 
vt 0.03179 0.160524 
vt 0.053448 0.159422 
vt 0.053483 0.142705 
vt 0.053183 0.162517 
vt 0.094333 0.162992 
vt 0.072597 0.162683 
vt 0.074581 0.156574 
vt 0.100379 0.182876 
vt 0.087251 0.182876 
vt 0.076631 0.175161 
vt 0.007186 0.158234 
vt 0.007777 0.151936 
vt 0.018956 0.156263 
vt 0.018665 0.159303 
vt 0.244835 0.093714 
vt 0.244833 0.080384 
vt 0.244836 0.106872 
vt 0.244838 0.120029 
vt 0.244839 0.133501 
vt 0.112107 0.174902 
vt 0.113905 0.169369 
vt 0.325799 0.074234 
vt 0.345962 0.074241 
vt 0.325764 0.133947 
vt 0.345926 0.134218 
vt 0.309588 0.080419 
vt 0.244836 0.074204 
vt 0.283633 0.074219 
vt 0.069891 0.157752 
vt 0.069298 0.164017 
vt 0.00964 0.147957 
vt 0.147362 0.067491 
vt 0.036688 0.067685 
vt 0.036694 0.05457 
vt 0.147371 0.054575 
vt 0.293403 0.014955 
vt 0.309604 0.014739 
vt 0.309593 0.028426 
vt 0.293394 0.028415 
vt 0.325801 0.067944 
vt 0.325792 0.054714 
vt 0.345953 0.054704 
vt 0.345964 0.067818 
vt 0.309586 0.041573 
vt 0.309586 0.05472 
vt 0.293382 0.054722 
vt 0.293387 0.041568 
vt 0.283648 0.041563 
vt 0.283641 0.054719 
vt 0.34595 0.041577 
vt 0.32579 0.041575 
vt 0.325796 0.028437 
vt 0.345955 0.02845 
vt 0.283656 0.028408 
vt 0.283664 0.01494 
vt 0.147379 0.041424 
vt 0.036694 0.041421 
vt 0.147387 0.028271 
vt 0.036691 0.028271 
vt 0.006681 0.041426 
vt 0.006679 0.054561 
vt 0.006673 0.067683 
vt 0.006676 0.028291 
vt 0.006664 0.014697 
vt 0.041757 0.014802 
vt 0.14884 0.01481 
vt 0.293381 0.06813 
vt 0.283636 0.06807 
vt 0.039912 0.180182 
vt 0.023384 0.175284 
vt 0.031534 0.163355 
vt 0.043309 0.164464 
vt 0.052873 0.165605 
vt 0.049826 0.182042 
vt 0.076566 0.150466 
vt 0.100291 0.142742 
vt 0.110911 0.150458 
vt 0.087164 0.142742 
vt 0.018389 0.162351 
vt 0.0066 0.164533 
vt 0.244838 0.068023 
vt 0.24485 0.054694 
vt 0.244862 0.041535 
vt 0.244874 0.028378 
vt 0.244886 0.014907 
vt 0.115714 0.163803 
vt 0.325807 0.014524 
vt 0.345968 0.014267 
vt 0.309593 0.068038 
vt 0.068724 0.170284 
vt 0.007702 0.168798 
vt 0.148791 0.140077 
vt 0.24484 0.140051 
vt 0.28362 0.140047 
vt 0.29336 0.140045 
vt 0.309564 0.140038 
vt 0.325768 0.14003 
vt 0.345929 0.140037 
vt 0.325816 0.00836998 
vt 0.345976 0.00841498 
vt 0.309613 0.00834697 
vt 0.29341 0.00832498 
vt 0.283671 0.00831503 
vt 0.244893 0.00828099 
vt 0.148843 0.00817698 
vt 0.04175 0.00817698 
vt 0.006654 0.00823498 
vt 0.428175 0.073418 
vt 0.4238 0.051084 
vt 0.404064 0.04621 
vt 0.40949 0.076811 
vt 0.461674 0.050533 
vt 0.463518 0.064054 
vt 0.475237 0.058862 
vt 0.47409 0.048251 
vt 0.488073 0.043623 
vt 0.490273 0.04832 
vt 0.38445 0.037989 
vt 0.354065 0.015014 
vt 0.35437 0.101438 
vt 0.389896 0.080266 
vt 0.450014 0.068902 
vt 0.447196 0.052337 
vt 0.359485 0.110708 
vt 0.393172 0.089382 
vt 0.411081 0.085177 
vt 0.430466 0.081423 
vt 0.452839 0.075214 
vt 0.466486 0.06893 
vt 0.477982 0.061924 
vt 0.491612 0.049729 
vt 0.490653 0.042838 
vt 0.492203 0.047733 
vt 0.473273 0.041988 
vt 0.487839 0.040917 
vt 0.461248 0.042246 
vt 0.447569 0.041992 
vt 0.425837 0.039587 
vt 0.408144 0.034832 
vt 0.39105 0.027087 
vt 0.362951 0.00416899 
vt 0.428175 0.073418 
vt 0.40949 0.076811 
vt 0.404064 0.04621 
vt 0.4238 0.051084 
vt 0.475237 0.058862 
vt 0.463518 0.064054 
vt 0.461674 0.050533 
vt 0.47409 0.048251 
vt 0.488073 0.043623 
vt 0.490273 0.04832 
vt 0.35437 0.101438 
vt 0.354065 0.015014 
vt 0.38445 0.037989 
vt 0.389896 0.080266 
vt 0.450014 0.068902 
vt 0.447196 0.052337 
vt 0.969626 0.12536 
vt 0.969541 0.123169 
vt 0.967409 0.123248 
vt 0.967493 0.125441 
vt 0.971889 0.089906 
vt 0.96253 0.090265 
vt 0.9633 0.09991 
vt 0.971862 0.099577 
vt 0.920809 0.168513 
vt 0.922125 0.139807 
vt 0.899223 0.137534 
vt 0.896433 0.160804 
vt 0.967641 0.137682 
vt 0.944713 0.139763 
vt 0.946083 0.168661 
vt 0.970378 0.160973 
vt 0.970673 0.110564 
vt 0.965324 0.110775 
vt 0.925665 0.084771 
vt 0.912158 0.113828 
vt 0.92631 0.113479 
vt 0.93098 0.085747 
vt 0.941096 0.113194 
vt 0.955017 0.11378 
vt 0.941607 0.084908 
vt 0.936362 0.085957 
vt 0.897948 0.186984 
vt 0.921181 0.199999 
vt 0.971889 0.079123 
vt 0.961718 0.079511 
vt 0.968989 0.186722 
vt 0.945959 0.199713 
vt 0.989053 0.61203 
vt 0.970902 0.613775 
vt 0.970902 0.550598 
vt 0.989053 0.549743 
vt 0.989053 0.673762 
vt 0.970902 0.676714 
vt 0.989053 0.735077 
vt 0.970902 0.738806 
vt 0.989053 0.303733 
vt 0.970902 0.300751 
vt 0.970902 0.240413 
vt 0.989053 0.244061 
vt 0.989053 0.364366 
vt 0.970902 0.362719 
vt 0.989053 0.425662 
vt 0.970902 0.424812 
vt 0.989053 0.487082 
vt 0.970902 0.486835 
vt 0.118869 0.609374 
vt 0.151764 0.560145 
vt 0.01157 0.502073 
vt 0.069636 0.642267 
vt 0.011568 0.653819 
vt 0.069638 0.361878 
vt 0.011568 0.350329 
vt 0.118868 0.394772 
vt 0.151764 0.444004 
vt 0.163315 0.502073 
vt 0.152218 0.56012 
vt 0.11926 0.609443 
vt 0.011756 0.501937 
vt 0.069937 0.642401 
vt 0.011755 0.653973 
vt 0.011755 0.349902 
vt 0.069937 0.361474 
vt 0.11926 0.394432 
vt 0.152218 0.443757 
vt 0.16379 0.501937 
vt 0.724271 0.616764 
vt 0.715265 0.616764 
vt 0.715265 0.552431 
vt 0.724271 0.552431 
vt 0.715265 0.488519 
vt 0.724271 0.488519 
vt 0.715265 0.424483 
vt 0.724271 0.424483 
vt 0.715265 0.361406 
vt 0.724271 0.361406 
vt 0.715265 0.29843 
vt 0.724271 0.29843 
vt 0.715265 0.235228 
vt 0.724271 0.235228 
vt 0.724271 0.744373 
vt 0.715265 0.744373 
vt 0.715265 0.680292 
vt 0.724271 0.680292 
vt 0.956613 0.616764 
vt 0.956613 0.552431 
vt 0.956613 0.488519 
vt 0.956613 0.424483 
vt 0.956613 0.361406 
vt 0.956613 0.29843 
vt 0.956613 0.235228 
vt 0.956613 0.744373 
vt 0.956613 0.680292 
vt 0.970902 0.550598 
vt 0.970902 0.613775 
vt 0.989053 0.61203 
vt 0.989053 0.549743 
vt 0.970902 0.676714 
vt 0.989053 0.673762 
vt 0.970902 0.300751 
vt 0.989053 0.303733 
vt 0.970902 0.362719 
vt 0.989053 0.364366 
vt 0.970902 0.424812 
vt 0.989053 0.425662 
vt 0.970902 0.486835 
vt 0.989053 0.487082 
vt 0.118869 0.609374 
vt 0.151764 0.560145 
vt 0.069636 0.642267 
vt 0.069638 0.361878 
vt 0.118868 0.394772 
vt 0.151764 0.444004 
vt 0.163315 0.502073 
vt 0.152218 0.56012 
vt 0.11926 0.609443 
vt 0.069937 0.642401 
vt 0.069937 0.361474 
vt 0.11926 0.394432 
vt 0.152218 0.443757 
vt 0.16379 0.501937 
vt 0.715265 0.552431 
vt 0.715265 0.616764 
vt 0.724271 0.616764 
vt 0.724271 0.552431 
vt 0.715265 0.488519 
vt 0.724271 0.488519 
vt 0.715265 0.424483 
vt 0.724271 0.424483 
vt 0.715265 0.361406 
vt 0.724271 0.361406 
vt 0.715265 0.29843 
vt 0.724271 0.29843 
vt 0.715265 0.680292 
vt 0.724271 0.680292 
vt 0.956613 0.552431 
vt 0.956613 0.616764 
vt 0.956613 0.488519 
vt 0.956613 0.424483 
vt 0.956613 0.361406 
vt 0.956613 0.29843 
vt 0.956613 0.680292 
vt 0.39129 0.891795 
vt 0.400796 0.936976 
vt 0.377035 0.931477 
vt 0.363931 0.893408 
vt 0.127194 0.991595 
vt 0.127194 0.975601 
vt 0.165206 0.975601 
vt 0.165206 0.991595 
vt 0.146151 0.741556 
vt 0.16483 0.748804 
vt 0.15117 0.780935 
vt 0.133843 0.776776 
vt 0.201736 0.763153 
vt 0.24675 0.783985 
vt 0.231416 0.809242 
vt 0.186144 0.791672 
vt 0.191459 0.68355 
vt 0.177927 0.71814 
vt 0.157925 0.707543 
vt 0.169546 0.66982 
vt 0.179647 0.805539 
vt 0.22429 0.822536 
vt 0.217147 0.835807 
vt 0.173146 0.819425 
vt 0.128864 0.792256 
vt 0.145607 0.795641 
vt 0.140048 0.81032 
vt 0.123852 0.807729 
vt 0.182261 0.991595 
vt 0.182261 0.975601 
vt 0.199316 0.975601 
vt 0.199316 0.991595 
vt 0.344875 0.795505 
vt 0.377119 0.842467 
vt 0.351902 0.853309 
vt 0.323707 0.815169 
vt 0.348658 0.893255 
vt 0.357941 0.931398 
vt 0.338538 0.932313 
vt 0.332243 0.894088 
vt 0.311396 0.938351 
vt 0.302729 0.899702 
vt 0.317397 0.896864 
vt 0.32528 0.935492 
vt 0.309472 0.829041 
vt 0.336772 0.860332 
vt 0.320682 0.868321 
vt 0.294279 0.844127 
vt 0.233383 0.705565 
vt 0.279427 0.732835 
vt 0.261366 0.760301 
vt 0.216662 0.736397 
vt 0.293872 0.882605 
vt 0.274373 0.865504 
vt 0.284169 0.854961 
vt 0.307242 0.875412 
vt 0.090869 0.991595 
vt 0.050979 0.991595 
vt 0.050979 0.975601 
vt 0.090869 0.975601 
vt 0.294537 0.781544 
vt 0.31165 0.757026 
vt 0.254357 0.85076 
vt 0.261668 0.838008 
vt 0.26893 0.825114 
vt 0.28219 0.802485 
vt 0.073217 0.666511 
vt 0.091483 0.666511 
vt 0.091483 0.705791 
vt 0.073217 0.705791 
vt 0.073217 0.749516 
vt 0.091483 0.749516 
vt 0.091483 0.796618 
vt 0.073217 0.796618 
vt 0.073217 0.837323 
vt 0.091483 0.837323 
vt 0.091483 0.866986 
vt 0.073217 0.866986 
vt 0.091483 0.90735 
vt 0.073217 0.90735 
vt 0.091483 0.944419 
vt 0.073217 0.944419 
vt 0.091483 0.965208 
vt 0.073217 0.965208 
vt 0.507345 0.975601 
vt 0.507345 0.991595 
vt 0.48871 0.991595 
vt 0.48871 0.975601 
vt 0.198035 0.906465 
vt 0.237274 0.906344 
vt 0.237418 0.952631 
vt 0.198223 0.96709 
vt 0.161649 0.906578 
vt 0.161571 0.962644 
vt 0.1249 0.952132 
vt 0.125263 0.90669 
vt 0.099867 0.931688 
vt 0.09979 0.906769 
vt 0.112527 0.90673 
vt 0.112384 0.94191 
vt 0.228602 0.991595 
vt 0.228602 0.975601 
vt 0.02797 0.950427 
vt 0.02797 0.964243 
vt 0.006065 0.964356 
vt 0.006065 0.950427 
vt 0.02797 0.921752 
vt 0.006065 0.921752 
vt 0.006065 0.882791 
vt 0.02797 0.882677 
vt 0.006065 0.849367 
vt 0.02797 0.849255 
vt 0.006065 0.828683 
vt 0.02797 0.828578 
vt 0.02797 0.807023 
vt 0.006065 0.807143 
vt 0.02797 0.757232 
vt 0.02797 0.790963 
vt 0.006065 0.791086 
vt 0.006065 0.757232 
vt 0.356309 0.941229 
vt 0.335786 0.940803 
vt 0.397814 0.946294 
vt 0.376593 0.942303 
vt 0.073217 0.658979 
vt 0.091483 0.658979 
vt 0.324238 0.942916 
vt 0.006065 0.752055 
vt 0.02797 0.752055 
vt 0.311375 0.9458 
vt 0.276515 0.906223 
vt 0.276592 0.931142 
vt 0.009018 0.991595 
vt 0.009018 0.975601 
vt 0.206785 0.645967 
vt 0.182855 0.629265 
vt 0.252183 0.671362 
vt 0.29985 0.702235 
vt 0.331697 0.72954 
vt 0.368479 0.774348 
vt 0.406369 0.830122 
vt 0.421609 0.890351 
vt 0.427969 0.94499 
vt 0.420806 0.953438 
vt 0.391332 0.891543 
vt 0.364042 0.893189 
vt 0.377109 0.931344 
vt 0.400914 0.936876 
vt 0.336953 0.991595 
vt 0.294791 0.991595 
vt 0.294505 0.975601 
vt 0.336953 0.975601 
vt 0.146216 0.741391 
vt 0.133908 0.776613 
vt 0.151234 0.780769 
vt 0.164889 0.748636 
vt 0.201794 0.76298 
vt 0.186205 0.791499 
vt 0.231467 0.809059 
vt 0.246797 0.783801 
vt 0.15798 0.707386 
vt 0.17798 0.717978 
vt 0.191505 0.683388 
vt 0.169591 0.669664 
vt 0.17971 0.805365 
vt 0.173212 0.81925 
vt 0.217207 0.835622 
vt 0.224346 0.822352 
vt 0.128932 0.792092 
vt 0.123923 0.807564 
vt 0.140118 0.810152 
vt 0.145674 0.795473 
vt 0.257889 0.975601 
vt 0.276699 0.975601 
vt 0.27634 0.991595 
vt 0.257889 0.991595 
vt 0.351921 0.853104 
vt 0.37713 0.842258 
vt 0.3449 0.795351 
vt 0.323758 0.814976 
vt 0.338555 0.932105 
vt 0.357953 0.931215 
vt 0.348721 0.893033 
vt 0.332281 0.893852 
vt 0.311385 0.938117 
vt 0.325276 0.935269 
vt 0.317423 0.896625 
vt 0.302756 0.899462 
vt 0.320689 0.868105 
vt 0.336793 0.860119 
vt 0.309508 0.82885 
vt 0.294317 0.843932 
vt 0.26141 0.760117 
vt 0.279468 0.732649 
vt 0.233426 0.70539 
vt 0.216711 0.736225 
vt 0.293903 0.882382 
vt 0.30726 0.875193 
vt 0.28421 0.854758 
vt 0.274421 0.865295 
vt 0.377453 0.991595 
vt 0.377453 0.975601 
vt 0.422447 0.975601 
vt 0.422447 0.991595 
vt 0.294573 0.781348 
vt 0.311679 0.756843 
vt 0.26172 0.837815 
vt 0.254412 0.850563 
vt 0.268983 0.824912 
vt 0.282228 0.802295 
vt 0.054569 0.705791 
vt 0.054569 0.666511 
vt 0.054569 0.796618 
vt 0.054569 0.749516 
vt 0.054569 0.837323 
vt 0.054569 0.866986 
vt 0.054569 0.90735 
vt 0.054569 0.944419 
vt 0.054569 0.965208 
vt 0.470075 0.975601 
vt 0.470075 0.991595 
vt 0.237131 0.860057 
vt 0.197848 0.84584 
vt 0.12462 0.861252 
vt 0.161225 0.850513 
vt 0.099713 0.88185 
vt 0.112166 0.871551 
vt 0.049423 0.96413 
vt 0.049423 0.950427 
vt 0.049423 0.921752 
vt 0.049423 0.882564 
vt 0.049423 0.849145 
vt 0.049423 0.828476 
vt 0.049423 0.806917 
vt 0.049423 0.790873 
vt 0.049423 0.757232 
vt 0.335788 0.940597 
vt 0.356288 0.941093 
vt 0.376651 0.942204 
vt 0.397926 0.946216 
vt 0.054569 0.658979 
vt 0.324227 0.942697 
vt 0.049423 0.752055 
vt 0.311357 0.945568 
vt 0.276437 0.881303 
vt 0.206821 0.645806 
vt 0.18289 0.629111 
vt 0.252218 0.671188 
vt 0.299888 0.70205 
vt 0.331736 0.729358 
vt 0.36852 0.774193 
vt 0.406342 0.829903 
vt 0.421637 0.890054 
vt 0.42817 0.944882 
vt 0.420993 0.953363 
vt 0.325932 0.193171 
vt 0.317263 0.203184 
vt 0.333392 0.226074 
vt 0.353768 0.224446 
vt 0.318655 0.229146 
vt 0.306327 0.212404 
vt 0.289194 0.225841 
vt 0.294522 0.239685 
vt 0.031654 0.216375 
vt 0.01127 0.194964 
vt 0.012317 0.256841 
vt 0.026082 0.258422 
vt 0.244461 0.253054 
vt 0.244973 0.262811 
vt 0.272056 0.250597 
vt 0.268603 0.240327 
vt 0.185434 0.265982 
vt 0.185808 0.27538 
vt 0.215457 0.271811 
vt 0.215699 0.262253 
vt 0.066888 0.266584 
vt 0.082558 0.25474 
vt 0.048591 0.232075 
vt 0.043424 0.26164 
vt 0.134249 0.268664 
vt 0.131848 0.278244 
vt 0.157987 0.277487 
vt 0.158694 0.268496 
vt 0.011715 0.267283 
vt 0.025146 0.268196 
vt 0.042208 0.270351 
vt 0.065582 0.27414 
vt 0.131614 0.284158 
vt 0.158162 0.283542 
vt 0.186065 0.28122 
vt 0.216195 0.277384 
vt 0.24676 0.268437 
vt 0.274539 0.2563 
vt 0.32078 0.237387 
vt 0.297277 0.246378 
vt 0.334359 0.235101 
vt 0.35412 0.234173 
vt 0.102848 0.275379 
vt 0.101922 0.281611 
vt 0.10601 0.263131 
vt 0.318413 0.187316 
vt 0.310491 0.197106 
vt 0.284809 0.220415 
vt 0.265224 0.235014 
vt 0.039344 0.209085 
vt 0.019892 0.187316 
vt 0.242041 0.247373 
vt 0.2144 0.256248 
vt 0.184821 0.25988 
vt 0.086742 0.247119 
vt 0.055037 0.224571 
vt 0.158426 0.261993 
vt 0.134962 0.261807 
vt 0.300918 0.206576 
vt 0.108163 0.256285 
vt 0.431982 0.684659 
vt 0.522759 0.623846 
vt 0.480692 0.621215 
vt 0.637886 0.525761 
vt 0.692631 0.525647 
vt 0.690055 0.556581 
vt 0.636908 0.552834 
vt 0.555223 0.748328 
vt 0.600994 0.729118 
vt 0.586906 0.706335 
vt 0.54649 0.722621 
vt 0.503712 0.754718 
vt 0.502877 0.727078 
vt 0.453242 0.722529 
vt 0.447157 0.749255 
vt 0.728755 0.98282 
vt 0.732584 0.937181 
vt 0.684524 0.954096 
vt 0.676866 0.98282 
vt 0.831842 0.929927 
vt 0.780643 0.920266 
vt 0.780644 0.98282 
vt 0.83768 0.98282 
vt 0.317188 0.537796 
vt 0.346628 0.522643 
vt 0.346718 0.536377 
vt 0.311693 0.584141 
vt 0.15637 0.303068 
vt 0.180897 0.295989 
vt 0.178218 0.286619 
vt 0.152747 0.294153 
vt 0.321598 0.4809 
vt 0.346395 0.47707 
vt 0.165356 0.333717 
vt 0.189882 0.326495 
vt 0.325222 0.316806 
vt 0.348693 0.316372 
vt 0.195868 0.442189 
vt 0.222462 0.434282 
vt 0.327122 0.270875 
vt 0.341739 0.265673 
vt 0.694913 0.794524 
vt 0.718404 0.808866 
vt 0.756272 0.804192 
vt 0.820702 0.77874 
vt 0.342099 0.640244 
vt 0.365158 0.599726 
vt 0.374899 0.638527 
vt 0.352707 0.56921 
vt 0.312705 0.641528 
vt 0.537895 0.695856 
vt 0.571351 0.68238 
vt 0.702346 0.907534 
vt 0.742229 0.885608 
vt 0.46139 0.692431 
vt 0.503176 0.698172 
vt 0.41014 0.710458 
vt 0.387246 0.733636 
vt 0.64549 0.69801 
vt 0.67938 0.661971 
vt 0.658258 0.643627 
vt 0.626888 0.67887 
vt 0.8208 0.885406 
vt 0.782113 0.875824 
vt 0.574136 0.795275 
vt 0.574341 0.824374 
vt 0.625433 0.819824 
vt 0.642981 0.800936 
vt 0.664748 0.278215 
vt 0.667292 0.304256 
vt 0.63042 0.307993 
vt 0.628783 0.281828 
vt 0.571335 0.833444 
vt 0.574621 0.833342 
vt 0.757434 0.813313 
vt 0.824034 0.804828 
vt 0.861897 0.773482 
vt 0.865223 0.79958 
vt 0.876725 0.798114 
vt 0.873398 0.772018 
vt 0.85295 0.801143 
vt 0.849624 0.775044 
vt 0.353161 0.263856 
vt 0.361483 0.316139 
vt 0.194213 0.451004 
vt 0.218633 0.454667 
vt 0.88191 0.797453 
vt 0.88197 0.770918 
vt 0.614515 0.308725 
vt 0.61322 0.282639 
vt 0.861667 0.156521 
vt 0.877602 0.156521 
vt 0.862945 0.110875 
vt 0.853184 0.110875 
vt 0.856499 0.172592 
vt 0.66099 0.172592 
vt 0.665336 0.222265 
vt 0.859302 0.205233 
vt 0.622161 0.528283 
vt 0.637642 0.588357 
vt 0.683092 0.594084 
vt 0.676893 0.609517 
vt 0.633438 0.598822 
vt 0.624749 0.557564 
vt 0.153564 0.594225 
vt 0.191528 0.598973 
vt 0.194472 0.583299 
vt 0.152747 0.575479 
vt 0.581743 0.283651 
vt 0.582551 0.310008 
vt 0.555802 0.310714 
vt 0.555199 0.284247 
vt 0.796194 0.156521 
vt 0.825681 0.156521 
vt 0.830011 0.085894 
vt 0.796221 0.07801 
vt 0.176214 0.546824 
vt 0.159754 0.557753 
vt 0.197485 0.567258 
vt 0.200456 0.551438 
vt 0.528103 0.284787 
vt 0.528628 0.311277 
vt 0.500458 0.311825 
vt 0.499959 0.285318 
vt 0.766011 0.156521 
vt 0.761615 0.084693 
vt 0.736134 0.110875 
vt 0.73624 0.156521 
vt 0.16387 0.612541 
vt 0.186531 0.625574 
vt 0.189056 0.612133 
vt 0.164801 0.607586 
vt 0.607396 0.309067 
vt 0.606198 0.282934 
vt 0.850437 0.156521 
vt 0.850458 0.110875 
vt 0.640003 0.110875 
vt 0.633982 0.156521 
vt 0.612615 0.268018 
vt 0.627829 0.267412 
vt 0.663088 0.263313 
vt 0.5549 0.269191 
vt 0.581392 0.268712 
vt 0.49968 0.270187 
vt 0.52782 0.269678 
vt 0.605684 0.268214 
vt 0.90049 0.795056 
vt 0.900549 0.768521 
vt 0.378062 0.260995 
vt 0.625842 0.253394 
vt 0.622549 0.239545 
vt 0.657347 0.233393 
vt 0.660763 0.248492 
vt 0.61231 0.253546 
vt 0.610833 0.239055 
vt 0.605411 0.253586 
vt 0.605527 0.238934 
vt 0.581069 0.238815 
vt 0.58116 0.253788 
vt 0.55445 0.239046 
vt 0.55465 0.254133 
vt 0.527308 0.239442 
vt 0.527555 0.254567 
vt 0.499142 0.239917 
vt 0.499408 0.255055 
vt 0.412182 0.241485 
vt 0.39583 0.256254 
vt 0.93052 0.791756 
vt 0.930578 0.765221 
vt 0.914188 0.766807 
vt 0.914128 0.793343 
vt 0.312553 0.278742 
vt 0.305771 0.317167 
vt 0.281401 0.485083 
vt 0.269962 0.554078 
vt 0.239079 0.639348 
vt 0.527072 0.224297 
vt 0.554284 0.22391 
vt 0.498879 0.224775 
vt 0.424742 0.226115 
vt 0.945302 0.790536 
vt 0.945361 0.764001 
vt 0.615632 0.224458 
vt 0.651616 0.217009 
vt 0.608115 0.224119 
vt 0.606039 0.224047 
vt 0.581091 0.223721 
vt 0.631854 0.621215 
vt 0.605751 0.658212 
vt 0.627648 0.593415 
vt 0.859488 0.907148 
vt 0.883042 0.939587 
vt 0.893705 0.98282 
vt 0.644516 0.817544 
vt 0.62662 0.829458 
vt 0.645684 0.827109 
vt 0.696317 0.811354 
vt 0.697653 0.820691 
vt 0.71953 0.817992 
vt 0.375943 0.662916 
vt 0.339737 0.662615 
vt 0.409891 0.656434 
vt 0.440038 0.633974 
vt 0.301522 0.661994 
vt 0.437976 0.099856 
vt 0.431861 0.155373 
vt 0.589792 0.152481 
vt 0.589193 0.098188 
vt 0.415217 0.764001 
vt 0.402324 0.815178 
vt 0.434449 0.820771 
vt 0.444305 0.764031 
vt 0.634869 0.061997 
vt 0.465088 0.823941 
vt 0.470745 0.767959 
vt 0.492919 0.82673 
vt 0.498596 0.770962 
vt 0.522291 0.829627 
vt 0.527942 0.774135 
vt 0.627339 0.153257 
vt 0.325932 0.193171 
vt 0.353768 0.224446 
vt 0.333392 0.226074 
vt 0.317263 0.203184 
vt 0.318655 0.229146 
vt 0.294522 0.239685 
vt 0.289194 0.225841 
vt 0.306327 0.212404 
vt 0.012317 0.256841 
vt 0.01127 0.194964 
vt 0.031654 0.216375 
vt 0.026082 0.258422 
vt 0.272056 0.250597 
vt 0.244973 0.262811 
vt 0.244461 0.253054 
vt 0.268603 0.240327 
vt 0.215457 0.271811 
vt 0.185808 0.27538 
vt 0.185434 0.265982 
vt 0.215699 0.262253 
vt 0.066888 0.266584 
vt 0.043424 0.26164 
vt 0.048591 0.232075 
vt 0.082558 0.25474 
vt 0.157987 0.277487 
vt 0.131848 0.278244 
vt 0.134249 0.268664 
vt 0.158694 0.268496 
vt 0.102848 0.275379 
vt 0.10601 0.263131 
vt 0.431982 0.684659 
vt 0.480692 0.621215 
vt 0.522759 0.623846 
vt 0.637886 0.525761 
vt 0.636908 0.552834 
vt 0.555223 0.748328 
vt 0.54649 0.722621 
vt 0.586906 0.706335 
vt 0.600994 0.729118 
vt 0.503712 0.754718 
vt 0.447157 0.749255 
vt 0.453242 0.722529 
vt 0.502877 0.727078 
vt 0.684524 0.954096 
vt 0.732584 0.937181 
vt 0.831842 0.929927 
vt 0.780643 0.920266 
vt 0.317188 0.537796 
vt 0.311693 0.584141 
vt 0.346718 0.536377 
vt 0.346628 0.522643 
vt 0.15637 0.303068 
vt 0.152747 0.294153 
vt 0.346395 0.47707 
vt 0.321598 0.4809 
vt 0.165356 0.333717 
vt 0.325222 0.316806 
vt 0.348693 0.316372 
vt 0.195868 0.442189 
vt 0.341739 0.265673 
vt 0.327122 0.270875 
vt 0.694913 0.794524 
vt 0.820702 0.77874 
vt 0.756272 0.804192 
vt 0.718404 0.808866 
vt 0.342099 0.640244 
vt 0.374899 0.638527 
vt 0.365158 0.599726 
vt 0.312705 0.641528 
vt 0.352707 0.56921 
vt 0.537895 0.695856 
vt 0.571351 0.68238 
vt 0.702346 0.907534 
vt 0.742229 0.885608 
vt 0.46139 0.692431 
vt 0.503176 0.698172 
vt 0.41014 0.710458 
vt 0.387246 0.733636 
vt 0.64549 0.69801 
vt 0.626888 0.67887 
vt 0.658258 0.643627 
vt 0.67938 0.661971 
vt 0.782113 0.875824 
vt 0.8208 0.885406 
vt 0.625433 0.819824 
vt 0.574341 0.824374 
vt 0.574136 0.795275 
vt 0.642981 0.800936 
vt 0.63042 0.307993 
vt 0.628783 0.281828 
vt 0.861897 0.773482 
vt 0.873398 0.772018 
vt 0.849624 0.775044 
vt 0.361483 0.316139 
vt 0.353161 0.263856 
vt 0.194213 0.451004 
vt 0.88197 0.770918 
vt 0.614515 0.308725 
vt 0.61322 0.282639 
vt 0.853184 0.110875 
vt 0.862945 0.110875 
vt 0.856499 0.172592 
vt 0.66099 0.172592 
vt 0.622161 0.528283 
vt 0.637642 0.588357 
vt 0.633438 0.598822 
vt 0.624749 0.557564 
vt 0.153564 0.594225 
vt 0.152747 0.575479 
vt 0.555802 0.310714 
vt 0.582551 0.310008 
vt 0.581743 0.283651 
vt 0.555199 0.284247 
vt 0.796221 0.07801 
vt 0.830011 0.085894 
vt 0.176214 0.546824 
vt 0.159754 0.557753 
vt 0.500458 0.311825 
vt 0.528628 0.311277 
vt 0.528103 0.284787 
vt 0.499959 0.285318 
vt 0.736134 0.110875 
vt 0.761615 0.084693 
vt 0.16387 0.612541 
vt 0.164801 0.607586 
vt 0.607396 0.309067 
vt 0.606198 0.282934 
vt 0.850458 0.110875 
vt 0.640003 0.110875 
vt 0.627829 0.267412 
vt 0.612615 0.268018 
vt 0.581392 0.268712 
vt 0.5549 0.269191 
vt 0.52782 0.269678 
vt 0.49968 0.270187 
vt 0.605684 0.268214 
vt 0.900549 0.768521 
vt 0.378062 0.260995 
vt 0.625842 0.253394 
vt 0.622549 0.239545 
vt 0.61231 0.253546 
vt 0.610833 0.239055 
vt 0.605411 0.253586 
vt 0.605527 0.238934 
vt 0.581069 0.238815 
vt 0.58116 0.253788 
vt 0.55445 0.239046 
vt 0.55465 0.254133 
vt 0.527308 0.239442 
vt 0.527555 0.254567 
vt 0.499142 0.239917 
vt 0.499408 0.255055 
vt 0.412182 0.241485 
vt 0.39583 0.256254 
vt 0.914188 0.766807 
vt 0.930578 0.765221 
vt 0.312553 0.278742 
vt 0.305771 0.317167 
vt 0.281401 0.485083 
vt 0.269962 0.554078 
vt 0.239079 0.639348 
vt 0.554284 0.22391 
vt 0.527072 0.224297 
vt 0.498879 0.224775 
vt 0.424742 0.226115 
vt 0.945361 0.764001 
vt 0.615632 0.224458 
vt 0.608115 0.224119 
vt 0.606039 0.224047 
vt 0.581091 0.223721 
vt 0.605751 0.658212 
vt 0.631854 0.621215 
vt 0.627648 0.593415 
vt 0.859488 0.907148 
vt 0.883042 0.939587 
vt 0.644516 0.817544 
vt 0.696317 0.811354 
vt 0.339737 0.662615 
vt 0.375943 0.662916 
vt 0.409891 0.656434 
vt 0.440038 0.633974 
vt 0.301522 0.661994 
vt 0.437976 0.099856 
vt 0.589792 0.152481 
vt 0.589193 0.098188 
vt 0.415217 0.764001 
vt 0.444305 0.764031 
vt 0.634869 0.061997 
vt 0.470745 0.767959 
vt 0.498596 0.770962 
vt 0.527942 0.774135 

usemtl TheGenerals451Mtl

f 1/1/1 2/2/2 3/3/3 
f 3/3/3 4/4/4 1/1/1 
f 5/5/5 6/6/6 2/2/2 
f 2/2/2 1/1/1 5/5/5 
f 7/7/7 8/8/8 6/6/6 
f 6/6/6 5/5/5 7/7/7 
f 9/9/9 10/10/10 8/8/8 
f 8/8/8 7/7/7 9/9/9 
f 11/11/11 12/12/12 10/10/10 
f 10/10/10 9/9/9 11/11/11 
f 4/4/4 3/3/3 13/13/13 
f 13/13/13 14/14/14 4/4/4 
f 15/15/15 16/16/16 17/17/17 
f 18/18/18 15/15/15 17/17/17 
f 19/19/19 18/18/18 17/17/17 
f 20/20/20 19/19/19 17/17/17 
f 21/21/21 20/20/20 17/17/17 
f 16/16/16 22/22/22 17/17/17 
f 23/23/23 24/24/24 25/25/25 
f 24/24/24 26/26/26 25/25/25 
f 26/26/26 27/27/27 25/25/25 
f 27/27/27 28/28/28 25/25/25 
f 28/28/28 29/29/29 25/25/25 
f 30/30/30 23/23/23 25/25/25 
f 31/31/31 32/32/32 33/33/33 
f 34/34/34 35/35/35 36/36/36 
f 36/36/36 37/37/37 34/34/34 
f 38/38/38 39/39/39 40/40/40 
f 40/40/40 41/41/41 38/38/38 
f 42/42/42 43/43/43 44/44/44 
f 44/44/44 45/45/45 42/42/42 
f 46/46/46 47/47/47 48/48/48 
f 48/48/48 49/49/49 46/46/46 
f 50/50/50 51/51/51 52/52/52 
f 52/52/52 53/53/53 50/50/50 
f 46/46/46 49/49/49 54/54/54 
f 54/54/54 55/55/55 46/46/46 
f 49/49/49 48/48/48 56/56/56 
f 56/56/56 38/38/38 49/49/49 
f 53/53/53 52/52/52 43/43/43 
f 43/43/43 42/42/42 53/53/53 
f 54/54/54 49/49/49 38/38/38 
f 38/38/38 41/41/41 54/54/54 
f 57/57/57 58/58/58 59/59/59 
f 59/59/59 60/60/60 57/57/57 
f 61/61/61 62/62/62 46/46/46 
f 46/46/46 55/55/55 61/61/61 
f 63/63/63 64/64/64 51/51/51 
f 51/51/51 50/50/50 63/63/63 
f 65/65/65 32/32/32 31/31/31 
f 31/31/31 66/66/66 67/67/67 
f 67/67/67 65/65/65 31/31/31 
f 31/31/31 68/68/68 66/66/66 
f 69/69/69 70/70/70 61/61/61 
f 61/61/61 55/55/55 69/69/69 
f 71/71/71 69/69/69 55/55/55 
f 55/55/55 54/54/54 71/71/71 
f 71/71/71 72/72/72 43/43/43 
f 43/43/43 52/52/52 71/71/71 
f 73/73/73 72/72/72 41/41/41 
f 41/41/41 40/40/40 73/73/73 
f 74/74/74 39/39/39 38/38/38 
f 38/38/38 56/56/56 74/74/74 
f 58/58/58 57/57/57 75/75/75 
f 75/75/75 76/76/76 58/58/58 
f 76/76/76 75/75/75 36/36/36 
f 36/36/36 35/35/35 76/76/76 
f 47/47/47 46/46/46 62/62/62 
f 62/62/62 77/77/77 47/47/47 
f 69/69/69 51/51/51 64/64/64 
f 64/64/64 70/70/70 69/69/69 
f 71/71/71 52/52/52 51/51/51 
f 51/51/51 69/69/69 71/71/71 
f 71/71/71 54/54/54 41/41/41 
f 41/41/41 72/72/72 71/71/71 
f 73/73/73 44/44/44 43/43/43 
f 43/43/43 72/72/72 73/73/73 
f 58/58/58 47/47/47 77/77/77 
f 77/77/77 59/59/59 58/58/58 
f 47/47/47 58/58/58 76/76/76 
f 76/76/76 48/48/48 47/47/47 
f 48/48/48 76/76/76 35/35/35 
f 35/35/35 56/56/56 48/48/48 
f 34/34/34 74/74/74 56/56/56 
f 56/56/56 35/35/35 34/34/34 
f 31/31/31 33/33/33 78/78/78 
f 79/79/79 80/80/80 34/34/34 
f 34/34/34 37/37/37 79/79/79 
f 40/40/40 39/39/39 81/81/81 
f 81/81/81 82/82/82 40/40/40 
f 44/44/44 83/83/83 84/84/84 
f 84/84/84 45/45/45 44/44/44 
f 85/85/85 86/86/86 87/87/87 
f 87/87/87 88/88/88 85/85/85 
f 89/89/89 90/90/90 91/91/91 
f 91/91/91 92/92/92 89/89/89 
f 93/93/93 88/88/88 87/87/87 
f 87/87/87 94/94/94 93/93/93 
f 95/95/95 85/85/85 88/88/88 
f 88/88/88 81/81/81 95/95/95 
f 83/83/83 89/89/89 92/92/92 
f 92/92/92 84/84/84 83/83/83 
f 81/81/81 88/88/88 93/93/93 
f 93/93/93 82/82/82 81/81/81 
f 96/96/96 97/97/97 98/98/98 
f 98/98/98 99/99/99 96/96/96 
f 87/87/87 100/100/100 101/101/101 
f 101/101/101 94/94/94 87/87/87 
f 90/90/90 102/102/102 103/103/103 
f 103/103/103 91/91/91 90/90/90 
f 104/104/104 31/31/31 78/78/78 
f 31/31/31 105/105/105 106/106/106 
f 105/105/105 31/31/31 104/104/104 
f 31/31/31 106/106/106 68/68/68 
f 101/101/101 107/107/107 108/108/108 
f 108/108/108 94/94/94 101/101/101 
f 94/94/94 108/108/108 109/109/109 
f 109/109/109 93/93/93 94/94/94 
f 83/83/83 110/110/110 109/109/109 
f 109/109/109 89/89/89 83/83/83 
f 82/82/82 110/110/110 73/73/73 
f 73/73/73 40/40/40 82/82/82 
f 81/81/81 39/39/39 74/74/74 
f 74/74/74 95/95/95 81/81/81 
f 111/111/111 98/98/98 97/97/97 
f 97/97/97 112/112/112 111/111/111 
f 79/79/79 111/111/111 112/112/112 
f 112/112/112 80/80/80 79/79/79 
f 100/100/100 87/87/87 86/86/86 
f 86/86/86 113/113/113 100/100/100 
f 102/102/102 90/90/90 108/108/108 
f 108/108/108 107/107/107 102/102/102 
f 90/90/90 89/89/89 109/109/109 
f 109/109/109 108/108/108 90/90/90 
f 82/82/82 93/93/93 109/109/109 
f 109/109/109 110/110/110 82/82/82 
f 83/83/83 44/44/44 73/73/73 
f 73/73/73 110/110/110 83/83/83 
f 113/113/113 86/86/86 97/97/97 
f 97/97/97 96/96/96 113/113/113 
f 112/112/112 97/97/97 86/86/86 
f 86/86/86 85/85/85 112/112/112 
f 80/80/80 112/112/112 85/85/85 
f 85/85/85 95/95/95 80/80/80 
f 95/95/95 74/74/74 34/34/34 
f 34/34/34 80/80/80 95/95/95 
f 114/114/114 115/115/115 116/116/116 
f 116/116/116 117/117/117 114/114/114 
f 118/118/118 119/119/119 120/120/120 
f 120/120/120 121/121/121 118/118/118 
f 122/122/122 123/123/123 124/124/124 
f 124/124/124 125/125/125 122/122/122 
f 126/126/126 127/127/127 128/128/128 
f 128/128/128 129/129/129 126/126/126 
f 126/126/126 129/129/129 130/130/130 
f 130/130/130 131/131/131 126/126/126 
f 132/132/132 133/133/133 134/134/134 
f 134/134/134 135/135/135 132/132/132 
f 129/129/129 119/119/119 136/136/136 
f 136/136/136 130/130/130 129/129/129 
f 119/119/119 118/118/118 137/137/137 
f 137/137/137 136/136/136 119/119/119 
f 114/114/114 117/117/117 138/138/138 
f 138/138/138 139/139/139 114/114/114 
f 139/139/139 138/138/138 140/140/140 
f 140/140/140 141/141/141 139/139/139 
f 142/142/142 143/143/143 116/116/116 
f 116/116/116 115/115/115 142/142/142 
f 114/114/114 139/139/139 144/144/144 
f 144/144/144 145/145/145 114/114/114 
f 114/114/114 145/145/145 146/146/146 
f 146/146/146 115/115/115 114/114/114 
f 139/139/139 141/141/141 147/147/147 
f 147/147/147 144/144/144 139/139/139 
f 148/148/148 149/149/149 150/150/150 
f 150/150/150 151/151/151 148/148/148 
f 142/142/142 115/115/115 146/146/146 
f 146/146/146 152/152/152 142/142/142 
f 148/148/148 147/147/147 141/141/141 
f 141/141/141 149/149/149 148/148/148 
f 140/140/140 153/153/153 149/149/149 
f 149/149/149 141/141/141 140/140/140 
f 131/131/131 154/154/154 155/155/155 
f 155/155/155 126/126/126 131/131/131 
f 156/156/156 157/157/157 158/158/158 
f 158/158/158 159/159/159 156/156/156 
f 156/156/156 159/159/159 160/160/160 
f 160/160/160 161/161/161 156/156/156 
f 162/162/162 159/159/159 158/158/158 
f 158/158/158 163/163/163 162/162/162 
f 160/160/160 159/159/159 162/162/162 
f 162/162/162 164/164/164 160/160/160 
f 165/165/165 166/166/166 167/167/167 
f 165/165/165 168/168/168 169/169/169 
f 165/165/165 169/169/169 170/170/170 
f 165/165/165 170/170/170 166/166/166 
f 171/171/171 172/172/172 173/173/173 
f 173/173/173 174/174/174 171/171/171 
f 175/175/175 176/176/176 154/154/154 
f 154/154/154 131/131/131 175/175/175 
f 177/177/177 175/175/175 131/131/131 
f 131/131/131 130/130/130 177/177/177 
f 178/178/178 177/177/177 130/130/130 
f 130/130/130 136/136/136 178/178/178 
f 178/178/178 179/179/179 153/153/153 
f 153/153/153 140/140/140 178/178/178 
f 168/168/168 165/165/165 180/180/180 
f 165/165/165 181/181/181 180/180/180 
f 124/124/124 182/182/182 183/183/183 
f 183/183/183 125/125/125 124/124/124 
f 184/184/184 132/132/132 135/135/135 
f 135/135/135 185/185/185 184/184/184 
f 127/127/127 126/126/126 155/155/155 
f 155/155/155 186/186/186 127/127/127 
f 123/123/123 122/122/122 134/134/134 
f 134/134/134 133/133/133 123/123/123 
f 120/120/120 119/119/119 129/129/129 
f 129/129/129 128/128/128 120/120/120 
f 143/143/143 187/187/187 176/176/176 
f 176/176/176 116/116/116 143/143/143 
f 175/175/175 117/117/117 116/116/116 
f 116/116/116 176/176/176 175/175/175 
f 177/177/177 138/138/138 117/117/117 
f 117/117/117 175/175/175 177/177/177 
f 178/178/178 140/140/140 138/138/138 
f 138/138/138 177/177/177 178/178/178 
f 178/178/178 136/136/136 137/137/137 
f 137/137/137 179/179/179 178/178/178 
f 187/187/187 188/188/188 154/154/154 
f 154/154/154 176/176/176 187/187/187 
f 162/162/162 189/189/189 190/190/190 
f 190/190/190 164/164/164 162/162/162 
f 173/173/173 156/156/156 161/161/161 
f 161/161/161 174/174/174 173/173/173 
f 157/157/157 156/156/156 173/173/173 
f 173/173/173 191/191/191 157/157/157 
f 123/123/123 127/127/127 186/186/186 
f 186/186/186 124/124/124 123/123/123 
f 127/127/127 123/123/123 133/133/133 
f 133/133/133 128/128/128 127/127/127 
f 132/132/132 120/120/120 128/128/128 
f 128/128/128 133/133/133 132/132/132 
f 121/121/121 120/120/120 132/132/132 
f 132/132/132 184/184/184 121/121/121 
f 192/192/192 193/193/193 194/194/194 
f 194/194/194 195/195/195 192/192/192 
f 196/196/196 197/197/197 198/198/198 
f 198/198/198 199/199/199 196/196/196 
f 200/200/200 201/201/201 202/202/202 
f 202/202/202 203/203/203 200/200/200 
f 204/204/204 205/205/205 206/206/206 
f 206/206/206 207/207/207 204/204/204 
f 208/208/208 207/207/207 206/206/206 
f 206/206/206 209/209/209 208/208/208 
f 210/210/210 211/211/211 212/212/212 
f 212/212/212 213/213/213 210/210/210 
f 214/214/214 199/199/199 207/207/207 
f 207/207/207 208/208/208 214/214/214 
f 215/215/215 196/196/196 199/199/199 
f 199/199/199 214/214/214 215/215/215 
f 216/216/216 195/195/195 194/194/194 
f 194/194/194 217/217/217 216/216/216 
f 218/218/218 216/216/216 217/217/217 
f 217/217/217 219/219/219 218/218/218 
f 192/192/192 143/143/143 142/142/142 
f 142/142/142 193/193/193 192/192/192 
f 220/220/220 217/217/217 194/194/194 
f 194/194/194 221/221/221 220/220/220 
f 222/222/222 221/221/221 194/194/194 
f 194/194/194 193/193/193 222/222/222 
f 223/223/223 219/219/219 217/217/217 
f 217/217/217 220/220/220 223/223/223 
f 222/222/222 193/193/193 142/142/142 
f 142/142/142 152/152/152 222/222/222 
f 219/219/219 223/223/223 224/224/224 
f 224/224/224 225/225/225 219/219/219 
f 218/218/218 219/219/219 225/225/225 
f 225/225/225 226/226/226 218/218/218 
f 227/227/227 228/228/228 209/209/209 
f 209/209/209 206/206/206 227/227/227 
f 229/229/229 230/230/230 231/231/231 
f 231/231/231 232/232/232 229/229/229 
f 160/160/160 232/232/232 231/231/231 
f 231/231/231 161/161/161 160/160/160 
f 229/229/229 232/232/232 233/233/233 
f 233/233/233 234/234/234 229/229/229 
f 233/233/233 232/232/232 160/160/160 
f 160/160/160 164/164/164 233/233/233 
f 165/165/165 167/167/167 235/235/235 
f 165/165/165 236/236/236 237/237/237 
f 165/165/165 238/238/238 236/236/236 
f 165/165/165 235/235/235 238/238/238 
f 239/239/239 240/240/240 171/171/171 
f 171/171/171 174/174/174 239/239/239 
f 228/228/228 241/241/241 242/242/242 
f 242/242/242 209/209/209 228/228/228 
f 209/209/209 242/242/242 243/243/243 
f 243/243/243 208/208/208 209/209/209 
f 208/208/208 243/243/243 244/244/244 
f 244/244/244 214/214/214 208/208/208 
f 226/226/226 245/245/245 244/244/244 
f 244/244/244 218/218/218 226/226/226 
f 237/237/237 246/246/246 165/165/165 
f 165/165/165 246/246/246 181/181/181 
f 183/183/183 182/182/182 200/200/200 
f 200/200/200 203/203/203 183/183/183 
f 247/247/247 248/248/248 213/213/213 
f 213/213/213 212/212/212 247/247/247 
f 227/227/227 206/206/206 205/205/205 
f 205/205/205 249/249/249 227/227/227 
f 210/210/210 202/202/202 201/201/201 
f 201/201/201 211/211/211 210/210/210 
f 207/207/207 199/199/199 198/198/198 
f 198/198/198 204/204/204 207/207/207 
f 241/241/241 187/187/187 143/143/143 
f 143/143/143 192/192/192 241/241/241 
f 192/192/192 195/195/195 242/242/242 
f 242/242/242 241/241/241 192/192/192 
f 195/195/195 216/216/216 243/243/243 
f 243/243/243 242/242/242 195/195/195 
f 216/216/216 218/218/218 244/244/244 
f 244/244/244 243/243/243 216/216/216 
f 215/215/215 214/214/214 244/244/244 
f 244/244/244 245/245/245 215/215/215 
f 228/228/228 188/188/188 187/187/187 
f 187/187/187 241/241/241 228/228/228 
f 190/190/190 250/250/250 233/233/233 
f 233/233/233 164/164/164 190/190/190 
f 161/161/161 231/231/231 239/239/239 
f 239/239/239 174/174/174 161/161/161 
f 230/230/230 251/251/251 239/239/239 
f 239/239/239 231/231/231 230/230/230 
f 249/249/249 205/205/205 201/201/201 
f 201/201/201 200/200/200 249/249/249 
f 211/211/211 201/201/201 205/205/205 
f 205/205/205 204/204/204 211/211/211 
f 204/204/204 198/198/198 212/212/212 
f 212/212/212 211/211/211 204/204/204 
f 197/197/197 247/247/247 212/212/212 
f 212/212/212 198/198/198 197/197/197 
f 150/150/150 149/149/149 153/153/153 
f 153/153/153 252/252/252 150/150/150 
f 252/252/252 153/153/153 179/179/179 
f 179/179/179 253/253/253 252/252/252 
f 253/253/253 179/179/179 137/137/137 
f 137/137/137 254/254/254 253/253/253 
f 254/254/254 137/137/137 118/118/118 
f 118/118/118 255/255/255 254/254/254 
f 255/255/255 118/118/118 121/121/121 
f 121/121/121 256/256/256 255/255/255 
f 256/256/256 121/121/121 184/184/184 
f 184/184/184 257/257/257 256/256/256 
f 257/257/257 184/184/184 185/185/185 
f 185/185/185 258/258/258 257/257/257 
f 247/247/247 259/259/259 260/260/260 
f 260/260/260 248/248/248 247/247/247 
f 197/197/197 261/261/261 259/259/259 
f 259/259/259 247/247/247 197/197/197 
f 196/196/196 262/262/262 261/261/261 
f 261/261/261 197/197/197 196/196/196 
f 215/215/215 263/263/263 262/262/262 
f 262/262/262 196/196/196 215/215/215 
f 245/245/245 264/264/264 263/263/263 
f 263/263/263 215/215/215 245/245/245 
f 226/226/226 265/265/265 264/264/264 
f 264/264/264 245/245/245 226/226/226 
f 225/225/225 266/266/266 265/265/265 
f 265/265/265 226/226/226 225/225/225 
f 267/267/267 266/266/266 225/225/225 
f 225/225/225 224/224/224 267/267/267 
f 268/268/268 269/269/269 270/270/270 
f 270/270/270 271/271/271 268/268/268 
f 272/272/272 273/273/273 274/274/274 
f 274/274/274 275/275/275 272/272/272 
f 276/276/276 275/275/275 274/274/274 
f 274/274/274 277/277/277 276/276/276 
f 278/278/278 279/279/279 280/280/280 
f 280/280/280 281/281/281 278/278/278 
f 269/269/269 268/268/268 282/282/282 
f 282/282/282 283/283/283 269/269/269 
f 270/270/270 278/278/278 281/281/281 
f 281/281/281 271/271/271 270/270/270 
f 283/283/283 282/282/282 273/273/273 
f 273/273/273 272/272/272 283/283/283 
f 281/281/281 280/280/280 284/284/284 
f 284/284/284 285/285/285 281/281/281 
f 281/281/281 285/285/285 286/286/286 
f 286/286/286 271/271/271 281/281/281 
f 268/268/268 271/271/271 286/286/286 
f 286/286/286 287/287/287 268/268/268 
f 282/282/282 268/268/268 287/287/287 
f 287/287/287 288/288/288 282/282/282 
f 273/273/273 282/282/282 288/288/288 
f 288/288/288 289/289/289 273/273/273 
f 274/274/274 273/273/273 289/289/289 
f 289/289/289 290/290/290 274/274/274 
f 277/277/277 274/274/274 290/290/290 
f 290/290/290 291/291/291 277/277/277 
f 292/292/292 276/276/276 277/277/277 
f 277/277/277 293/293/293 292/292/292 
f 294/294/294 275/275/275 276/276/276 
f 276/276/276 295/295/295 294/294/294 
f 296/296/296 272/272/272 275/275/275 
f 275/275/275 294/294/294 296/296/296 
f 297/297/297 283/283/283 272/272/272 
f 272/272/272 296/296/296 297/297/297 
f 298/298/298 269/269/269 283/283/283 
f 283/283/283 297/297/297 298/298/298 
f 298/298/298 299/299/299 270/270/270 
f 270/270/270 269/269/269 298/298/298 
f 299/299/299 300/300/300 278/278/278 
f 278/278/278 270/270/270 299/299/299 
f 301/301/301 279/279/279 278/278/278 
f 278/278/278 300/300/300 301/301/301 
f 302/302/302 303/303/303 304/304/304 
f 304/304/304 305/305/305 302/302/302 
f 306/306/306 307/307/307 308/308/308 
f 308/308/308 309/309/309 306/306/306 
f 310/310/310 311/311/311 306/306/306 
f 306/306/306 309/309/309 310/310/310 
f 312/312/312 313/313/313 314/314/314 
f 314/314/314 315/315/315 312/312/312 
f 316/316/316 302/302/302 305/305/305 
f 305/305/305 317/317/317 316/316/316 
f 304/304/304 303/303/303 315/315/315 
f 315/315/315 314/314/314 304/304/304 
f 307/307/307 316/316/316 317/317/317 
f 317/317/317 308/308/308 307/307/307 
f 284/284/284 312/312/312 315/315/315 
f 315/315/315 285/285/285 284/284/284 
f 286/286/286 285/285/285 315/315/315 
f 315/315/315 303/303/303 286/286/286 
f 286/286/286 303/303/303 302/302/302 
f 302/302/302 287/287/287 286/286/286 
f 316/316/316 288/288/288 287/287/287 
f 287/287/287 302/302/302 316/316/316 
f 307/307/307 289/289/289 288/288/288 
f 288/288/288 316/316/316 307/307/307 
f 306/306/306 290/290/290 289/289/289 
f 289/289/289 307/307/307 306/306/306 
f 290/290/290 306/306/306 311/311/311 
f 311/311/311 291/291/291 290/290/290 
f 292/292/292 293/293/293 311/311/311 
f 311/311/311 310/310/310 292/292/292 
f 294/294/294 295/295/295 310/310/310 
f 310/310/310 309/309/309 294/294/294 
f 296/296/296 294/294/294 309/309/309 
f 309/309/309 308/308/308 296/296/296 
f 297/297/297 296/296/296 308/308/308 
f 308/308/308 317/317/317 297/297/297 
f 298/298/298 297/297/297 317/317/317 
f 317/317/317 305/305/305 298/298/298 
f 304/304/304 299/299/299 298/298/298 
f 298/298/298 305/305/305 304/304/304 
f 314/314/314 300/300/300 299/299/299 
f 299/299/299 304/304/304 314/314/314 
f 301/301/301 300/300/300 314/314/314 
f 314/314/314 313/313/313 301/301/301 
f 318/318/318 319/319/319 320/320/320 
f 320/320/320 321/321/321 318/318/318 
f 322/322/322 323/323/323 324/324/324 
f 324/324/324 325/325/325 322/322/322 
f 326/326/326 327/327/327 328/328/328 
f 328/328/328 329/329/329 326/326/326 
f 330/330/330 331/331/331 332/332/332 
f 332/332/332 333/333/333 330/330/330 
f 326/326/326 332/332/332 331/331/331 
f 331/331/331 327/327/327 326/326/326 
f 334/334/334 335/335/335 320/320/320 
f 320/320/320 319/319/319 334/334/334 
f 336/336/336 337/337/337 338/338/338 
f 338/338/338 339/339/339 336/336/336 
f 340/340/340 341/341/341 342/342/342 
f 342/342/342 343/343/343 340/340/340 
f 338/338/338 340/340/340 343/343/343 
f 343/343/343 339/339/339 338/338/338 
f 326/326/326 329/329/329 344/344/344 
f 344/344/344 345/345/345 326/326/326 
f 346/346/346 347/347/347 323/323/323 
f 323/323/323 322/322/322 346/346/346 
f 348/348/348 333/333/333 332/332/332 
f 332/332/332 349/349/349 348/348/348 
f 345/345/345 349/349/349 332/332/332 
f 332/332/332 326/326/326 345/345/345 
f 337/337/337 328/328/328 327/327/327 
f 327/327/327 338/338/338 337/337/337 
f 325/325/325 324/324/324 335/335/335 
f 335/335/335 334/334/334 325/325/325 
f 331/331/331 330/330/330 341/341/341 
f 341/341/341 340/340/340 331/331/331 
f 327/327/327 331/331/331 340/340/340 
f 340/340/340 338/338/338 327/327/327 
f 350/350/350 351/351/351 352/352/352 
f 352/352/352 353/353/353 350/350/350 
f 354/354/354 355/355/355 351/351/351 
f 351/351/351 350/350/350 354/354/354 
f 356/356/356 357/357/357 355/355/355 
f 355/355/355 354/354/354 356/356/356 
f 358/358/358 359/359/359 360/360/360 
f 360/360/360 361/361/361 358/358/358 
f 362/362/362 363/363/363 359/359/359 
f 359/359/359 358/358/358 362/362/362 
f 364/364/364 365/365/365 363/363/363 
f 363/363/363 362/362/362 364/364/364 
f 366/366/366 367/367/367 365/365/365 
f 365/365/365 364/364/364 366/366/366 
f 353/353/353 352/352/352 367/367/367 
f 367/367/367 366/366/366 353/353/353 
f 368/368/368 369/369/369 370/370/370 
f 371/371/371 368/368/368 370/370/370 
f 372/372/372 371/371/371 370/370/370 
f 373/373/373 374/374/374 370/370/370 
f 375/375/375 373/373/373 370/370/370 
f 376/376/376 375/375/375 370/370/370 
f 377/377/377 376/376/376 370/370/370 
f 369/369/369 377/377/377 370/370/370 
f 378/378/378 379/379/379 380/380/380 
f 379/379/379 381/381/381 380/380/380 
f 381/381/381 382/382/382 380/380/380 
f 383/383/383 384/384/384 380/380/380 
f 384/384/384 385/385/385 380/380/380 
f 385/385/385 386/386/386 380/380/380 
f 386/386/386 387/387/387 380/380/380 
f 387/387/387 378/378/378 380/380/380 
f 388/388/388 389/389/389 390/390/390 
f 390/390/390 391/391/391 388/388/388 
f 391/391/391 390/390/390 392/392/392 
f 392/392/392 393/393/393 391/391/391 
f 393/393/393 392/392/392 394/394/394 
f 394/394/394 395/395/395 393/393/393 
f 395/395/395 394/394/394 396/396/396 
f 396/396/396 397/397/397 395/395/395 
f 397/397/397 396/396/396 398/398/398 
f 398/398/398 399/399/399 397/397/397 
f 399/399/399 398/398/398 400/400/400 
f 400/400/400 401/401/401 399/399/399 
f 402/402/402 403/403/403 404/404/404 
f 404/404/404 405/405/405 402/402/402 
f 405/405/405 404/404/404 389/389/389 
f 389/389/389 388/388/388 405/405/405 
f 351/351/351 406/406/406 407/407/407 
f 407/407/407 352/352/352 351/351/351 
f 352/352/352 407/407/407 408/408/408 
f 408/408/408 367/367/367 352/352/352 
f 367/367/367 408/408/408 409/409/409 
f 409/409/409 365/365/365 367/367/367 
f 365/365/365 409/409/409 410/410/410 
f 410/410/410 363/363/363 365/365/365 
f 363/363/363 410/410/410 411/411/411 
f 411/411/411 359/359/359 363/363/363 
f 359/359/359 411/411/411 412/412/412 
f 412/412/412 360/360/360 359/359/359 
f 357/357/357 413/413/413 414/414/414 
f 414/414/414 355/355/355 357/357/357 
f 355/355/355 414/414/414 406/406/406 
f 406/406/406 351/351/351 355/355/355 
f 415/415/415 416/416/416 417/417/417 
f 417/417/417 418/418/418 415/415/415 
f 416/416/416 419/419/419 420/420/420 
f 420/420/420 417/417/417 416/416/416 
f 419/419/419 357/357/357 356/356/356 
f 356/356/356 420/420/420 419/419/419 
f 360/360/360 421/421/421 422/422/422 
f 422/422/422 361/361/361 360/360/360 
f 421/421/421 423/423/423 424/424/424 
f 424/424/424 422/422/422 421/421/421 
f 423/423/423 425/425/425 426/426/426 
f 426/426/426 424/424/424 423/423/423 
f 425/425/425 427/427/427 428/428/428 
f 428/428/428 426/426/426 425/425/425 
f 427/427/427 415/415/415 418/418/418 
f 418/418/418 428/428/428 427/427/427 
f 429/429/429 370/370/370 430/430/430 
f 431/431/431 370/370/370 429/429/429 
f 372/372/372 370/370/370 431/431/431 
f 432/432/432 370/370/370 374/374/374 
f 433/433/433 370/370/370 432/432/432 
f 434/434/434 370/370/370 433/433/433 
f 435/435/435 370/370/370 434/434/434 
f 430/430/430 370/370/370 435/435/435 
f 436/436/436 380/380/380 437/437/437 
f 437/437/437 380/380/380 438/438/438 
f 438/438/438 380/380/380 382/382/382 
f 383/383/383 380/380/380 439/439/439 
f 439/439/439 380/380/380 440/440/440 
f 440/440/440 380/380/380 441/441/441 
f 441/441/441 380/380/380 442/442/442 
f 442/442/442 380/380/380 436/436/436 
f 443/443/443 444/444/444 445/445/445 
f 445/445/445 446/446/446 443/443/443 
f 447/447/447 443/443/443 446/446/446 
f 446/446/446 448/448/448 447/447/447 
f 449/449/449 447/447/447 448/448/448 
f 448/448/448 450/450/450 449/449/449 
f 451/451/451 449/449/449 450/450/450 
f 450/450/450 452/452/452 451/451/451 
f 453/453/453 451/451/451 452/452/452 
f 452/452/452 454/454/454 453/453/453 
f 400/400/400 453/453/453 454/454/454 
f 454/454/454 401/401/401 400/400/400 
f 455/455/455 403/403/403 402/402/402 
f 402/402/402 456/456/456 455/455/455 
f 444/444/444 455/455/455 456/456/456 
f 456/456/456 445/445/445 444/444/444 
f 457/457/457 458/458/458 416/416/416 
f 416/416/416 415/415/415 457/457/457 
f 459/459/459 457/457/457 415/415/415 
f 415/415/415 427/427/427 459/459/459 
f 460/460/460 459/459/459 427/427/427 
f 427/427/427 425/425/425 460/460/460 
f 461/461/461 460/460/460 425/425/425 
f 425/425/425 423/423/423 461/461/461 
f 462/462/462 461/461/461 423/423/423 
f 423/423/423 421/421/421 462/462/462 
f 412/412/412 462/462/462 421/421/421 
f 421/421/421 360/360/360 412/412/412 
f 463/463/463 413/413/413 357/357/357 
f 357/357/357 419/419/419 463/463/463 
f 458/458/458 463/463/463 419/419/419 
f 419/419/419 416/416/416 458/458/458 
f 464/464/464 465/465/465 466/466/466 
f 466/466/466 467/467/467 464/464/464 
f 468/468/468 469/469/469 470/470/470 
f 470/470/470 471/471/471 468/468/468 
f 472/472/472 473/473/473 474/474/474 
f 474/474/474 475/475/475 472/472/472 
f 476/476/476 477/477/477 478/478/478 
f 478/478/478 479/479/479 476/476/476 
f 480/480/480 481/481/481 482/482/482 
f 482/482/482 483/483/483 480/480/480 
f 484/484/484 485/485/485 486/486/486 
f 486/486/486 487/487/487 484/484/484 
f 488/488/488 489/489/489 490/490/490 
f 490/490/490 491/491/491 488/488/488 
f 492/492/492 493/493/493 494/494/494 
f 494/494/494 495/495/495 492/492/492 
f 496/496/496 497/497/497 498/498/498 
f 498/498/498 499/499/499 496/496/496 
f 500/500/500 501/501/501 502/502/502 
f 502/502/502 503/503/503 500/500/500 
f 504/504/504 505/505/505 506/506/506 
f 506/506/506 507/507/507 504/504/504 
f 508/508/508 509/509/509 510/510/510 
f 510/510/510 511/511/511 508/508/508 
f 512/512/512 513/513/513 514/514/514 
f 514/514/514 515/515/515 512/512/512 
f 516/516/516 517/517/517 518/518/518 
f 518/518/518 519/519/519 516/516/516 
f 520/520/520 521/521/521 522/522/522 
f 522/522/522 523/523/523 520/520/520 
f 524/524/524 525/525/525 496/496/496 
f 496/496/496 499/499/499 524/524/524 
f 518/518/518 517/517/517 526/526/526 
f 526/526/526 527/527/527 518/518/518 
f 528/528/528 529/529/529 508/508/508 
f 508/508/508 511/511/511 528/528/528 
f 473/473/473 476/476/476 479/479/479 
f 479/479/479 474/474/474 473/473/473 
f 489/489/489 484/484/484 487/487/487 
f 487/487/487 490/490/490 489/489/489 
f 481/481/481 480/480/480 512/512/512 
f 512/512/512 515/515/515 481/481/481 
f 477/477/477 529/529/529 528/528/528 
f 528/528/528 478/478/478 477/477/477 
f 485/485/485 527/527/527 526/526/526 
f 526/526/526 486/486/486 485/485/485 
f 514/514/514 513/513/513 525/525/525 
f 525/525/525 524/524/524 514/514/514 
f 530/530/530 531/531/531 532/532/532 
f 532/532/532 533/533/533 530/530/530 
f 534/534/534 535/535/535 536/536/536 
f 536/536/536 537/537/537 534/534/534 
f 538/538/538 537/537/537 536/536/536 
f 536/536/536 539/539/539 538/538/538 
f 539/539/539 540/540/540 541/541/541 
f 541/541/541 538/538/538 539/539/539 
f 542/542/542 543/543/543 541/541/541 
f 541/541/541 540/540/540 542/542/542 
f 543/543/543 542/542/542 544/544/544 
f 544/544/544 545/545/545 543/543/543 
f 545/545/545 544/544/544 546/546/546 
f 546/546/546 547/547/547 545/545/545 
f 548/548/548 549/549/549 550/550/550 
f 550/550/550 551/551/551 548/548/548 
f 552/552/552 553/553/553 554/554/554 
f 554/554/554 555/555/555 552/552/552 
f 556/556/556 557/557/557 558/558/558 
f 558/558/558 559/559/559 556/556/556 
f 560/560/560 561/561/561 562/562/562 
f 562/562/562 563/563/563 560/560/560 
f 564/564/564 495/495/495 494/494/494 
f 494/494/494 565/565/565 564/564/564 
f 566/566/566 567/567/567 568/568/568 
f 568/568/568 569/569/569 566/566/566 
f 570/570/570 566/566/566 569/569/569 
f 569/569/569 571/571/571 570/570/570 
f 570/570/570 571/571/571 572/572/572 
f 572/572/572 573/573/573 570/570/570 
f 573/573/573 572/572/572 574/574/574 
f 574/574/574 575/575/575 573/573/573 
f 576/576/576 577/577/577 575/575/575 
f 575/575/575 574/574/574 576/576/576 
f 578/578/578 577/577/577 576/576/576 
f 576/576/576 579/579/579 578/578/578 
f 580/580/580 581/581/581 582/582/582 
f 582/582/582 583/583/583 580/580/580 
f 502/502/502 501/501/501 584/584/584 
f 584/584/584 585/585/585 502/502/502 
f 465/465/465 586/586/586 587/587/587 
f 587/587/587 466/466/466 465/465/465 
f 530/530/530 588/588/588 589/589/589 
f 589/589/589 531/531/531 530/530/530 
f 563/563/563 562/562/562 559/559/559 
f 559/559/559 558/558/558 563/563/563 
f 493/493/493 492/492/492 471/471/471 
f 471/471/471 470/470/470 493/493/493 
f 475/475/475 474/474/474 489/489/489 
f 489/489/489 488/488/488 475/475/475 
f 484/484/484 489/489/489 474/474/474 
f 474/474/474 479/479/479 484/484/484 
f 479/479/479 478/478/478 485/485/485 
f 485/485/485 484/484/484 479/479/479 
f 527/527/527 485/485/485 478/478/478 
f 478/478/478 528/528/528 527/527/527 
f 511/511/511 518/518/518 527/527/527 
f 527/527/527 528/528/528 511/511/511 
f 519/519/519 518/518/518 511/511/511 
f 511/511/511 510/510/510 519/519/519 
f 507/507/507 506/506/506 503/503/503 
f 503/503/503 502/502/502 507/507/507 
f 507/507/507 502/502/502 585/585/585 
f 585/585/585 590/590/590 507/507/507 
f 591/591/591 592/592/592 580/580/580 
f 580/580/580 583/583/583 591/591/591 
f 504/504/504 507/507/507 590/590/590 
f 590/590/590 593/593/593 504/504/504 
f 553/553/553 594/594/594 595/595/595 
f 595/595/595 554/554/554 553/553/553 
f 521/521/521 596/596/596 597/597/597 
f 597/597/597 522/522/522 521/521/521 
f 598/598/598 480/480/480 483/483/483 
f 483/483/483 599/599/599 598/598/598 
f 480/480/480 598/598/598 600/600/600 
f 600/600/600 512/512/512 480/480/480 
f 512/512/512 600/600/600 601/601/601 
f 601/601/601 513/513/513 512/512/512 
f 513/513/513 601/601/601 602/602/602 
f 602/602/602 525/525/525 513/513/513 
f 525/525/525 602/602/602 603/603/603 
f 603/603/603 496/496/496 525/525/525 
f 497/497/497 496/496/496 603/603/603 
f 603/603/603 604/604/604 497/497/497 
f 605/605/605 606/606/606 465/465/465 
f 465/465/465 464/464/464 605/605/605 
f 465/465/465 606/606/606 607/607/607 
f 607/607/607 586/586/586 465/465/465 
f 552/552/552 555/555/555 557/557/557 
f 557/557/557 556/556/556 552/552/552 
f 520/520/520 523/523/523 469/469/469 
f 469/469/469 468/468/468 520/520/520 
f 481/481/481 473/473/473 472/472/472 
f 472/472/472 482/482/482 481/481/481 
f 481/481/481 515/515/515 476/476/476 
f 476/476/476 473/473/473 481/481/481 
f 515/515/515 514/514/514 477/477/477 
f 477/477/477 476/476/476 515/515/515 
f 514/514/514 524/524/524 529/529/529 
f 529/529/529 477/477/477 514/514/514 
f 529/529/529 524/524/524 499/499/499 
f 499/499/499 508/508/508 529/529/529 
f 509/509/509 508/508/508 499/499/499 
f 499/499/499 498/498/498 509/509/509 
f 501/501/501 500/500/500 467/467/467 
f 467/467/467 466/466/466 501/501/501 
f 501/501/501 466/466/466 587/587/587 
f 587/587/587 584/584/584 501/501/501 
f 608/608/608 609/609/609 610/610/610 
f 610/610/610 611/611/611 608/608/608 
f 612/612/612 613/613/613 614/614/614 
f 614/614/614 615/615/615 612/612/612 
f 616/616/616 617/617/617 618/618/618 
f 618/618/618 619/619/619 616/616/616 
f 620/620/620 621/621/621 622/622/622 
f 622/622/622 623/623/623 620/620/620 
f 624/624/624 625/625/625 626/626/626 
f 626/626/626 627/627/627 624/624/624 
f 628/628/628 629/629/629 630/630/630 
f 630/630/630 631/631/631 628/628/628 
f 632/632/632 633/633/633 634/634/634 
f 634/634/634 635/635/635 632/632/632 
f 636/636/636 637/637/637 638/638/638 
f 638/638/638 639/639/639 636/636/636 
f 640/640/640 641/641/641 642/642/642 
f 642/642/642 643/643/643 640/640/640 
f 644/644/644 645/645/645 646/646/646 
f 646/646/646 647/647/647 644/644/644 
f 648/648/648 649/649/649 650/650/650 
f 650/650/650 651/651/651 648/648/648 
f 652/652/652 653/653/653 654/654/654 
f 654/654/654 655/655/655 652/652/652 
f 656/656/656 657/657/657 658/658/658 
f 658/658/658 659/659/659 656/656/656 
f 660/660/660 661/661/661 662/662/662 
f 662/662/662 663/663/663 660/660/660 
f 664/664/664 665/665/665 666/666/666 
f 666/666/666 667/667/667 664/664/664 
f 668/668/668 643/643/643 642/642/642 
f 642/642/642 669/669/669 668/668/668 
f 662/662/662 670/670/670 671/671/671 
f 671/671/671 663/663/663 662/662/662 
f 672/672/672 655/655/655 654/654/654 
f 654/654/654 673/673/673 672/672/672 
f 619/619/619 618/618/618 621/621/621 
f 621/621/621 620/620/620 619/619/619 
f 629/629/629 628/628/628 635/635/635 
f 635/635/635 634/634/634 629/629/629 
f 625/625/625 659/659/659 658/658/658 
f 658/658/658 626/626/626 625/625/625 
f 623/623/623 622/622/622 672/672/672 
f 672/672/672 673/673/673 623/623/623 
f 671/671/671 670/670/670 631/631/631 
f 631/631/631 630/630/630 671/671/671 
f 656/656/656 668/668/668 669/669/669 
f 669/669/669 657/657/657 656/656/656 
f 674/674/674 675/675/675 530/530/530 
f 530/530/530 533/533/533 674/674/674 
f 676/676/676 677/677/677 534/534/534 
f 534/534/534 537/537/537 676/676/676 
f 538/538/538 678/678/678 676/676/676 
f 676/676/676 537/537/537 538/538/538 
f 678/678/678 538/538/538 541/541/541 
f 541/541/541 679/679/679 678/678/678 
f 541/541/541 543/543/543 680/680/680 
f 680/680/680 679/679/679 541/541/541 
f 681/681/681 680/680/680 543/543/543 
f 543/543/543 545/545/545 681/681/681 
f 682/682/682 681/681/681 545/545/545 
f 545/545/545 547/547/547 682/682/682 
f 683/683/683 551/551/551 550/550/550 
f 550/550/550 684/684/684 683/683/683 
f 685/685/685 553/553/553 552/552/552 
f 552/552/552 686/686/686 685/685/685 
f 687/687/687 688/688/688 556/556/556 
f 556/556/556 559/559/559 687/687/687 
f 689/689/689 690/690/690 562/562/562 
f 562/562/562 561/561/561 689/689/689 
f 636/636/636 639/639/639 564/564/564 
f 564/564/564 565/565/565 636/636/636 
f 691/691/691 567/567/567 566/566/566 
f 566/566/566 692/692/692 691/691/691 
f 692/692/692 566/566/566 570/570/570 
f 570/570/570 693/693/693 692/692/692 
f 694/694/694 693/693/693 570/570/570 
f 570/570/570 573/573/573 694/694/694 
f 695/695/695 694/694/694 573/573/573 
f 573/573/573 575/575/575 695/695/695 
f 696/696/696 695/695/695 575/575/575 
f 575/575/575 577/577/577 696/696/696 
f 696/696/696 577/577/577 578/578/578 
f 578/578/578 697/697/697 696/696/696 
f 698/698/698 581/581/581 580/580/580 
f 580/580/580 699/699/699 698/698/698 
f 644/644/644 700/700/700 701/701/701 
f 701/701/701 645/645/645 644/644/644 
f 702/702/702 703/703/703 611/611/611 
f 611/611/611 610/610/610 702/702/702 
f 530/530/530 675/675/675 704/704/704 
f 704/704/704 588/588/588 530/530/530 
f 690/690/690 687/687/687 559/559/559 
f 559/559/559 562/562/562 690/690/690 
f 637/637/637 614/614/614 613/613/613 
f 613/613/613 638/638/638 637/637/637 
f 617/617/617 632/632/632 635/635/635 
f 635/635/635 618/618/618 617/617/617 
f 628/628/628 621/621/621 618/618/618 
f 618/618/618 635/635/635 628/628/628 
f 621/621/621 628/628/628 631/631/631 
f 631/631/631 622/622/622 621/621/621 
f 670/670/670 672/672/672 622/622/622 
f 622/622/622 631/631/631 670/670/670 
f 655/655/655 672/672/672 670/670/670 
f 670/670/670 662/662/662 655/655/655 
f 661/661/661 652/652/652 655/655/655 
f 655/655/655 662/662/662 661/661/661 
f 649/649/649 644/644/644 647/647/647 
f 647/647/647 650/650/650 649/649/649 
f 700/700/700 644/644/644 649/649/649 
f 649/649/649 705/705/705 700/700/700 
f 580/580/580 592/592/592 706/706/706 
f 706/706/706 699/699/699 580/580/580 
f 648/648/648 707/707/707 705/705/705 
f 705/705/705 649/649/649 648/648/648 
f 708/708/708 594/594/594 553/553/553 
f 553/553/553 685/685/685 708/708/708 
f 683/683/683 684/684/684 667/667/667 
f 667/667/667 666/666/666 683/683/683 
f 627/627/627 626/626/626 709/709/709 
f 709/709/709 710/710/710 627/627/627 
f 711/711/711 709/709/709 626/626/626 
f 626/626/626 658/658/658 711/711/711 
f 712/712/712 711/711/711 658/658/658 
f 658/658/658 657/657/657 712/712/712 
f 713/713/713 712/712/712 657/657/657 
f 657/657/657 669/669/669 713/713/713 
f 714/714/714 713/713/713 669/669/669 
f 669/669/669 642/642/642 714/714/714 
f 641/641/641 715/715/715 714/714/714 
f 714/714/714 642/642/642 641/641/641 
f 716/716/716 608/608/608 611/611/611 
f 611/611/611 717/717/717 716/716/716 
f 718/718/718 717/717/717 611/611/611 
f 611/611/611 703/703/703 718/718/718 
f 688/688/688 686/686/686 552/552/552 
f 552/552/552 556/556/556 688/688/688 
f 664/664/664 612/612/612 615/615/615 
f 615/615/615 665/665/665 664/664/664 
f 616/616/616 619/619/619 625/625/625 
f 625/625/625 624/624/624 616/616/616 
f 625/625/625 619/619/619 620/620/620 
f 620/620/620 659/659/659 625/625/625 
f 659/659/659 620/620/620 623/623/623 
f 623/623/623 656/656/656 659/659/659 
f 656/656/656 623/623/623 673/673/673 
f 673/673/673 668/668/668 656/656/656 
f 643/643/643 668/668/668 673/673/673 
f 673/673/673 654/654/654 643/643/643 
f 653/653/653 640/640/640 643/643/643 
f 643/643/643 654/654/654 653/653/653 
f 645/645/645 610/610/610 609/609/609 
f 609/609/609 646/646/646 645/645/645 
f 702/702/702 610/610/610 645/645/645 
f 645/645/645 701/701/701 702/702/702 
f 497/497/497 464/464/464 467/467/467 
f 467/467/467 498/498/498 497/497/497 
f 500/500/500 509/509/509 498/498/498 
f 498/498/498 467/467/467 500/500/500 
f 509/509/509 500/500/500 503/503/503 
f 503/503/503 510/510/510 509/509/509 
f 506/506/506 519/519/519 510/510/510 
f 510/510/510 503/503/503 506/506/506 
f 505/505/505 516/516/516 519/519/519 
f 519/519/519 506/506/506 505/505/505 
f 582/582/582 581/581/581 578/578/578 
f 578/578/578 579/579/579 582/582/582 
f 698/698/698 697/697/697 578/578/578 
f 578/578/578 581/581/581 698/698/698 
f 651/651/651 650/650/650 661/661/661 
f 661/661/661 660/660/660 651/651/651 
f 650/650/650 647/647/647 652/652/652 
f 652/652/652 661/661/661 650/650/650 
f 653/653/653 652/652/652 647/647/647 
f 647/647/647 646/646/646 653/653/653 
f 646/646/646 609/609/609 640/640/640 
f 640/640/640 653/653/653 646/646/646 
f 641/641/641 640/640/640 609/609/609 
f 609/609/609 608/608/608 641/641/641 
f 608/608/608 716/716/716 715/715/715 
f 715/715/715 641/641/641 608/608/608 
f 534/534/534 677/677/677 674/674/674 
f 674/674/674 533/533/533 534/534/534 
f 534/534/534 533/533/533 532/532/532 
f 532/532/532 535/535/535 534/534/534 
f 464/464/464 497/497/497 604/604/604 
f 604/604/604 605/605/605 464/464/464 
f 719/719/719 720/720/720 721/721/721 
f 721/721/721 722/722/722 719/719/719 
f 723/723/723 724/724/724 725/725/725 
f 725/725/725 726/726/726 723/723/723 
f 727/727/727 728/728/728 729/729/729 
f 729/729/729 730/730/730 727/727/727 
f 731/731/731 732/732/732 733/733/733 
f 733/733/733 734/734/734 731/731/731 
f 735/735/735 736/736/736 737/737/737 
f 737/737/737 738/738/738 735/735/735 
f 739/739/739 740/740/740 741/741/741 
f 741/741/741 742/742/742 739/739/739 
f 743/743/743 744/744/744 745/745/745 
f 745/745/745 746/746/746 743/743/743 
f 730/730/730 729/729/729 747/747/747 
f 747/747/747 748/748/748 730/730/730 
f 739/739/739 742/742/742 749/749/749 
f 749/749/749 750/750/750 739/739/739 
f 744/744/744 751/751/751 752/752/752 
f 752/752/752 745/745/745 744/744/744 
f 736/736/736 753/753/753 754/754/754 
f 754/754/754 737/737/737 736/736/736 
f 732/732/732 755/755/755 756/756/756 
f 756/756/756 733/733/733 732/732/732 
f 757/757/757 723/723/723 726/726/726 
f 726/726/726 758/758/758 757/757/757 
f 721/721/721 759/759/759 760/760/760 
f 760/760/760 722/722/722 721/721/721 
f 723/723/723 757/757/757 759/759/759 
f 759/759/759 721/721/721 723/723/723 
f 720/720/720 724/724/724 723/723/723 
f 723/723/723 721/721/721 720/720/720 
f 758/758/758 726/726/726 733/733/733 
f 733/733/733 756/756/756 758/758/758 
f 734/734/734 733/733/733 726/726/726 
f 726/726/726 725/725/725 734/734/734 
f 737/737/737 754/754/754 755/755/755 
f 755/755/755 732/732/732 737/737/737 
f 738/738/738 737/737/737 732/732/732 
f 732/732/732 731/731/731 738/738/738 
f 745/745/745 752/752/752 753/753/753 
f 753/753/753 736/736/736 745/745/745 
f 746/746/746 745/745/745 736/736/736 
f 736/736/736 735/735/735 746/746/746 
f 761/761/761 762/762/762 751/751/751 
f 751/751/751 744/744/744 761/761/761 
f 763/763/763 761/761/761 744/744/744 
f 744/744/744 743/743/743 763/763/763 
f 761/761/761 763/763/763 740/740/740 
f 740/740/740 739/739/739 761/761/761 
f 761/761/761 739/739/739 750/750/750 
f 750/750/750 762/762/762 761/761/761 
f 741/741/741 727/727/727 730/730/730 
f 730/730/730 742/742/742 741/741/741 
f 742/742/742 730/730/730 748/748/748 
f 748/748/748 749/749/749 742/742/742 
f 764/764/764 765/765/765 720/720/720 
f 720/720/720 719/719/719 764/764/764 
f 766/766/766 767/767/767 734/734/734 
f 734/734/734 725/725/725 766/766/766 
f 727/727/727 768/768/768 769/769/769 
f 769/769/769 728/728/728 727/727/727 
f 770/770/770 771/771/771 738/738/738 
f 738/738/738 731/731/731 770/770/770 
f 771/771/771 772/772/772 735/735/735 
f 735/735/735 738/738/738 771/771/771 
f 740/740/740 773/773/773 774/774/774 
f 774/774/774 741/741/741 740/740/740 
f 775/775/775 776/776/776 743/743/743 
f 743/743/743 746/746/746 775/775/775 
f 765/765/765 777/777/777 724/724/724 
f 724/724/724 720/720/720 765/765/765 
f 777/777/777 766/766/766 725/725/725 
f 725/725/725 724/724/724 777/777/777 
f 767/767/767 770/770/770 731/731/731 
f 731/731/731 734/734/734 767/767/767 
f 772/772/772 775/775/775 746/746/746 
f 746/746/746 735/735/735 772/772/772 
f 776/776/776 778/778/778 763/763/763 
f 763/763/763 743/743/743 776/776/776 
f 763/763/763 778/778/778 773/773/773 
f 773/773/773 740/740/740 763/763/763 
f 741/741/741 774/774/774 768/768/768 
f 768/768/768 727/727/727 741/741/741 
f 779/779/779 780/780/780 781/781/781 
f 782/782/782 783/783/783 784/784/784 
f 784/784/784 785/785/785 782/782/782 
f 786/786/786 787/787/787 788/788/788 
f 788/788/788 789/789/789 786/786/786 
f 790/790/790 791/791/791 792/792/792 
f 792/792/792 793/793/793 790/790/790 
f 794/794/794 795/795/795 796/796/796 
f 796/796/796 797/797/797 794/794/794 
f 798/798/798 799/799/799 800/800/800 
f 800/800/800 801/801/801 798/798/798 
f 802/802/802 803/803/803 804/804/804 
f 804/804/804 805/805/805 802/802/802 
f 806/806/806 807/807/807 808/808/808 
f 808/808/808 809/809/809 806/806/806 
f 810/810/810 811/811/811 803/803/803 
f 803/803/803 802/802/802 810/810/810 
f 812/812/812 813/813/813 807/807/807 
f 807/807/807 806/806/806 812/812/812 
f 814/814/814 815/815/815 811/811/811 
f 811/811/811 810/810/810 814/814/814 
f 812/812/812 816/816/816 817/817/817 
f 817/817/817 813/813/813 812/812/812 
f 818/818/818 819/819/819 815/815/815 
f 815/815/815 814/814/814 818/818/818 
f 820/820/820 821/821/821 822/822/822 
f 822/822/822 823/823/823 820/820/820 
f 824/824/824 825/825/825 826/826/826 
f 805/805/805 804/804/804 827/827/827 
f 827/827/827 828/828/828 805/805/805 
f 829/829/829 830/830/830 780/780/780 
f 831/831/831 796/796/796 795/795/795 
f 795/795/795 832/832/832 831/831/831 
f 833/833/833 834/834/834 780/780/780 
f 835/835/835 836/836/836 793/793/793 
f 793/793/793 792/792/792 835/835/835 
f 837/837/837 838/838/838 839/839/839 
f 839/839/839 840/840/840 837/837/837 
f 841/841/841 842/842/842 799/799/799 
f 799/799/799 798/798/798 841/841/841 
f 843/843/843 844/844/844 845/845/845 
f 845/845/845 846/846/846 843/843/843 
f 847/847/847 848/848/848 849/849/849 
f 849/849/849 850/850/850 847/847/847 
f 844/844/844 843/843/843 851/851/851 
f 851/851/851 852/852/852 844/844/844 
f 822/822/822 853/853/853 854/854/854 
f 854/854/854 823/823/823 822/822/822 
f 855/855/855 856/856/856 857/857/857 
f 857/857/857 858/858/858 855/855/855 
f 823/823/823 854/854/854 859/859/859 
f 859/859/859 860/860/860 823/823/823 
f 861/861/861 862/862/862 815/815/815 
f 815/815/815 819/819/819 861/861/861 
f 816/816/816 863/863/863 864/864/864 
f 864/864/864 817/817/817 816/816/816 
f 865/865/865 866/866/866 858/858/858 
f 858/858/858 857/857/857 865/865/865 
f 850/850/850 849/849/849 867/867/867 
f 867/867/867 868/868/868 850/850/850 
f 869/869/869 870/870/870 871/871/871 
f 871/871/871 872/872/872 869/869/869 
f 873/873/873 874/874/874 875/875/875 
f 875/875/875 876/876/876 873/873/873 
f 783/783/783 782/782/782 849/849/849 
f 849/849/849 848/848/848 783/783/783 
f 782/782/782 877/877/877 867/867/867 
f 867/867/867 849/849/849 782/782/782 
f 878/878/878 879/879/879 880/880/880 
f 880/880/880 881/881/881 878/878/878 
f 877/877/877 782/782/782 785/785/785 
f 785/785/785 882/882/882 877/877/877 
f 883/883/883 884/884/884 885/885/885 
f 885/885/885 886/886/886 883/883/883 
f 887/887/887 888/888/888 889/889/889 
f 889/889/889 890/890/890 887/887/887 
f 891/891/891 892/892/892 893/893/893 
f 893/893/893 894/894/894 891/891/891 
f 895/895/895 896/896/896 897/897/897 
f 897/897/897 898/898/898 895/895/895 
f 899/899/899 900/900/900 901/901/901 
f 901/901/901 902/902/902 899/899/899 
f 903/903/903 904/904/904 905/905/905 
f 905/905/905 906/906/906 903/903/903 
f 907/907/907 908/908/908 909/909/909 
f 909/909/909 910/910/910 907/907/907 
f 868/868/868 867/867/867 911/911/911 
f 911/911/911 912/912/912 868/868/868 
f 913/913/913 869/869/869 872/872/872 
f 872/872/872 914/914/914 913/913/913 
f 910/910/910 909/909/909 884/884/884 
f 884/884/884 883/883/883 910/910/910 
f 912/912/912 911/911/911 888/888/888 
f 888/888/888 887/887/887 912/912/912 
f 892/892/892 913/913/913 914/914/914 
f 914/914/914 893/893/893 892/892/892 
f 896/896/896 886/886/886 885/885/885 
f 885/885/885 897/897/897 896/896/896 
f 890/890/890 889/889/889 900/900/900 
f 900/900/900 899/899/899 890/890/890 
f 891/891/891 894/894/894 904/904/904 
f 904/904/904 903/903/903 891/891/891 
f 863/863/863 895/895/895 898/898/898 
f 898/898/898 864/864/864 863/863/863 
f 902/902/902 901/901/901 862/862/862 
f 862/862/862 861/861/861 902/902/902 
f 906/906/906 905/905/905 915/915/915 
f 915/915/915 916/916/916 906/906/906 
f 917/917/917 918/918/918 850/850/850 
f 850/850/850 868/868/868 917/917/917 
f 918/918/918 919/919/919 847/847/847 
f 847/847/847 850/850/850 918/918/918 
f 920/920/920 921/921/921 887/887/887 
f 887/887/887 890/890/890 920/920/920 
f 922/922/922 923/923/923 899/899/899 
f 899/899/899 902/902/902 922/922/922 
f 924/924/924 917/917/917 868/868/868 
f 868/868/868 912/912/912 924/924/924 
f 921/921/921 924/924/924 912/912/912 
f 912/912/912 887/887/887 921/921/921 
f 923/923/923 920/920/920 890/890/890 
f 890/890/890 899/899/899 923/923/923 
f 925/925/925 926/926/926 866/866/866 
f 866/866/866 865/865/865 925/925/925 
f 927/927/927 922/922/922 902/902/902 
f 902/902/902 861/861/861 927/927/927 
f 928/928/928 929/929/929 930/930/930 
f 930/930/930 931/931/931 928/928/928 
f 932/932/932 933/933/933 929/929/929 
f 929/929/929 928/928/928 932/932/932 
f 934/934/934 935/935/935 933/933/933 
f 933/933/933 932/932/932 934/934/934 
f 936/936/936 935/935/935 934/934/934 
f 934/934/934 937/937/937 936/936/936 
f 938/938/938 936/936/936 937/937/937 
f 937/937/937 939/939/939 938/938/938 
f 940/940/940 938/938/938 939/939/939 
f 939/939/939 941/941/941 940/940/940 
f 942/942/942 940/940/940 941/941/941 
f 941/941/941 943/943/943 942/942/942 
f 944/944/944 942/942/942 943/943/943 
f 943/943/943 945/945/945 944/944/944 
f 946/946/946 947/947/947 948/948/948 
f 948/948/948 949/949/949 946/946/946 
f 941/941/941 939/939/939 920/920/920 
f 920/920/920 923/923/923 941/941/941 
f 943/943/943 941/941/941 923/923/923 
f 923/923/923 922/922/922 943/943/943 
f 945/945/945 943/943/943 922/922/922 
f 922/922/922 927/927/927 945/945/945 
f 949/949/949 948/948/948 926/926/926 
f 926/926/926 925/925/925 949/949/949 
f 918/918/918 928/928/928 931/931/931 
f 931/931/931 919/919/919 918/918/918 
f 917/917/917 932/932/932 928/928/928 
f 928/928/928 918/918/918 917/917/917 
f 934/934/934 932/932/932 917/917/917 
f 917/917/917 924/924/924 934/934/934 
f 937/937/937 934/934/934 924/924/924 
f 924/924/924 921/921/921 937/937/937 
f 939/939/939 937/937/937 921/921/921 
f 921/921/921 920/920/920 939/939/939 
f 860/860/860 859/859/859 856/856/856 
f 856/856/856 855/855/855 860/860/860 
f 950/950/950 818/818/818 814/814/814 
f 814/814/814 951/951/951 950/950/950 
f 951/951/951 814/814/814 810/810/810 
f 810/810/810 952/952/952 951/951/951 
f 952/952/952 810/810/810 802/802/802 
f 802/802/802 953/953/953 952/952/952 
f 953/953/953 802/802/802 805/805/805 
f 805/805/805 954/954/954 953/953/953 
f 954/954/954 805/805/805 828/828/828 
f 955/955/955 956/956/956 938/938/938 
f 938/938/938 940/940/940 955/955/955 
f 957/957/957 955/955/955 940/940/940 
f 940/940/940 942/942/942 957/957/957 
f 958/958/958 957/957/957 942/942/942 
f 942/942/942 944/944/944 958/958/958 
f 959/959/959 960/960/960 947/947/947 
f 947/947/947 946/946/946 959/959/959 
f 929/929/929 961/961/961 962/962/962 
f 962/962/962 930/930/930 929/929/929 
f 933/933/933 963/963/963 961/961/961 
f 961/961/961 929/929/929 933/933/933 
f 935/935/935 964/964/964 963/963/963 
f 963/963/963 933/933/933 935/935/935 
f 965/965/965 964/964/964 935/935/935 
f 935/935/935 936/936/936 965/965/965 
f 956/956/956 965/965/965 936/936/936 
f 936/936/936 938/938/938 956/956/956 
f 825/825/825 824/824/824 828/828/828 
f 828/828/828 827/827/827 825/825/825 
f 779/779/779 835/835/835 792/792/792 
f 792/792/792 833/833/833 779/779/779 
f 791/791/791 834/834/834 833/833/833 
f 833/833/833 792/792/792 791/791/791 
f 830/830/830 829/829/829 789/789/789 
f 789/789/789 788/788/788 830/830/830 
f 839/839/839 966/966/966 967/967/967 
f 967/967/967 840/840/840 839/839/839 
f 878/878/878 968/968/968 882/882/882 
f 882/882/882 785/785/785 878/878/878 
f 878/878/878 785/785/785 784/784/784 
f 784/784/784 879/879/879 878/878/878 
f 967/967/967 966/966/966 780/780/780 
f 967/967/967 830/830/830 788/788/788 
f 788/788/788 840/840/840 967/967/967 
f 787/787/787 837/837/837 840/840/840 
f 840/840/840 788/788/788 787/787/787 
f 969/969/969 841/841/841 798/798/798 
f 798/798/798 970/970/970 969/969/969 
f 970/970/970 798/798/798 801/801/801 
f 801/801/801 971/971/971 970/970/970 
f 834/834/834 829/829/829 780/780/780 
f 829/829/829 834/834/834 791/791/791 
f 791/791/791 789/789/789 829/829/829 
f 789/789/789 791/791/791 790/790/790 
f 790/790/790 786/786/786 789/789/789 
f 799/799/799 842/842/842 832/832/832 
f 832/832/832 795/795/795 799/799/799 
f 800/800/800 799/799/799 795/795/795 
f 795/795/795 794/794/794 800/800/800 
f 830/830/830 967/967/967 780/780/780 
f 833/833/833 780/780/780 779/779/779 
f 845/845/845 972/972/972 846/846/846 
f 973/973/973 974/974/974 972/972/972 
f 972/972/972 845/845/845 973/973/973 
f 975/975/975 821/821/821 820/820/820 
f 976/976/976 977/977/977 821/821/821 
f 821/821/821 975/975/975 976/976/976 
f 975/975/975 820/820/820 846/846/846 
f 846/846/846 972/972/972 975/975/975 
f 976/976/976 975/975/975 972/972/972 
f 972/972/972 974/974/974 976/976/976 
f 978/978/978 979/979/979 824/824/824 
f 824/824/824 826/826/826 978/978/978 
f 980/980/980 978/978/978 826/826/826 
f 826/826/826 981/981/981 980/980/980 
f 979/979/979 982/982/982 828/828/828 
f 828/828/828 824/824/824 979/979/979 
f 982/982/982 954/954/954 828/828/828 
f 983/983/983 984/984/984 985/985/985 
f 983/983/983 985/985/985 986/986/986 
f 987/987/987 988/988/988 989/989/989 
f 989/989/989 990/990/990 987/987/987 
f 985/985/985 991/991/991 986/986/986 
f 990/990/990 989/989/989 992/992/992 
f 992/992/992 993/993/993 990/990/990 
f 992/992/992 994/994/994 995/995/995 
f 995/995/995 993/993/993 992/992/992 
f 994/994/994 996/996/996 997/997/997 
f 997/997/997 995/995/995 994/994/994 
f 996/996/996 851/851/851 843/843/843 
f 843/843/843 997/997/997 996/996/996 
f 985/985/985 998/998/998 991/991/991 
f 825/825/825 981/981/981 826/826/826 
f 999/999/999 1000/1000/1000 1001/1001/1001 
f 1001/1001/1001 1002/1002/1002 999/999/999 
f 1003/1003/1003 1004/1004/1004 1005/1005/1005 
f 1005/1005/1005 1006/1006/1006 1003/1003/1003 
f 1007/1007/1007 1008/1008/1008 1009/1009/1009 
f 1009/1009/1009 1010/1010/1010 1007/1007/1007 
f 1011/1011/1011 1012/1012/1012 1013/1013/1013 
f 1013/1013/1013 1014/1014/1014 1011/1011/1011 
f 1015/1015/1015 1016/1016/1016 1017/1017/1017 
f 1017/1017/1017 1018/1018/1018 1015/1015/1015 
f 1019/1019/1019 1020/1020/1020 1021/1021/1021 
f 1021/1021/1021 1022/1022/1022 1019/1019/1019 
f 1023/1023/1023 1024/1024/1024 1025/1025/1025 
f 1025/1025/1025 1026/1026/1026 1023/1023/1023 
f 1010/1010/1010 748/748/748 747/747/747 
f 747/747/747 1007/1007/1007 1010/1010/1010 
f 1019/1019/1019 750/750/750 749/749/749 
f 749/749/749 1020/1020/1020 1019/1019/1019 
f 752/752/752 751/751/751 1024/1024/1024 
f 1024/1024/1024 1023/1023/1023 752/752/752 
f 754/754/754 753/753/753 1016/1016/1016 
f 1016/1016/1016 1015/1015/1015 754/754/754 
f 1012/1012/1012 1011/1011/1011 756/756/756 
f 756/756/756 755/755/755 1012/1012/1012 
f 757/757/757 758/758/758 1004/1004/1004 
f 1004/1004/1004 1003/1003/1003 757/757/757 
f 1001/1001/1001 1000/1000/1000 760/760/760 
f 760/760/760 759/759/759 1001/1001/1001 
f 1003/1003/1003 1001/1001/1001 759/759/759 
f 759/759/759 757/757/757 1003/1003/1003 
f 1002/1002/1002 1001/1001/1001 1003/1003/1003 
f 1003/1003/1003 1006/1006/1006 1002/1002/1002 
f 758/758/758 756/756/756 1011/1011/1011 
f 1011/1011/1011 1004/1004/1004 758/758/758 
f 1004/1004/1004 1011/1011/1011 1014/1014/1014 
f 1014/1014/1014 1005/1005/1005 1004/1004/1004 
f 1015/1015/1015 1012/1012/1012 755/755/755 
f 755/755/755 754/754/754 1015/1015/1015 
f 1012/1012/1012 1015/1015/1015 1018/1018/1018 
f 1018/1018/1018 1013/1013/1013 1012/1012/1012 
f 753/753/753 752/752/752 1023/1023/1023 
f 1023/1023/1023 1016/1016/1016 753/753/753 
f 1016/1016/1016 1023/1023/1023 1026/1026/1026 
f 1026/1026/1026 1017/1017/1017 1016/1016/1016 
f 751/751/751 762/762/762 1027/1027/1027 
f 1027/1027/1027 1024/1024/1024 751/751/751 
f 1024/1024/1024 1027/1027/1027 1028/1028/1028 
f 1028/1028/1028 1025/1025/1025 1024/1024/1024 
f 1027/1027/1027 1019/1019/1019 1022/1022/1022 
f 1022/1022/1022 1028/1028/1028 1027/1027/1027 
f 1027/1027/1027 762/762/762 750/750/750 
f 750/750/750 1019/1019/1019 1027/1027/1027 
f 1010/1010/1010 1009/1009/1009 1021/1021/1021 
f 1021/1021/1021 1020/1020/1020 1010/1010/1010 
f 1020/1020/1020 749/749/749 748/748/748 
f 748/748/748 1010/1010/1010 1020/1020/1020 
f 1002/1002/1002 765/765/765 764/764/764 
f 764/764/764 999/999/999 1002/1002/1002 
f 1014/1014/1014 767/767/767 766/766/766 
f 766/766/766 1005/1005/1005 1014/1014/1014 
f 1009/1009/1009 1008/1008/1008 769/769/769 
f 769/769/769 768/768/768 1009/1009/1009 
f 1018/1018/1018 771/771/771 770/770/770 
f 770/770/770 1013/1013/1013 1018/1018/1018 
f 1017/1017/1017 772/772/772 771/771/771 
f 771/771/771 1018/1018/1018 1017/1017/1017 
f 1022/1022/1022 1021/1021/1021 774/774/774 
f 774/774/774 773/773/773 1022/1022/1022 
f 1025/1025/1025 776/776/776 775/775/775 
f 775/775/775 1026/1026/1026 1025/1025/1025 
f 1006/1006/1006 777/777/777 765/765/765 
f 765/765/765 1002/1002/1002 1006/1006/1006 
f 1005/1005/1005 766/766/766 777/777/777 
f 777/777/777 1006/1006/1006 1005/1005/1005 
f 1013/1013/1013 770/770/770 767/767/767 
f 767/767/767 1014/1014/1014 1013/1013/1013 
f 1026/1026/1026 775/775/775 772/772/772 
f 772/772/772 1017/1017/1017 1026/1026/1026 
f 1028/1028/1028 778/778/778 776/776/776 
f 776/776/776 1025/1025/1025 1028/1028/1028 
f 1028/1028/1028 1022/1022/1022 773/773/773 
f 773/773/773 778/778/778 1028/1028/1028 
f 1021/1021/1021 1009/1009/1009 768/768/768 
f 768/768/768 774/774/774 1021/1021/1021 
f 1029/1029/1029 1030/1030/1030 1031/1031/1031 
f 784/784/784 783/783/783 1032/1032/1032 
f 1032/1032/1032 1033/1033/1033 784/784/784 
f 1034/1034/1034 1035/1035/1035 1036/1036/1036 
f 1036/1036/1036 1037/1037/1037 1034/1034/1034 
f 1038/1038/1038 1039/1039/1039 1040/1040/1040 
f 1040/1040/1040 1041/1041/1041 1038/1038/1038 
f 1042/1042/1042 1043/1043/1043 794/794/794 
f 794/794/794 797/797/797 1042/1042/1042 
f 1044/1044/1044 801/801/801 800/800/800 
f 800/800/800 1045/1045/1045 1044/1044/1044 
f 1046/1046/1046 1047/1047/1047 1048/1048/1048 
f 1048/1048/1048 1049/1049/1049 1046/1046/1046 
f 808/808/808 807/807/807 1050/1050/1050 
f 1050/1050/1050 1051/1051/1051 808/808/808 
f 1049/1049/1049 1052/1052/1052 1053/1053/1053 
f 1053/1053/1053 1046/1046/1046 1049/1049/1049 
f 807/807/807 813/813/813 1054/1054/1054 
f 1054/1054/1054 1050/1050/1050 807/807/807 
f 1055/1055/1055 1053/1053/1053 1052/1052/1052 
f 1052/1052/1052 1056/1056/1056 1055/1055/1055 
f 817/817/817 1057/1057/1057 1054/1054/1054 
f 1054/1054/1054 813/813/813 817/817/817 
f 1056/1056/1056 1058/1058/1058 1059/1059/1059 
f 1059/1059/1059 1055/1055/1055 1056/1056/1056 
f 1060/1060/1060 1061/1061/1061 1062/1062/1062 
f 1062/1062/1062 1063/1063/1063 1060/1060/1060 
f 1064/1064/1064 1065/1065/1065 1066/1066/1066 
f 1047/1047/1047 1067/1067/1067 1068/1068/1068 
f 1068/1068/1068 1048/1048/1048 1047/1047/1047 
f 1069/1069/1069 1031/1031/1031 1070/1070/1070 
f 1071/1071/1071 1072/1072/1072 1043/1043/1043 
f 1043/1043/1043 1042/1042/1042 1071/1071/1071 
f 1073/1073/1073 1031/1031/1031 1074/1074/1074 
f 1075/1075/1075 1040/1040/1040 1039/1039/1039 
f 1039/1039/1039 1076/1076/1076 1075/1075/1075 
f 1077/1077/1077 1078/1078/1078 1079/1079/1079 
f 1079/1079/1079 1080/1080/1080 1077/1077/1077 
f 1045/1045/1045 1081/1081/1081 1082/1082/1082 
f 1082/1082/1082 1044/1044/1044 1045/1045/1045 
f 1083/1083/1083 1084/1084/1084 1085/1085/1085 
f 1085/1085/1085 1086/1086/1086 1083/1083/1083 
f 1087/1087/1087 848/848/848 847/847/847 
f 847/847/847 1088/1088/1088 1087/1087/1087 
f 851/851/851 1085/1085/1085 1084/1084/1084 
f 1084/1084/1084 852/852/852 851/851/851 
f 1062/1062/1062 1061/1061/1061 854/854/854 
f 854/854/854 853/853/853 1062/1062/1062 
f 857/857/857 856/856/856 1089/1089/1089 
f 1089/1089/1089 1090/1090/1090 857/857/857 
f 859/859/859 854/854/854 1061/1061/1061 
f 1061/1061/1061 1091/1091/1091 859/859/859 
f 1056/1056/1056 1092/1092/1092 1093/1093/1093 
f 1093/1093/1093 1058/1058/1058 1056/1056/1056 
f 1057/1057/1057 817/817/817 864/864/864 
f 864/864/864 1094/1094/1094 1057/1057/1057 
f 1090/1090/1090 1095/1095/1095 865/865/865 
f 865/865/865 857/857/857 1090/1090/1090 
f 1096/1096/1096 1087/1087/1087 1088/1088/1088 
f 1088/1088/1088 1097/1097/1097 1096/1096/1096 
f 869/869/869 1098/1098/1098 1099/1099/1099 
f 1099/1099/1099 870/870/870 869/869/869 
f 1100/1100/1100 876/876/876 875/875/875 
f 875/875/875 1101/1101/1101 1100/1100/1100 
f 1087/1087/1087 1032/1032/1032 783/783/783 
f 783/783/783 848/848/848 1087/1087/1087 
f 1096/1096/1096 1102/1102/1102 1032/1032/1032 
f 1032/1032/1032 1087/1087/1087 1096/1096/1096 
f 880/880/880 879/879/879 1103/1103/1103 
f 1103/1103/1103 1104/1104/1104 880/880/880 
f 1102/1102/1102 1105/1105/1105 1033/1033/1033 
f 1033/1033/1033 1032/1032/1032 1102/1102/1102 
f 885/885/885 884/884/884 1106/1106/1106 
f 1106/1106/1106 1107/1107/1107 885/885/885 
f 1108/1108/1108 1109/1109/1109 1110/1110/1110 
f 1110/1110/1110 1111/1111/1111 1108/1108/1108 
f 891/891/891 1112/1112/1112 1113/1113/1113 
f 1113/1113/1113 892/892/892 891/891/891 
f 1114/1114/1114 898/898/898 897/897/897 
f 897/897/897 1115/1115/1115 1114/1114/1114 
f 1116/1116/1116 1117/1117/1117 1118/1118/1118 
f 1118/1118/1118 1119/1119/1119 1116/1116/1116 
f 1120/1120/1120 1121/1121/1121 903/903/903 
f 903/903/903 906/906/906 1120/1120/1120 
f 909/909/909 908/908/908 1122/1122/1122 
f 1122/1122/1122 1123/1123/1123 909/909/909 
f 1124/1124/1124 1096/1096/1096 1097/1097/1097 
f 1097/1097/1097 1125/1125/1125 1124/1124/1124 
f 913/913/913 1126/1126/1126 1098/1098/1098 
f 1098/1098/1098 869/869/869 913/913/913 
f 884/884/884 909/909/909 1123/1123/1123 
f 1123/1123/1123 1106/1106/1106 884/884/884 
f 1109/1109/1109 1124/1124/1124 1125/1125/1125 
f 1125/1125/1125 1110/1110/1110 1109/1109/1109 
f 892/892/892 1113/1113/1113 1126/1126/1126 
f 1126/1126/1126 913/913/913 892/892/892 
f 1115/1115/1115 897/897/897 885/885/885 
f 885/885/885 1107/1107/1107 1115/1115/1115 
f 1117/1117/1117 1108/1108/1108 1111/1111/1111 
f 1111/1111/1111 1118/1118/1118 1117/1117/1117 
f 1121/1121/1121 1112/1112/1112 891/891/891 
f 891/891/891 903/903/903 1121/1121/1121 
f 1094/1094/1094 864/864/864 898/898/898 
f 898/898/898 1114/1114/1114 1094/1094/1094 
f 1092/1092/1092 1116/1116/1116 1119/1119/1119 
f 1119/1119/1119 1093/1093/1093 1092/1092/1092 
f 1127/1127/1127 1120/1120/1120 906/906/906 
f 906/906/906 916/916/916 1127/1127/1127 
f 1088/1088/1088 1128/1128/1128 1129/1129/1129 
f 1129/1129/1129 1097/1097/1097 1088/1088/1088 
f 847/847/847 919/919/919 1128/1128/1128 
f 1128/1128/1128 1088/1088/1088 847/847/847 
f 1110/1110/1110 1130/1130/1130 1131/1131/1131 
f 1131/1131/1131 1111/1111/1111 1110/1110/1110 
f 1118/1118/1118 1132/1132/1132 1133/1133/1133 
f 1133/1133/1133 1119/1119/1119 1118/1118/1118 
f 1097/1097/1097 1129/1129/1129 1134/1134/1134 
f 1134/1134/1134 1125/1125/1125 1097/1097/1097 
f 1125/1125/1125 1134/1134/1134 1130/1130/1130 
f 1130/1130/1130 1110/1110/1110 1125/1125/1125 
f 1111/1111/1111 1131/1131/1131 1132/1132/1132 
f 1132/1132/1132 1118/1118/1118 1111/1111/1111 
f 1095/1095/1095 1135/1135/1135 925/925/925 
f 925/925/925 865/865/865 1095/1095/1095 
f 1119/1119/1119 1133/1133/1133 1136/1136/1136 
f 1136/1136/1136 1093/1093/1093 1119/1119/1119 
f 1137/1137/1137 931/931/931 930/930/930 
f 930/930/930 1138/1138/1138 1137/1137/1137 
f 1139/1139/1139 1137/1137/1137 1138/1138/1138 
f 1138/1138/1138 1140/1140/1140 1139/1139/1139 
f 1141/1141/1141 1139/1139/1139 1140/1140/1140 
f 1140/1140/1140 1142/1142/1142 1141/1141/1141 
f 1141/1141/1141 1142/1142/1142 1143/1143/1143 
f 1143/1143/1143 1144/1144/1144 1141/1141/1141 
f 1144/1144/1144 1143/1143/1143 1145/1145/1145 
f 1145/1145/1145 1146/1146/1146 1144/1144/1144 
f 1146/1146/1146 1145/1145/1145 1147/1147/1147 
f 1147/1147/1147 1148/1148/1148 1146/1146/1146 
f 1148/1148/1148 1147/1147/1147 1149/1149/1149 
f 1149/1149/1149 1150/1150/1150 1148/1148/1148 
f 1150/1150/1150 1149/1149/1149 1151/1151/1151 
f 1151/1151/1151 1152/1152/1152 1150/1150/1150 
f 1153/1153/1153 1154/1154/1154 946/946/946 
f 946/946/946 949/949/949 1153/1153/1153 
f 1131/1131/1131 1146/1146/1146 1148/1148/1148 
f 1148/1148/1148 1132/1132/1132 1131/1131/1131 
f 1132/1132/1132 1148/1148/1148 1150/1150/1150 
f 1150/1150/1150 1133/1133/1133 1132/1132/1132 
f 1133/1133/1133 1150/1150/1150 1152/1152/1152 
f 1152/1152/1152 1136/1136/1136 1133/1133/1133 
f 1135/1135/1135 1153/1153/1153 949/949/949 
f 949/949/949 925/925/925 1135/1135/1135 
f 1128/1128/1128 919/919/919 931/931/931 
f 931/931/931 1137/1137/1137 1128/1128/1128 
f 1129/1129/1129 1128/1128/1128 1137/1137/1137 
f 1137/1137/1137 1139/1139/1139 1129/1129/1129 
f 1129/1129/1129 1139/1139/1139 1141/1141/1141 
f 1141/1141/1141 1134/1134/1134 1129/1129/1129 
f 1134/1134/1134 1141/1141/1141 1144/1144/1144 
f 1144/1144/1144 1130/1130/1130 1134/1134/1134 
f 1130/1130/1130 1144/1144/1144 1146/1146/1146 
f 1146/1146/1146 1131/1131/1131 1130/1130/1130 
f 856/856/856 859/859/859 1091/1091/1091 
f 1091/1091/1091 1089/1089/1089 856/856/856 
f 1055/1055/1055 1059/1059/1059 1155/1155/1155 
f 1155/1155/1155 1156/1156/1156 1055/1055/1055 
f 1156/1156/1156 1157/1157/1157 1053/1053/1053 
f 1053/1053/1053 1055/1055/1055 1156/1156/1156 
f 1046/1046/1046 1053/1053/1053 1157/1157/1157 
f 1157/1157/1157 1158/1158/1158 1046/1046/1046 
f 1158/1158/1158 1159/1159/1159 1047/1047/1047 
f 1047/1047/1047 1046/1046/1046 1158/1158/1158 
f 1159/1159/1159 1067/1067/1067 1047/1047/1047 
f 1145/1145/1145 1160/1160/1160 1161/1161/1161 
f 1161/1161/1161 1147/1147/1147 1145/1145/1145 
f 1147/1147/1147 1161/1161/1161 1162/1162/1162 
f 1162/1162/1162 1149/1149/1149 1147/1147/1147 
f 1149/1149/1149 1162/1162/1162 1163/1163/1163 
f 1163/1163/1163 1151/1151/1151 1149/1149/1149 
f 1154/1154/1154 1164/1164/1164 959/959/959 
f 959/959/959 946/946/946 1154/1154/1154 
f 1138/1138/1138 930/930/930 962/962/962 
f 962/962/962 1165/1165/1165 1138/1138/1138 
f 1140/1140/1140 1138/1138/1138 1165/1165/1165 
f 1165/1165/1165 1166/1166/1166 1140/1140/1140 
f 1142/1142/1142 1140/1140/1140 1166/1166/1166 
f 1166/1166/1166 1167/1167/1167 1142/1142/1142 
f 1142/1142/1142 1167/1167/1167 1168/1168/1168 
f 1168/1168/1168 1143/1143/1143 1142/1142/1142 
f 1143/1143/1143 1168/1168/1168 1160/1160/1160 
f 1160/1160/1160 1145/1145/1145 1143/1143/1143 
f 1067/1067/1067 1064/1064/1064 1066/1066/1066 
f 1066/1066/1066 1068/1068/1068 1067/1067/1067 
f 1029/1029/1029 1073/1073/1073 1040/1040/1040 
f 1040/1040/1040 1075/1075/1075 1029/1029/1029 
f 1041/1041/1041 1040/1040/1040 1073/1073/1073 
f 1073/1073/1073 1074/1074/1074 1041/1041/1041 
f 1035/1035/1035 1069/1069/1069 1070/1070/1070 
f 1070/1070/1070 1036/1036/1036 1035/1035/1035 
f 1079/1079/1079 1078/1078/1078 1169/1169/1169 
f 1169/1169/1169 1170/1170/1170 1079/1079/1079 
f 1105/1105/1105 1171/1171/1171 1103/1103/1103 
f 1103/1103/1103 1033/1033/1033 1105/1105/1105 
f 1103/1103/1103 879/879/879 784/784/784 
f 784/784/784 1033/1033/1033 1103/1103/1103 
f 1169/1169/1169 1031/1031/1031 1170/1170/1170 
f 1036/1036/1036 1070/1070/1070 1169/1169/1169 
f 1169/1169/1169 1078/1078/1078 1036/1036/1036 
f 1037/1037/1037 1036/1036/1036 1078/1078/1078 
f 1078/1078/1078 1077/1077/1077 1037/1037/1037 
f 1044/1044/1044 1082/1082/1082 1172/1172/1172 
f 1172/1172/1172 1173/1173/1173 1044/1044/1044 
f 1173/1173/1173 971/971/971 801/801/801 
f 801/801/801 1044/1044/1044 1173/1173/1173 
f 1074/1074/1074 1031/1031/1031 1069/1069/1069 
f 1041/1041/1041 1074/1074/1074 1069/1069/1069 
f 1069/1069/1069 1035/1035/1035 1041/1041/1041 
f 1038/1038/1038 1041/1041/1041 1035/1035/1035 
f 1035/1035/1035 1034/1034/1034 1038/1038/1038 
f 1072/1072/1072 1081/1081/1081 1045/1045/1045 
f 1045/1045/1045 1043/1043/1043 1072/1072/1072 
f 1043/1043/1043 1045/1045/1045 800/800/800 
f 800/800/800 794/794/794 1043/1043/1043 
f 1070/1070/1070 1031/1031/1031 1169/1169/1169 
f 1073/1073/1073 1029/1029/1029 1031/1031/1031 
f 1083/1083/1083 1086/1086/1086 1174/1174/1174 
f 1174/1174/1174 974/974/974 973/973/973 
f 973/973/973 1083/1083/1083 1174/1174/1174 
f 1175/1175/1175 1060/1060/1060 1063/1063/1063 
f 976/976/976 1175/1175/1175 1063/1063/1063 
f 1063/1063/1063 977/977/977 976/976/976 
f 1086/1086/1086 1060/1060/1060 1175/1175/1175 
f 1175/1175/1175 1174/1174/1174 1086/1086/1086 
f 1174/1174/1174 1175/1175/1175 976/976/976 
f 976/976/976 974/974/974 1174/1174/1174 
f 1064/1064/1064 1176/1176/1176 1177/1177/1177 
f 1177/1177/1177 1065/1065/1065 1064/1064/1064 
f 1065/1065/1065 1177/1177/1177 1178/1178/1178 
f 1178/1178/1178 1179/1179/1179 1065/1065/1065 
f 1176/1176/1176 1064/1064/1064 1067/1067/1067 
f 1067/1067/1067 1180/1180/1180 1176/1176/1176 
f 1180/1180/1180 1067/1067/1067 1159/1159/1159 
f 1181/1181/1181 1182/1182/1182 984/984/984 
f 1181/1181/1181 1183/1183/1183 1182/1182/1182 
f 1184/1184/1184 1185/1185/1185 989/989/989 
f 989/989/989 988/988/988 1184/1184/1184 
f 1182/1182/1182 1183/1183/1183 1186/1186/1186 
f 1185/1185/1185 1187/1187/1187 992/992/992 
f 992/992/992 989/989/989 1185/1185/1185 
f 1188/1188/1188 994/994/994 992/992/992 
f 992/992/992 1187/1187/1187 1188/1188/1188 
f 1189/1189/1189 996/996/996 994/994/994 
f 994/994/994 1188/1188/1188 1189/1189/1189 
f 1085/1085/1085 851/851/851 996/996/996 
f 996/996/996 1189/1189/1189 1085/1085/1085 
f 1182/1182/1182 1186/1186/1186 998/998/998 
f 1066/1066/1066 1065/1065/1065 1179/1179/1179 
f 408/408/408 393/393/393 395/395/395 
f 395/395/395 409/409/409 408/408/408 
f 407/407/407 391/391/391 393/393/393 
f 393/393/393 408/408/408 407/407/407 
f 406/406/406 388/388/388 391/391/391 
f 391/391/391 407/407/407 406/406/406 
f 414/414/414 405/405/405 388/388/388 
f 388/388/388 406/406/406 414/414/414 
f 413/413/413 402/402/402 405/405/405 
f 405/405/405 414/414/414 413/413/413 
f 456/456/456 402/402/402 413/413/413 
f 413/413/413 463/463/463 456/456/456 
f 445/445/445 456/456/456 463/463/463 
f 463/463/463 458/458/458 445/445/445 
f 446/446/446 445/445/445 458/458/458 
f 458/458/458 457/457/457 446/446/446 
f 448/448/448 446/446/446 457/457/457 
f 457/457/457 459/459/459 448/448/448 
f 450/450/450 448/448/448 459/459/459 
f 459/459/459 460/460/460 450/450/450 
f 452/452/452 450/450/450 460/460/460 
f 460/460/460 461/461/461 452/452/452 
f 454/454/454 452/452/452 461/461/461 
f 461/461/461 462/462/462 454/454/454 
f 401/401/401 454/454/454 462/462/462 
f 462/462/462 412/412/412 401/401/401 
f 411/411/411 399/399/399 401/401/401 
f 401/401/401 412/412/412 411/411/411 
f 410/410/410 397/397/397 399/399/399 
f 399/399/399 411/411/411 410/410/410 
f 409/409/409 395/395/395 397/397/397 
f 397/397/397 410/410/410 409/409/409 

