# Blender 5.0.0
# www.blender.org
mtllib m9_bayonet.mtl
o m9_bayonet
v 0.000074 0.000164 0.001341
v 0.000074 0.000164 0.001397
v 0.000104 -0.000218 0.001397
v 0.000074 0.000253 0.001341
v 0.000104 0.000136 0.001397
v 0.000104 0.000136 0.001341
v 0.000181 -0.000141 0.001397
v 0.000181 -0.000141 0.001341
v 0.000104 -0.000218 0.001341
v 0.000156 -0.000271 0.001397
v 0.000180 -0.000285 0.001397
v 0.000209 -0.000285 0.001397
v 0.000234 -0.000271 0.001341
v 0.000156 -0.000271 0.001341
v 0.000209 -0.000285 0.001341
v 0.000180 -0.000285 0.001341
v 0.000234 -0.000193 0.001341
v 0.000248 -0.000217 0.001341
v 0.000248 -0.000246 0.001341
v 0.000234 -0.000271 0.001397
v 0.000234 -0.000193 0.001397
v 0.000248 -0.000246 0.001397
v 0.000248 -0.000217 0.001397
v 0.000181 0.000146 0.001397
v 0.000074 0.000253 0.001397
v 0.000176 0.000179 0.001397
v 0.000161 0.000209 0.001397
v 0.000137 0.000232 0.001397
v 0.000107 0.000248 0.001397
v 0.000181 0.000146 0.001341
v 0.000107 0.000248 0.001341
v 0.000137 0.000232 0.001341
v 0.000161 0.000209 0.001341
v 0.000176 0.000179 0.001341
v -0.000074 0.000164 0.001341
v -0.000074 0.000164 0.001397
v -0.000104 -0.000218 0.001397
v -0.000074 0.000253 0.001341
v -0.000104 0.000136 0.001397
v -0.000104 0.000136 0.001341
v -0.000181 -0.000141 0.001397
v -0.000181 -0.000141 0.001341
v -0.000104 -0.000218 0.001341
v -0.000156 -0.000271 0.001397
v -0.000180 -0.000285 0.001397
v -0.000209 -0.000285 0.001397
v -0.000234 -0.000271 0.001341
v -0.000156 -0.000271 0.001341
v -0.000209 -0.000285 0.001341
v -0.000180 -0.000285 0.001341
v -0.000234 -0.000193 0.001341
v -0.000248 -0.000217 0.001341
v -0.000248 -0.000246 0.001341
v -0.000234 -0.000271 0.001397
v -0.000234 -0.000193 0.001397
v -0.000248 -0.000246 0.001397
v -0.000248 -0.000217 0.001397
v -0.000181 0.000146 0.001397
v -0.000074 0.000253 0.001397
v -0.000176 0.000179 0.001397
v -0.000161 0.000209 0.001397
v -0.000137 0.000232 0.001397
v -0.000107 0.000248 0.001397
v -0.000181 0.000146 0.001341
v -0.000107 0.000248 0.001341
v -0.000137 0.000232 0.001341
v -0.000161 0.000209 0.001341
v -0.000176 0.000179 0.001341
v 0.000000 0.000719 -0.000851
v 0.000000 0.000719 -0.000777
v 0.000000 0.000784 -0.000851
v 0.000000 0.000784 -0.000777
v 0.000040 0.000715 -0.000851
v 0.000040 0.000715 -0.000777
v 0.000053 0.000778 -0.000851
v 0.000053 0.000778 -0.000777
v 0.000079 0.000703 -0.000851
v 0.000079 0.000703 -0.000777
v 0.000104 0.000763 -0.000851
v 0.000104 0.000763 -0.000777
v 0.000115 0.000684 -0.000851
v 0.000115 0.000684 -0.000777
v 0.000151 0.000738 -0.000851
v 0.000151 0.000738 -0.000777
v 0.000147 0.000658 -0.000851
v 0.000147 0.000658 -0.000777
v 0.000193 0.000704 -0.000851
v 0.000193 0.000704 -0.000777
v 0.000173 0.000627 -0.000851
v 0.000173 0.000627 -0.000777
v 0.000226 0.000663 -0.000851
v 0.000226 0.000663 -0.000777
v 0.000192 0.000591 -0.000851
v 0.000192 0.000591 -0.000777
v 0.000252 0.000615 -0.000851
v 0.000252 0.000615 -0.000777
v 0.000204 0.000552 -0.000851
v 0.000204 0.000552 -0.000777
v 0.000267 0.000564 -0.000851
v 0.000267 0.000564 -0.000777
v 0.000208 0.000511 -0.000851
v 0.000208 0.000511 -0.000777
v 0.000272 0.000511 -0.000851
v 0.000272 0.000511 -0.000777
v 0.000204 0.000471 -0.000851
v 0.000204 0.000471 -0.000777
v 0.000267 0.000458 -0.000851
v 0.000267 0.000458 -0.000777
v 0.000192 0.000432 -0.000851
v 0.000192 0.000432 -0.000777
v 0.000252 0.000407 -0.000851
v 0.000252 0.000407 -0.000777
v 0.000173 0.000396 -0.000851
v 0.000173 0.000396 -0.000777
v 0.000226 0.000360 -0.000851
v 0.000226 0.000360 -0.000777
v 0.000147 0.000364 -0.000851
v 0.000147 0.000364 -0.000777
v 0.000193 0.000319 -0.000851
v 0.000115 0.000339 -0.000851
v 0.000115 0.000339 -0.000777
v 0.000079 0.000319 -0.000851
v 0.000079 0.000319 -0.000777
v 0.000040 0.000308 -0.000851
v 0.000040 0.000308 -0.000777
v 0.000000 0.000304 -0.000851
v 0.000000 0.000304 -0.000777
v 0.000238 0.000170 -0.000777
v 0.000188 0.000170 -0.000851
v 0.000238 -0.000109 -0.000777
v 0.000188 -0.000109 -0.000851
v 0.000184 0.000242 -0.000851
v 0.000176 0.000296 -0.000851
v 0.000173 0.000268 -0.000851
v 0.000184 0.000242 -0.000777
v 0.000193 0.000319 -0.000777
v 0.000173 0.000268 -0.000777
v 0.000176 0.000296 -0.000777
v 0.000118 -0.000556 -0.000851
v 0.000086 -0.000581 -0.000851
v 0.000111 -0.000569 -0.000851
v 0.000100 -0.000578 -0.000851
v 0.000086 -0.000581 -0.000777
v 0.000118 -0.000556 -0.000777
v 0.000100 -0.000578 -0.000777
v 0.000111 -0.000569 -0.000777
v 0.000238 -0.000109 -0.000851
v 0.000072 -0.000109 -0.000851
v 0.000238 0.000170 -0.000851
v 0.000072 0.000170 -0.000851
v 0.000072 0.000134 -0.000836
v 0.000072 0.000051 -0.000819
v 0.000072 0.000093 -0.000824
v 0.000072 0.000010 -0.000819
v 0.000072 -0.000073 -0.000836
v 0.000072 -0.000032 -0.000824
v 0.000188 -0.000073 -0.000836
v 0.000188 0.000010 -0.000819
v 0.000188 -0.000032 -0.000824
v 0.000188 0.000051 -0.000819
v 0.000188 0.000134 -0.000836
v 0.000188 0.000093 -0.000824
v 0.000081 -0.000428 -0.000777
v 0.000026 -0.000535 -0.000777
v 0.000000 -0.000539 -0.000777
v 0.000000 -0.000369 -0.000777
v 0.000026 -0.000373 -0.000777
v 0.000050 -0.000385 -0.000777
v 0.000069 -0.000504 -0.000777
v 0.000050 -0.000523 -0.000777
v 0.000069 -0.000404 -0.000777
v 0.000081 -0.000481 -0.000777
v 0.000085 -0.000454 -0.000777
v 0.000026 -0.000535 -0.000851
v 0.000000 -0.000539 -0.000851
v 0.000000 -0.000369 -0.000851
v 0.000026 -0.000373 -0.000851
v 0.000069 -0.000504 -0.000851
v 0.000050 -0.000523 -0.000851
v 0.000081 -0.000428 -0.000851
v 0.000050 -0.000385 -0.000851
v 0.000069 -0.000404 -0.000851
v 0.000081 -0.000481 -0.000851
v 0.000085 -0.000454 -0.000851
v -0.000040 0.000715 -0.000851
v -0.000040 0.000715 -0.000777
v -0.000053 0.000778 -0.000851
v -0.000053 0.000778 -0.000777
v -0.000079 0.000703 -0.000851
v -0.000079 0.000703 -0.000777
v -0.000104 0.000763 -0.000851
v -0.000104 0.000763 -0.000777
v -0.000115 0.000684 -0.000851
v -0.000115 0.000684 -0.000777
v -0.000151 0.000738 -0.000851
v -0.000151 0.000738 -0.000777
v -0.000147 0.000658 -0.000851
v -0.000147 0.000658 -0.000777
v -0.000193 0.000704 -0.000851
v -0.000193 0.000704 -0.000777
v -0.000173 0.000627 -0.000851
v -0.000173 0.000627 -0.000777
v -0.000226 0.000663 -0.000851
v -0.000226 0.000663 -0.000777
v -0.000192 0.000591 -0.000851
v -0.000192 0.000591 -0.000777
v -0.000252 0.000615 -0.000851
v -0.000252 0.000615 -0.000777
v -0.000204 0.000552 -0.000851
v -0.000204 0.000552 -0.000777
v -0.000267 0.000564 -0.000851
v -0.000267 0.000564 -0.000777
v -0.000208 0.000511 -0.000851
v -0.000208 0.000511 -0.000777
v -0.000272 0.000511 -0.000851
v -0.000272 0.000511 -0.000777
v -0.000204 0.000471 -0.000851
v -0.000204 0.000471 -0.000777
v -0.000267 0.000458 -0.000851
v -0.000267 0.000458 -0.000777
v -0.000192 0.000432 -0.000851
v -0.000192 0.000432 -0.000777
v -0.000252 0.000407 -0.000851
v -0.000252 0.000407 -0.000777
v -0.000173 0.000396 -0.000851
v -0.000173 0.000396 -0.000777
v -0.000226 0.000360 -0.000851
v -0.000226 0.000360 -0.000777
v -0.000147 0.000364 -0.000851
v -0.000147 0.000364 -0.000777
v -0.000193 0.000319 -0.000851
v -0.000115 0.000339 -0.000851
v -0.000115 0.000339 -0.000777
v -0.000079 0.000319 -0.000851
v -0.000079 0.000319 -0.000777
v -0.000040 0.000308 -0.000851
v -0.000040 0.000308 -0.000777
v -0.000238 0.000170 -0.000777
v -0.000188 0.000170 -0.000851
v -0.000238 -0.000109 -0.000777
v -0.000188 -0.000109 -0.000851
v -0.000184 0.000242 -0.000851
v -0.000176 0.000296 -0.000851
v -0.000173 0.000268 -0.000851
v -0.000184 0.000242 -0.000777
v -0.000193 0.000319 -0.000777
v -0.000173 0.000268 -0.000777
v -0.000176 0.000296 -0.000777
v -0.000118 -0.000556 -0.000851
v -0.000086 -0.000581 -0.000851
v -0.000111 -0.000569 -0.000851
v -0.000100 -0.000578 -0.000851
v -0.000086 -0.000581 -0.000777
v -0.000118 -0.000556 -0.000777
v -0.000100 -0.000578 -0.000777
v -0.000111 -0.000569 -0.000777
v -0.000238 -0.000109 -0.000851
v -0.000072 -0.000109 -0.000851
v -0.000238 0.000170 -0.000851
v -0.000072 0.000170 -0.000851
v -0.000072 0.000134 -0.000836
v -0.000072 0.000051 -0.000819
v -0.000072 0.000093 -0.000824
v -0.000072 0.000010 -0.000819
v -0.000072 -0.000073 -0.000836
v -0.000072 -0.000032 -0.000824
v -0.000188 -0.000073 -0.000836
v -0.000188 0.000010 -0.000819
v -0.000188 -0.000032 -0.000824
v -0.000188 0.000051 -0.000819
v -0.000188 0.000134 -0.000836
v -0.000188 0.000093 -0.000824
v -0.000081 -0.000428 -0.000777
v -0.000026 -0.000535 -0.000777
v -0.000026 -0.000373 -0.000777
v -0.000050 -0.000385 -0.000777
v -0.000069 -0.000504 -0.000777
v -0.000050 -0.000523 -0.000777
v -0.000069 -0.000404 -0.000777
v -0.000081 -0.000481 -0.000777
v -0.000085 -0.000454 -0.000777
v -0.000026 -0.000535 -0.000851
v -0.000026 -0.000373 -0.000851
v -0.000069 -0.000504 -0.000851
v -0.000050 -0.000523 -0.000851
v -0.000081 -0.000428 -0.000851
v -0.000050 -0.000385 -0.000851
v -0.000069 -0.000404 -0.000851
v -0.000081 -0.000481 -0.000851
v -0.000085 -0.000454 -0.000851
v 0.000000 0.000235 -0.000777
v 0.000000 0.000263 0.000988
v 0.000000 0.000235 0.000862
v 0.000066 0.000225 -0.000777
v 0.000074 0.000253 0.000988
v 0.000066 0.000225 0.000862
v 0.000127 0.000198 -0.000777
v 0.000142 0.000222 0.000988
v 0.000127 0.000198 0.000862
v 0.000178 0.000154 -0.000777
v 0.000199 0.000173 0.000988
v 0.000178 0.000154 0.000862
v 0.000214 0.000098 -0.000777
v 0.000240 0.000109 0.000988
v 0.000214 0.000098 0.000862
v 0.000233 0.000033 -0.000777
v 0.000261 0.000037 0.000988
v 0.000233 0.000033 0.000862
v 0.000233 -0.000033 -0.000777
v 0.000261 -0.000037 0.000988
v 0.000233 -0.000033 0.000862
v 0.000214 -0.000098 -0.000777
v 0.000240 -0.000109 0.000988
v 0.000214 -0.000098 0.000862
v 0.000178 -0.000154 -0.000777
v 0.000199 -0.000173 0.000988
v 0.000178 -0.000154 0.000862
v 0.000127 -0.000198 -0.000777
v 0.000142 -0.000222 0.000988
v 0.000127 -0.000198 0.000862
v 0.000000 -0.000207 0.000730
v 0.000066 -0.000225 -0.000777
v 0.000074 -0.000253 0.000988
v 0.000066 -0.000225 0.000862
v 0.000000 -0.000207 -0.000419
v 0.000000 -0.000235 -0.000777
v 0.000000 -0.000263 0.000988
v 0.000000 -0.000235 0.000862
v 0.000058 -0.000198 -0.000419
v 0.000112 -0.000174 0.000730
v 0.000112 -0.000174 -0.000419
v 0.000000 -0.000207 -0.000132
v 0.000188 -0.000086 -0.000442
v 0.000188 -0.000086 -0.000419
v 0.000204 -0.000010 0.000707
v 0.000204 0.000010 -0.000419
v 0.000188 0.000086 0.000707
v 0.000188 0.000086 0.000730
v 0.000058 -0.000198 -0.000155
v 0.000058 -0.000198 -0.000132
v 0.000188 0.000086 -0.000442
v 0.000156 0.000135 0.000707
v 0.000156 0.000135 0.000730
v 0.000156 -0.000135 0.000442
v 0.000240 0.000109 0.001316
v 0.000261 0.000037 0.001316
v 0.000261 -0.000037 0.001316
v 0.000240 -0.000109 0.001316
v 0.000000 0.000263 0.001255
v 0.000112 -0.000174 0.000419
v 0.000112 -0.000174 0.000442
v 0.000156 0.000135 -0.000442
v 0.000156 0.000135 -0.000419
v 0.000112 0.000174 0.000707
v 0.000156 -0.000135 0.000132
v 0.000112 -0.000174 0.000132
v 0.000058 0.000198 -0.000419
v 0.000058 0.000198 -0.000442
v 0.000112 0.000174 -0.000442
v 0.000000 0.000207 0.000730
v 0.000000 0.000235 0.000684
v 0.000000 0.000235 0.000753
v 0.000214 -0.000098 -0.000109
v 0.000214 -0.000098 -0.000178
v 0.000214 -0.000098 0.000178
v 0.000214 -0.000098 0.000109
v 0.000066 0.000225 0.000753
v 0.000066 0.000225 0.000684
v 0.000214 -0.000098 0.000465
v 0.000214 -0.000098 0.000396
v 0.000233 -0.000033 -0.000109
v 0.000233 -0.000033 -0.000178
v 0.000127 0.000198 0.000753
v 0.000127 0.000198 0.000684
v 0.000233 -0.000033 0.000178
v 0.000233 -0.000033 0.000109
v 0.000233 -0.000033 0.000465
v 0.000233 -0.000033 0.000396
v 0.000178 0.000154 0.000753
v 0.000178 0.000154 0.000684
v 0.000233 0.000033 -0.000109
v 0.000233 0.000033 -0.000178
v 0.000233 0.000033 0.000178
v 0.000233 0.000033 0.000109
v 0.000214 0.000098 0.000753
v 0.000214 0.000098 0.000684
v 0.000233 0.000033 0.000465
v 0.000233 0.000033 0.000396
v 0.000214 0.000098 -0.000109
v 0.000214 0.000098 -0.000178
v 0.000233 0.000033 0.000753
v 0.000233 0.000033 0.000684
v 0.000214 0.000098 0.000178
v 0.000214 0.000098 0.000109
v 0.000214 0.000098 0.000465
v 0.000214 0.000098 0.000396
v 0.000233 -0.000033 0.000753
v 0.000233 -0.000033 0.000684
v 0.000178 0.000154 -0.000109
v 0.000178 0.000154 -0.000178
v 0.000178 0.000154 0.000178
v 0.000178 0.000154 0.000109
v 0.000214 -0.000098 0.000753
v 0.000214 -0.000098 0.000684
v 0.000178 0.000154 0.000465
v 0.000178 0.000154 0.000396
v 0.000127 0.000198 -0.000109
v 0.000127 0.000198 -0.000178
v 0.000178 -0.000154 0.000753
v 0.000178 -0.000154 0.000684
v 0.000127 0.000198 0.000178
v 0.000127 0.000198 0.000109
v 0.000127 0.000198 0.000465
v 0.000127 0.000198 0.000396
v 0.000127 -0.000198 0.000753
v 0.000127 -0.000198 0.000684
v 0.000066 0.000225 -0.000109
v 0.000066 0.000225 -0.000178
v 0.000066 0.000225 0.000178
v 0.000066 0.000225 0.000109
v 0.000066 -0.000225 0.000753
v 0.000066 -0.000225 0.000684
v 0.000000 -0.000235 -0.000396
v 0.000000 -0.000235 -0.000465
v 0.000066 0.000225 0.000465
v 0.000066 0.000225 0.000396
v 0.000000 -0.000235 0.000753
v 0.000000 -0.000235 0.000684
v 0.000066 -0.000225 -0.000396
v 0.000066 -0.000225 -0.000465
v 0.000127 -0.000198 -0.000396
v 0.000127 -0.000198 -0.000465
v 0.000178 -0.000154 -0.000396
v 0.000178 -0.000154 -0.000465
v 0.000214 -0.000098 -0.000396
v 0.000214 -0.000098 -0.000465
v 0.000233 -0.000033 -0.000396
v 0.000233 -0.000033 -0.000465
v 0.000233 0.000033 -0.000396
v 0.000233 0.000033 -0.000465
v 0.000214 0.000098 -0.000396
v 0.000214 0.000098 -0.000465
v 0.000178 0.000154 -0.000396
v 0.000178 0.000154 -0.000465
v 0.000127 0.000198 -0.000396
v 0.000127 0.000198 -0.000465
v 0.000066 0.000225 -0.000465
v 0.000066 0.000225 -0.000396
v 0.000000 0.000235 -0.000396
v 0.000000 0.000235 -0.000465
v 0.000000 -0.000235 -0.000109
v 0.000000 -0.000235 -0.000178
v 0.000000 -0.000235 0.000178
v 0.000000 -0.000235 0.000109
v 0.000000 -0.000235 0.000465
v 0.000000 -0.000235 0.000396
v 0.000066 -0.000225 -0.000109
v 0.000066 -0.000225 -0.000178
v 0.000066 -0.000225 0.000178
v 0.000066 -0.000225 0.000109
v 0.000066 -0.000225 0.000465
v 0.000066 -0.000225 0.000396
v 0.000127 -0.000198 -0.000109
v 0.000127 -0.000198 -0.000178
v 0.000127 -0.000198 0.000178
v 0.000127 -0.000198 0.000109
v 0.000127 -0.000198 0.000465
v 0.000127 -0.000198 0.000396
v 0.000178 -0.000154 -0.000178
v 0.000178 -0.000154 -0.000109
v 0.000178 -0.000154 0.000109
v 0.000178 -0.000154 0.000178
v 0.000178 -0.000154 0.000396
v 0.000178 -0.000154 0.000465
v 0.000000 0.000235 -0.000109
v 0.000000 0.000235 -0.000178
v 0.000000 0.000235 0.000178
v 0.000000 0.000235 0.000109
v 0.000000 0.000235 0.000465
v 0.000000 0.000235 0.000396
v 0.000000 0.000207 -0.000155
v 0.000000 0.000207 0.000155
v 0.000000 0.000207 0.000132
v 0.000058 0.000198 -0.000132
v 0.000058 0.000198 -0.000155
v 0.000058 0.000198 0.000155
v 0.000058 0.000198 0.000442
v 0.000112 0.000174 -0.000155
v 0.000112 0.000174 0.000132
v 0.000112 0.000174 0.000442
v 0.000156 0.000135 -0.000155
v 0.000188 0.000086 -0.000132
v 0.000188 0.000086 0.000155
v 0.000188 0.000086 0.000442
v 0.000188 0.000086 0.000419
v 0.000204 0.000010 0.000155
v 0.000204 0.000010 0.000419
v 0.000204 -0.000010 0.000132
v 0.000188 -0.000086 -0.000132
v 0.000188 -0.000086 0.000155
v 0.000188 -0.000086 0.000419
v 0.000112 0.000174 -0.000419
v 0.000112 -0.000174 -0.000442
v 0.000188 0.000086 -0.000419
v 0.000000 -0.000207 -0.000442
v 0.000058 -0.000198 -0.000442
v 0.000156 -0.000135 -0.000419
v 0.000156 -0.000135 -0.000442
v 0.000000 0.000207 -0.000419
v 0.000000 0.000207 -0.000442
v 0.000204 0.000030 -0.000442
v 0.000204 -0.000010 -0.000419
v 0.000204 -0.000030 -0.000442
v 0.000000 -0.000207 -0.000155
v 0.000156 -0.000135 -0.000155
v 0.000156 -0.000135 -0.000132
v 0.000112 -0.000174 -0.000132
v 0.000112 -0.000174 -0.000155
v 0.000000 0.000207 -0.000132
v 0.000112 0.000174 -0.000132
v 0.000156 0.000135 -0.000132
v 0.000188 0.000086 -0.000155
v 0.000188 -0.000086 -0.000155
v 0.000156 -0.000135 0.000155
v 0.000000 -0.000207 0.000155
v 0.000000 -0.000207 0.000132
v 0.000058 -0.000198 0.000155
v 0.000058 -0.000198 0.000132
v 0.000112 -0.000174 0.000155
v 0.000058 0.000198 0.000132
v 0.000112 0.000174 0.000155
v 0.000156 0.000135 0.000155
v 0.000156 0.000135 0.000132
v 0.000188 0.000086 0.000132
v 0.000204 0.000010 0.000132
v 0.000188 -0.000086 0.000132
v 0.000156 -0.000135 0.000419
v 0.000000 -0.000207 0.000442
v 0.000000 -0.000207 0.000419
v 0.000058 -0.000198 0.000442
v 0.000058 -0.000198 0.000419
v 0.000000 0.000207 0.000442
v 0.000000 0.000207 0.000419
v 0.000058 0.000198 0.000419
v 0.000112 0.000174 0.000419
v 0.000156 0.000135 0.000442
v 0.000156 0.000135 0.000419
v 0.000204 0.000010 0.000442
v 0.000204 -0.000010 0.000419
v 0.000188 -0.000086 0.000442
v 0.000000 0.000207 0.000707
v 0.000058 0.000198 0.000730
v 0.000058 0.000198 0.000707
v 0.000112 0.000174 0.000730
v 0.000204 0.000030 0.000730
v 0.000204 -0.000030 0.000730
v 0.000188 -0.000086 0.000730
v 0.000188 -0.000086 0.000707
v 0.000156 -0.000135 0.000730
v 0.000156 -0.000135 0.000707
v 0.000112 -0.000174 0.000707
v 0.000058 -0.000198 0.000730
v 0.000058 -0.000198 0.000707
v 0.000000 -0.000207 0.000707
v 0.000204 0.000010 -0.000155
v 0.000204 -0.000010 -0.000155
v 0.000204 0.000010 -0.000132
v 0.000204 -0.000010 -0.000132
v 0.000204 -0.000010 0.000155
v 0.000204 -0.000010 0.000442
v 0.000204 0.000010 0.000707
v 0.000074 0.000253 0.001435
v 0.000142 0.000222 0.001435
v 0.000199 0.000173 0.001435
v 0.000199 -0.000173 0.001435
v 0.000142 -0.000222 0.001435
v 0.000074 -0.000253 0.001435
v 0.000000 -0.000263 0.001435
v 0.000074 0.000253 0.001397
v 0.000142 0.000222 0.001397
v 0.000199 0.000173 0.001397
v 0.000199 -0.000173 0.001397
v 0.000142 -0.000222 0.001397
v 0.000074 -0.000253 0.001397
v 0.000000 -0.000263 0.001397
v 0.000074 0.000253 0.001341
v 0.000142 0.000222 0.001341
v 0.000199 0.000173 0.001341
v 0.000199 -0.000173 0.001341
v 0.000142 -0.000222 0.001341
v 0.000074 -0.000253 0.001341
v 0.000000 -0.000263 0.001341
v 0.000074 0.000253 0.001255
v 0.000104 0.000193 0.001255
v 0.000074 0.000193 0.001255
v 0.000104 0.000193 0.001435
v 0.000074 0.000193 0.001341
v 0.000074 0.000193 0.001397
v 0.000074 0.000193 0.001435
v 0.000104 0.000193 0.001341
v 0.000104 0.000193 0.001397
v 0.000104 0.000136 0.001255
v 0.000104 0.000136 0.001341
v 0.000104 0.000136 0.001397
v 0.000104 0.000136 0.001435
v 0.000199 0.000173 0.001316
v 0.000199 -0.000173 0.001316
v -0.000066 0.000225 -0.000777
v -0.000074 0.000253 0.000988
v -0.000066 0.000225 0.000862
v -0.000127 0.000198 -0.000777
v -0.000142 0.000222 0.000988
v -0.000127 0.000198 0.000862
v -0.000178 0.000154 -0.000777
v -0.000199 0.000173 0.000988
v -0.000178 0.000154 0.000862
v -0.000214 0.000098 -0.000777
v -0.000240 0.000109 0.000988
v -0.000214 0.000098 0.000862
v -0.000233 0.000033 -0.000777
v -0.000261 0.000037 0.000988
v -0.000233 0.000033 0.000862
v -0.000233 -0.000033 -0.000777
v -0.000261 -0.000037 0.000988
v -0.000233 -0.000033 0.000862
v -0.000214 -0.000098 -0.000777
v -0.000240 -0.000109 0.000988
v -0.000214 -0.000098 0.000862
v -0.000178 -0.000154 -0.000777
v -0.000199 -0.000173 0.000988
v -0.000178 -0.000154 0.000862
v -0.000127 -0.000198 -0.000777
v -0.000142 -0.000222 0.000988
v -0.000127 -0.000198 0.000862
v -0.000066 -0.000225 -0.000777
v -0.000074 -0.000253 0.000988
v -0.000066 -0.000225 0.000862
v -0.000058 -0.000198 -0.000419
v -0.000112 -0.000174 0.000730
v -0.000112 -0.000174 -0.000419
v -0.000188 -0.000086 -0.000442
v -0.000188 -0.000086 -0.000419
v -0.000204 -0.000010 0.000707
v -0.000204 0.000010 -0.000419
v -0.000188 0.000086 0.000707
v -0.000188 0.000086 0.000730
v -0.000058 -0.000198 -0.000155
v -0.000058 -0.000198 -0.000132
v -0.000188 0.000086 -0.000442
v -0.000156 0.000135 0.000707
v -0.000156 0.000135 0.000730
v -0.000156 -0.000135 0.000442
v -0.000240 0.000109 0.001316
v -0.000261 0.000037 0.001316
v -0.000261 -0.000037 0.001316
v -0.000240 -0.000109 0.001316
v -0.000112 -0.000174 0.000419
v -0.000112 -0.000174 0.000442
v -0.000156 0.000135 -0.000442
v -0.000156 0.000135 -0.000419
v -0.000112 0.000174 0.000707
v -0.000156 -0.000135 0.000132
v -0.000112 -0.000174 0.000132
v -0.000058 0.000198 -0.000419
v -0.000058 0.000198 -0.000442
v -0.000112 0.000174 -0.000442
v -0.000214 -0.000098 -0.000109
v -0.000214 -0.000098 -0.000178
v -0.000214 -0.000098 0.000178
v -0.000214 -0.000098 0.000109
v -0.000066 0.000225 0.000753
v -0.000066 0.000225 0.000684
v -0.000214 -0.000098 0.000465
v -0.000214 -0.000098 0.000396
v -0.000233 -0.000033 -0.000109
v -0.000233 -0.000033 -0.000178
v -0.000127 0.000198 0.000753
v -0.000127 0.000198 0.000684
v -0.000233 -0.000033 0.000178
v -0.000233 -0.000033 0.000109
v -0.000233 -0.000033 0.000465
v -0.000233 -0.000033 0.000396
v -0.000178 0.000154 0.000753
v -0.000178 0.000154 0.000684
v -0.000233 0.000033 -0.000109
v -0.000233 0.000033 -0.000178
v -0.000233 0.000033 0.000178
v -0.000233 0.000033 0.000109
v -0.000214 0.000098 0.000753
v -0.000214 0.000098 0.000684
v -0.000233 0.000033 0.000465
v -0.000233 0.000033 0.000396
v -0.000214 0.000098 -0.000109
v -0.000214 0.000098 -0.000178
v -0.000233 0.000033 0.000753
v -0.000233 0.000033 0.000684
v -0.000214 0.000098 0.000178
v -0.000214 0.000098 0.000109
v -0.000214 0.000098 0.000465
v -0.000214 0.000098 0.000396
v -0.000233 -0.000033 0.000753
v -0.000233 -0.000033 0.000684
v -0.000178 0.000154 -0.000109
v -0.000178 0.000154 -0.000178
v -0.000178 0.000154 0.000178
v -0.000178 0.000154 0.000109
v -0.000214 -0.000098 0.000753
v -0.000214 -0.000098 0.000684
v -0.000178 0.000154 0.000465
v -0.000178 0.000154 0.000396
v -0.000127 0.000198 -0.000109
v -0.000127 0.000198 -0.000178
v -0.000178 -0.000154 0.000753
v -0.000178 -0.000154 0.000684
v -0.000127 0.000198 0.000178
v -0.000127 0.000198 0.000109
v -0.000127 0.000198 0.000465
v -0.000127 0.000198 0.000396
v -0.000127 -0.000198 0.000753
v -0.000127 -0.000198 0.000684
v -0.000066 0.000225 -0.000109
v -0.000066 0.000225 -0.000178
v -0.000066 0.000225 0.000178
v -0.000066 0.000225 0.000109
v -0.000066 -0.000225 0.000753
v -0.000066 -0.000225 0.000684
v -0.000066 0.000225 0.000465
v -0.000066 0.000225 0.000396
v -0.000066 -0.000225 -0.000396
v -0.000066 -0.000225 -0.000465
v -0.000127 -0.000198 -0.000396
v -0.000127 -0.000198 -0.000465
v -0.000178 -0.000154 -0.000396
v -0.000178 -0.000154 -0.000465
v -0.000214 -0.000098 -0.000396
v -0.000214 -0.000098 -0.000465
v -0.000233 -0.000033 -0.000396
v -0.000233 -0.000033 -0.000465
v -0.000233 0.000033 -0.000396
v -0.000233 0.000033 -0.000465
v -0.000214 0.000098 -0.000396
v -0.000214 0.000098 -0.000465
v -0.000178 0.000154 -0.000396
v -0.000178 0.000154 -0.000465
v -0.000127 0.000198 -0.000396
v -0.000127 0.000198 -0.000465
v -0.000066 0.000225 -0.000465
v -0.000066 0.000225 -0.000396
v -0.000066 -0.000225 -0.000109
v -0.000066 -0.000225 -0.000178
v -0.000066 -0.000225 0.000178
v -0.000066 -0.000225 0.000109
v -0.000066 -0.000225 0.000465
v -0.000066 -0.000225 0.000396
v -0.000127 -0.000198 -0.000109
v -0.000127 -0.000198 -0.000178
v -0.000127 -0.000198 0.000178
v -0.000127 -0.000198 0.000109
v -0.000127 -0.000198 0.000465
v -0.000127 -0.000198 0.000396
v -0.000178 -0.000154 -0.000178
v -0.000178 -0.000154 -0.000109
v -0.000178 -0.000154 0.000109
v -0.000178 -0.000154 0.000178
v -0.000178 -0.000154 0.000396
v -0.000178 -0.000154 0.000465
v -0.000058 0.000198 -0.000132
v -0.000058 0.000198 -0.000155
v -0.000058 0.000198 0.000155
v -0.000058 0.000198 0.000442
v -0.000112 0.000174 -0.000155
v -0.000112 0.000174 0.000132
v -0.000112 0.000174 0.000442
v -0.000156 0.000135 -0.000155
v -0.000188 0.000086 -0.000132
v -0.000188 0.000086 0.000155
v -0.000188 0.000086 0.000442
v -0.000188 0.000086 0.000419
v -0.000204 0.000010 0.000155
v -0.000204 0.000010 0.000419
v -0.000204 -0.000010 0.000132
v -0.000188 -0.000086 -0.000132
v -0.000188 -0.000086 0.000155
v -0.000188 -0.000086 0.000419
v -0.000112 0.000174 -0.000419
v -0.000112 -0.000174 -0.000442
v -0.000188 0.000086 -0.000419
v -0.000058 -0.000198 -0.000442
v -0.000156 -0.000135 -0.000419
v -0.000156 -0.000135 -0.000442
v -0.000204 0.000030 -0.000442
v -0.000204 -0.000010 -0.000419
v -0.000204 -0.000030 -0.000442
v -0.000156 -0.000135 -0.000155
v -0.000156 -0.000135 -0.000132
v -0.000112 -0.000174 -0.000132
v -0.000112 -0.000174 -0.000155
v -0.000112 0.000174 -0.000132
v -0.000156 0.000135 -0.000132
v -0.000188 0.000086 -0.000155
v -0.000188 -0.000086 -0.000155
v -0.000156 -0.000135 0.000155
v -0.000058 -0.000198 0.000155
v -0.000058 -0.000198 0.000132
v -0.000112 -0.000174 0.000155
v -0.000058 0.000198 0.000132
v -0.000112 0.000174 0.000155
v -0.000156 0.000135 0.000155
v -0.000156 0.000135 0.000132
v -0.000188 0.000086 0.000132
v -0.000204 0.000010 0.000132
v -0.000188 -0.000086 0.000132
v -0.000156 -0.000135 0.000419
v -0.000058 -0.000198 0.000442
v -0.000058 -0.000198 0.000419
v -0.000058 0.000198 0.000419
v -0.000112 0.000174 0.000419
v -0.000156 0.000135 0.000442
v -0.000156 0.000135 0.000419
v -0.000204 0.000010 0.000442
v -0.000204 -0.000010 0.000419
v -0.000188 -0.000086 0.000442
v -0.000058 0.000198 0.000730
v -0.000058 0.000198 0.000707
v -0.000112 0.000174 0.000730
v -0.000204 0.000030 0.000730
v -0.000204 -0.000030 0.000730
v -0.000188 -0.000086 0.000730
v -0.000188 -0.000086 0.000707
v -0.000156 -0.000135 0.000730
v -0.000156 -0.000135 0.000707
v -0.000112 -0.000174 0.000707
v -0.000058 -0.000198 0.000730
v -0.000058 -0.000198 0.000707
v -0.000204 0.000010 -0.000155
v -0.000204 -0.000010 -0.000155
v -0.000204 0.000010 -0.000132
v -0.000204 -0.000010 -0.000132
v -0.000204 -0.000010 0.000155
v -0.000204 -0.000010 0.000442
v -0.000204 0.000010 0.000707
v -0.000074 0.000253 0.001435
v -0.000142 0.000222 0.001435
v -0.000199 0.000173 0.001435
v -0.000199 -0.000173 0.001435
v -0.000142 -0.000222 0.001435
v -0.000074 -0.000253 0.001435
v -0.000074 0.000253 0.001397
v -0.000142 0.000222 0.001397
v -0.000199 0.000173 0.001397
v -0.000199 -0.000173 0.001397
v -0.000142 -0.000222 0.001397
v -0.000074 -0.000253 0.001397
v -0.000074 0.000253 0.001341
v -0.000142 0.000222 0.001341
v -0.000199 0.000173 0.001341
v -0.000199 -0.000173 0.001341
v -0.000142 -0.000222 0.001341
v -0.000074 -0.000253 0.001341
v -0.000074 0.000253 0.001255
v -0.000104 0.000193 0.001255
v -0.000074 0.000193 0.001255
v -0.000104 0.000193 0.001435
v -0.000074 0.000193 0.001341
v -0.000074 0.000193 0.001397
v -0.000074 0.000193 0.001435
v -0.000104 0.000193 0.001341
v -0.000104 0.000193 0.001397
v -0.000104 0.000136 0.001255
v -0.000104 0.000136 0.001341
v -0.000104 0.000136 0.001397
v -0.000104 0.000136 0.001435
v -0.000199 0.000173 0.001316
v -0.000199 -0.000173 0.001316
v -0.000000 -0.000323 -0.001286
v -0.000000 0.000064 -0.004216
v 0.000044 -0.000266 -0.000851
v -0.000000 -0.000248 -0.003648
v -0.000000 -0.000323 -0.002675
v 0.000044 -0.000071 -0.003319
v 0.000044 -0.000088 -0.002675
v -0.000000 0.000278 -0.002810
v 0.000044 -0.000266 -0.001228
v -0.000000 -0.000021 -0.004115
v -0.000000 -0.000290 -0.003457
v 0.000044 0.000064 -0.003905
v -0.000000 -0.000318 -0.003066
v -0.000000 -0.000187 -0.003834
v -0.000000 -0.000322 -0.002870
v -0.000000 -0.000309 -0.003262
v 0.000044 -0.000023 -0.003638
v 0.000044 -0.000087 -0.002997
v 0.000044 -0.000088 -0.002836
v 0.000044 -0.000082 -0.003158
v 0.000044 -0.000051 -0.003479
v 0.000044 0.000039 -0.003850
v 0.000044 -0.000088 -0.001228
v -0.000000 -0.000096 -0.004007
v 0.000044 0.000016 -0.003794
v 0.000013 0.000302 -0.000851
v -0.000000 0.000302 -0.002659
v 0.000013 0.000302 -0.002650
v 0.000044 0.000231 -0.002795
v 0.000044 0.000231 -0.000851
v -0.000000 0.000109 -0.003922
v 0.000044 0.000156 -0.001228
v 0.000025 0.000141 -0.001367
v 0.000034 0.000148 -0.001271
v 0.000028 0.000143 -0.001322
v 0.000025 0.000141 -0.002536
v 0.000044 0.000156 -0.002675
v 0.000028 0.000143 -0.002581
v 0.000034 0.000148 -0.002632
v 0.000025 -0.000014 -0.001367
v 0.000044 -0.000028 -0.001228
v 0.000028 -0.000016 -0.001322
v 0.000034 -0.000021 -0.001271
v 0.000044 -0.000028 -0.002675
v 0.000025 -0.000014 -0.002536
v 0.000034 -0.000021 -0.002632
v 0.000028 -0.000016 -0.002581
v 0.000019 0.000064 -0.004196
v 0.000020 -0.000303 -0.002675
v 0.000020 -0.000304 -0.001266
v 0.000019 -0.000016 -0.004095
v 0.000019 -0.000174 -0.003818
v 0.000019 -0.000233 -0.003635
v 0.000019 -0.000272 -0.003446
v 0.000019 -0.000291 -0.003253
v 0.000020 -0.000299 -0.003060
v 0.000020 -0.000303 -0.002867
v 0.000020 -0.000086 -0.003989
v 0.000013 0.000302 -0.001228
v 0.000013 0.000302 -0.001141
v 0.000013 0.000302 -0.001313
v 0.000013 0.000302 -0.001399
v 0.000013 0.000302 -0.001484
v 0.000013 0.000302 -0.001571
v 0.000013 0.000302 -0.001656
v 0.000013 0.000302 -0.001742
v 0.000013 0.000302 -0.001914
v 0.000013 0.000302 -0.001998
v 0.000013 0.000302 -0.001827
v 0.000013 0.000302 -0.002085
v 0.000013 0.000302 -0.002170
v 0.000013 0.000302 -0.002256
v 0.000013 0.000302 -0.002341
v 0.000037 0.000251 -0.002451
v 0.000013 0.000302 -0.002513
v 0.000013 0.000302 -0.002428
v 0.000037 0.000251 -0.002623
v 0.000013 0.000302 -0.002599
v 0.000037 0.000251 -0.001252
v 0.000044 0.000231 -0.001172
v 0.000037 0.000251 -0.001423
v 0.000044 0.000231 -0.001344
v 0.000044 0.000231 -0.001255
v 0.000037 0.000251 -0.001595
v 0.000044 0.000231 -0.001516
v 0.000044 0.000231 -0.001427
v 0.000037 0.000251 -0.001766
v 0.000044 0.000231 -0.001687
v 0.000044 0.000231 -0.001769
v 0.000044 0.000231 -0.001858
v 0.000037 0.000251 -0.001937
v 0.000044 0.000231 -0.002030
v 0.000037 0.000251 -0.002109
v 0.000044 0.000231 -0.002373
v 0.000044 0.000231 -0.002201
v 0.000037 0.000251 -0.002280
v 0.000044 0.000231 -0.002544
v 0.000044 0.000231 -0.002625
v 0.000044 0.000218 -0.001181
v 0.000044 0.000203 -0.001194
v 0.000044 0.000196 -0.001213
v 0.000044 0.000212 -0.001248
v 0.000044 0.000199 -0.001233
v 0.000044 0.000218 -0.001352
v 0.000044 0.000199 -0.001404
v 0.000044 0.000196 -0.001384
v 0.000044 0.000203 -0.001365
v 0.000044 0.000218 -0.001523
v 0.000044 0.000199 -0.001576
v 0.000044 0.000196 -0.001556
v 0.000044 0.000203 -0.001536
v 0.000044 0.000212 -0.001591
v 0.000044 0.000218 -0.001695
v 0.000044 0.000231 -0.001598
v 0.000044 0.000203 -0.001708
v 0.000044 0.000199 -0.001747
v 0.000044 0.000196 -0.001727
v 0.000044 0.000212 -0.001420
v 0.000044 0.000212 -0.001763
v 0.000044 0.000218 -0.001866
v 0.000044 0.000203 -0.001879
v 0.000044 0.000196 -0.001898
v 0.000044 0.000212 -0.001934
v 0.000044 0.000231 -0.001941
v 0.000044 0.000203 -0.002051
v 0.000044 0.000218 -0.002038
v 0.000044 0.000199 -0.001918
v 0.000044 0.000212 -0.002105
v 0.000044 0.000218 -0.002209
v 0.000044 0.000231 -0.002112
v 0.000044 0.000231 -0.002284
v 0.000044 0.000212 -0.002277
v 0.000044 0.000218 -0.002380
v 0.000044 0.000231 -0.002455
v 0.000044 0.000196 -0.002070
v 0.000044 0.000203 -0.002222
v 0.000044 0.000199 -0.002090
v 0.000044 0.000199 -0.002261
v 0.000044 0.000203 -0.002393
v 0.000044 0.000196 -0.002241
v 0.000044 0.000196 -0.002412
v 0.000044 0.000199 -0.002432
v 0.000044 0.000218 -0.002552
v 0.000044 0.000203 -0.002565
v 0.000044 0.000212 -0.002448
v 0.000044 0.000199 -0.002604
v 0.000044 0.000196 -0.002584
v 0.000044 0.000212 -0.002619
v 0.000044 0.000064 -0.002868
v 0.000044 0.000033 -0.002874
v 0.000044 0.000094 -0.002874
v 0.000044 -0.000016 -0.002947
v 0.000044 -0.000010 -0.002917
v 0.000044 0.000008 -0.002891
v 0.000044 0.000120 -0.002891
v 0.000044 -0.000016 -0.003068
v 0.000044 0.000137 -0.002917
v 0.000044 0.000143 -0.002947
v 0.000044 -0.000004 -0.003106
v 0.000044 -0.000010 -0.003099
v 0.000044 0.000008 -0.003125
v 0.000044 0.000064 -0.003148
v 0.000044 0.000033 -0.003142
v 0.000044 0.000143 -0.003068
v 0.000044 0.000137 -0.003099
v 0.000044 0.000120 -0.003125
v 0.000044 0.000094 -0.003142
v 0.000044 0.000156 -0.001367
v 0.000044 0.000156 -0.002536
v 0.000044 -0.000028 -0.001367
v 0.000044 -0.000028 -0.002536
v 0.000044 0.000156 -0.001952
v 0.000044 -0.000028 -0.001952
v -0.000044 -0.000266 -0.000851
v -0.000044 -0.000071 -0.003319
v -0.000044 -0.000088 -0.002675
v -0.000044 -0.000266 -0.001228
v -0.000044 0.000064 -0.003905
v -0.000044 -0.000023 -0.003638
v -0.000044 -0.000087 -0.002997
v -0.000044 -0.000088 -0.002836
v -0.000044 -0.000082 -0.003158
v -0.000044 -0.000051 -0.003479
v -0.000044 0.000039 -0.003850
v -0.000044 -0.000088 -0.001228
v -0.000044 0.000016 -0.003794
v -0.000013 0.000302 -0.000851
v -0.000013 0.000302 -0.002650
v -0.000044 0.000231 -0.002795
v -0.000044 0.000231 -0.000851
v -0.000044 0.000156 -0.001228
v -0.000025 0.000141 -0.001367
v -0.000034 0.000148 -0.001271
v -0.000028 0.000143 -0.001322
v -0.000025 0.000141 -0.002536
v -0.000044 0.000156 -0.002675
v -0.000028 0.000143 -0.002581
v -0.000034 0.000148 -0.002632
v -0.000025 -0.000014 -0.001367
v -0.000044 -0.000028 -0.001228
v -0.000028 -0.000016 -0.001322
v -0.000034 -0.000021 -0.001271
v -0.000044 -0.000028 -0.002675
v -0.000025 -0.000014 -0.002536
v -0.000034 -0.000021 -0.002632
v -0.000028 -0.000016 -0.002581
v -0.000019 0.000064 -0.004196
v -0.000020 -0.000303 -0.002675
v -0.000020 -0.000304 -0.001266
v -0.000019 -0.000016 -0.004095
v -0.000019 -0.000174 -0.003818
v -0.000019 -0.000233 -0.003635
v -0.000019 -0.000272 -0.003446
v -0.000019 -0.000291 -0.003253
v -0.000020 -0.000299 -0.003060
v -0.000020 -0.000303 -0.002867
v -0.000020 -0.000086 -0.003989
v -0.000013 0.000302 -0.001228
v -0.000013 0.000302 -0.001141
v -0.000013 0.000302 -0.001313
v -0.000013 0.000302 -0.001399
v -0.000013 0.000302 -0.001484
v -0.000013 0.000302 -0.001571
v -0.000013 0.000302 -0.001656
v -0.000013 0.000302 -0.001742
v -0.000013 0.000302 -0.001914
v -0.000013 0.000302 -0.001998
v -0.000013 0.000302 -0.001827
v -0.000013 0.000302 -0.002085
v -0.000013 0.000302 -0.002170
v -0.000013 0.000302 -0.002256
v -0.000013 0.000302 -0.002341
v -0.000037 0.000251 -0.002451
v -0.000013 0.000302 -0.002513
v -0.000013 0.000302 -0.002428
v -0.000037 0.000251 -0.002623
v -0.000013 0.000302 -0.002599
v -0.000037 0.000251 -0.001252
v -0.000044 0.000231 -0.001172
v -0.000037 0.000251 -0.001423
v -0.000044 0.000231 -0.001344
v -0.000044 0.000231 -0.001255
v -0.000037 0.000251 -0.001595
v -0.000044 0.000231 -0.001516
v -0.000044 0.000231 -0.001427
v -0.000037 0.000251 -0.001766
v -0.000044 0.000231 -0.001687
v -0.000044 0.000231 -0.001769
v -0.000044 0.000231 -0.001858
v -0.000037 0.000251 -0.001937
v -0.000044 0.000231 -0.002030
v -0.000037 0.000251 -0.002109
v -0.000044 0.000231 -0.002373
v -0.000044 0.000231 -0.002201
v -0.000037 0.000251 -0.002280
v -0.000044 0.000231 -0.002544
v -0.000044 0.000231 -0.002625
v -0.000044 0.000218 -0.001181
v -0.000044 0.000203 -0.001194
v -0.000044 0.000196 -0.001213
v -0.000044 0.000212 -0.001248
v -0.000044 0.000199 -0.001233
v -0.000044 0.000218 -0.001352
v -0.000044 0.000199 -0.001404
v -0.000044 0.000196 -0.001384
v -0.000044 0.000203 -0.001365
v -0.000044 0.000218 -0.001523
v -0.000044 0.000199 -0.001576
v -0.000044 0.000196 -0.001556
v -0.000044 0.000203 -0.001536
v -0.000044 0.000212 -0.001591
v -0.000044 0.000218 -0.001695
v -0.000044 0.000231 -0.001598
v -0.000044 0.000203 -0.001708
v -0.000044 0.000199 -0.001747
v -0.000044 0.000196 -0.001727
v -0.000044 0.000212 -0.001420
v -0.000044 0.000212 -0.001763
v -0.000044 0.000218 -0.001866
v -0.000044 0.000203 -0.001879
v -0.000044 0.000196 -0.001898
v -0.000044 0.000212 -0.001934
v -0.000044 0.000231 -0.001941
v -0.000044 0.000203 -0.002051
v -0.000044 0.000218 -0.002038
v -0.000044 0.000199 -0.001918
v -0.000044 0.000212 -0.002105
v -0.000044 0.000218 -0.002209
v -0.000044 0.000231 -0.002112
v -0.000044 0.000231 -0.002284
v -0.000044 0.000212 -0.002277
v -0.000044 0.000218 -0.002380
v -0.000044 0.000231 -0.002455
v -0.000044 0.000196 -0.002070
v -0.000044 0.000203 -0.002222
v -0.000044 0.000199 -0.002090
v -0.000044 0.000199 -0.002261
v -0.000044 0.000203 -0.002393
v -0.000044 0.000196 -0.002241
v -0.000044 0.000196 -0.002412
v -0.000044 0.000199 -0.002432
v -0.000044 0.000218 -0.002552
v -0.000044 0.000203 -0.002565
v -0.000044 0.000212 -0.002448
v -0.000044 0.000199 -0.002604
v -0.000044 0.000196 -0.002584
v -0.000044 0.000212 -0.002619
v -0.000044 0.000064 -0.002868
v -0.000044 0.000033 -0.002874
v -0.000044 0.000094 -0.002874
v -0.000044 -0.000016 -0.002947
v -0.000044 -0.000010 -0.002917
v -0.000044 0.000008 -0.002891
v -0.000044 0.000120 -0.002891
v -0.000044 -0.000016 -0.003068
v -0.000044 0.000137 -0.002917
v -0.000044 0.000143 -0.002947
v -0.000044 -0.000004 -0.003106
v -0.000044 -0.000010 -0.003099
v -0.000044 0.000008 -0.003125
v -0.000044 0.000064 -0.003148
v -0.000044 0.000033 -0.003142
v -0.000044 0.000143 -0.003068
v -0.000044 0.000137 -0.003099
v -0.000044 0.000120 -0.003125
v -0.000044 0.000094 -0.003142
v -0.000044 0.000156 -0.001367
v -0.000044 0.000156 -0.002536
v -0.000044 -0.000028 -0.001367
v -0.000044 -0.000028 -0.002536
v -0.000044 0.000156 -0.001952
v -0.000044 -0.000028 -0.001952
vn -1.0000 -0.0000 -0.0000
vn -0.0000 -0.0000 -1.0000
vn -0.0000 -0.0000 1.0000
vn -0.6887 -0.7251 -0.0000
vn 0.9969 0.0785 -0.0000
vn 1.0000 -0.0000 -0.0000
vn 0.7934 0.6088 -0.0000
vn 0.7071 0.7071 -0.0000
vn -0.6088 -0.7934 -0.0000
vn -0.2588 -0.9659 -0.0000
vn 0.2588 -0.9659 -0.0000
vn 0.7071 -0.7071 -0.0000
vn 0.9659 0.2588 -0.0000
vn 0.9659 -0.2588 -0.0000
vn -0.7071 -0.7071 -0.0000
vn 0.9511 0.3090 -0.0000
vn 0.8090 0.5878 -0.0000
vn 0.5878 0.8090 -0.0000
vn 0.3090 0.9511 -0.0000
vn 0.1564 0.9877 -0.0000
vn 0.6887 -0.7251 -0.0000
vn -0.9969 0.0785 -0.0000
vn -0.7071 0.7071 -0.0000
vn -0.7934 0.6088 -0.0000
vn 0.6088 -0.7934 -0.0000
vn -0.9659 0.2588 -0.0000
vn -0.9659 -0.2588 -0.0000
vn -0.9511 0.3090 -0.0000
vn -0.8090 0.5878 -0.0000
vn -0.5878 0.8090 -0.0000
vn -0.3090 0.9511 -0.0000
vn -0.1564 0.9877 -0.0000
vn -0.1951 -0.9808 -0.0000
vn -0.0980 -0.9952 -0.0000
vn -0.3827 -0.9239 -0.0000
vn -0.5556 -0.8315 -0.0000
vn -0.8315 -0.5556 -0.0000
vn -0.9239 -0.3827 -0.0000
vn -0.9808 -0.1951 -0.0000
vn -0.9808 0.1951 -0.0000
vn -0.9239 0.3827 -0.0000
vn -0.8315 0.5556 -0.0000
vn -0.5556 0.8315 -0.0000
vn -0.3827 0.9239 -0.0000
vn -0.1951 0.9808 -0.0000
vn -0.0000 1.0000 -0.0000
vn 0.1951 0.9808 -0.0000
vn 0.3827 0.9239 -0.0000
vn 0.5556 0.8315 -0.0000
vn 0.8315 0.5556 -0.0000
vn 0.9239 0.3827 -0.0000
vn 0.9808 0.1951 -0.0000
vn 0.9808 -0.1951 -0.0000
vn 0.9239 -0.3827 -0.0000
vn 0.8315 -0.5556 -0.0000
vn 0.7925 -0.6098 -0.0000
vn 0.7961 0.6052 -0.0000
vn 0.8676 0.4972 -0.0000
vn -0.0000 0.3922 -0.9199
vn -0.0000 0.3382 -0.9411
vn 0.9657 -0.2598 -0.0000
vn 0.9281 -0.3723 -0.0000
vn 0.9321 -0.3622 -0.0000
vn 0.9906 0.1366 -0.0000
vn 0.7594 -0.6507 -0.0000
vn 0.4311 -0.9023 -0.0000
vn 0.1184 -0.9930 -0.0000
vn -0.0000 -0.3922 -0.9199
vn -0.0000 -0.3382 -0.9411
vn -0.0000 0.0590 -0.9983
vn -0.0000 0.2011 -0.9796
vn -0.0000 -0.2011 -0.9796
vn -0.0000 -0.0590 -0.9983
vn -0.1564 -0.9877 -0.0000
vn -0.3090 -0.9511 -0.0000
vn -0.5878 -0.8090 -0.0000
vn -0.8090 -0.5878 -0.0000
vn -0.9511 -0.3090 -0.0000
vn 0.0980 -0.9952 -0.0000
vn 0.1951 -0.9808 -0.0000
vn 0.3827 -0.9239 -0.0000
vn 0.5556 -0.8315 -0.0000
vn -0.7925 -0.6098 -0.0000
vn -0.8676 0.4972 -0.0000
vn -0.7961 0.6052 -0.0000
vn -0.9281 -0.3723 -0.0000
vn -0.9657 -0.2598 -0.0000
vn -0.9321 -0.3622 -0.0000
vn -0.9906 0.1366 -0.0000
vn -0.7594 -0.6507 -0.0000
vn -0.4311 -0.9023 -0.0000
vn -0.1184 -0.9930 -0.0000
vn 0.3090 -0.9511 -0.0000
vn 0.1564 -0.9877 -0.0000
vn 0.5878 -0.8090 -0.0000
vn 0.8090 -0.5878 -0.0000
vn 0.9511 -0.3090 -0.0000
vn 0.5406 -0.8413 -0.0000
vn 0.7558 -0.6549 -0.0000
vn 0.2817 0.9595 -0.0000
vn 0.5406 0.8413 -0.0000
vn 0.3273 0.9449 -0.0000
vn 0.9898 -0.1423 -0.0000
vn 0.9898 0.1423 -0.0000
vn 0.9096 0.4154 -0.0000
vn 0.7557 0.6549 -0.0000
vn 0.7235 0.6903 -0.0000
vn -0.0000 0.9753 -0.2208
vn 0.2748 0.9358 -0.2208
vn 0.5273 0.8205 -0.2208
vn 0.7371 0.6387 -0.2208
vn 0.8872 0.4052 -0.2208
vn 0.9654 0.1388 -0.2208
vn 0.8872 -0.4052 -0.2208
vn 0.9654 -0.1388 -0.2208
vn 0.7371 -0.6387 -0.2208
vn 0.5273 -0.8205 -0.2208
vn 0.2748 -0.9358 -0.2208
vn 0.1389 -0.9659 -0.2186
vn 0.3409 0.5305 -0.7761
vn 0.4765 0.4129 -0.7761
vn 0.1423 -0.9898 -0.0000
vn 0.2817 -0.9595 -0.0000
vn 0.7557 -0.6549 -0.0000
vn 0.9096 -0.4154 -0.0000
vn 0.7558 0.6549 -0.0000
vn 0.9595 0.2817 -0.0000
vn 0.9595 -0.2817 -0.0000
vn 0.3409 0.5305 0.7761
vn 0.4765 0.4129 0.7761
vn 0.1777 0.6050 -0.7761
vn 0.1777 0.6050 0.7761
vn 0.5736 -0.2619 -0.7761
vn 0.4765 -0.4129 -0.7761
vn 0.5673 -0.2513 -0.7842
vn 0.4765 -0.4129 0.7761
vn 0.5673 -0.2513 0.7842
vn 0.3409 -0.5305 -0.7761
vn 0.3409 -0.5305 0.7761
vn 0.5773 -0.1381 -0.8047
vn 0.5650 -0.1226 -0.8160
vn 0.5773 -0.1381 0.8047
vn 0.5736 -0.2619 0.7761
vn -0.0000 0.6306 -0.7761
vn -0.0000 0.6306 0.7761
vn 0.1776 -0.6050 -0.7761
vn 0.0903 -0.6280 -0.7730
vn 0.1776 -0.6050 0.7761
vn 0.0903 -0.6280 0.7730
vn 0.5773 0.1381 -0.8047
vn 0.5673 0.2513 -0.7842
vn 0.5736 0.2619 -0.7761
vn 0.5773 0.1381 0.8047
vn 0.5673 0.2513 0.7842
vn 0.5650 0.1226 0.8160
vn 0.1777 -0.6050 -0.7761
vn 0.1777 -0.6050 0.7761
vn 0.5736 0.2619 0.7761
vn 0.5734 -0.2623 -0.7761
vn 0.5736 -0.2622 -0.7760
vn 0.5734 0.2623 0.7761
vn 0.5736 0.2622 0.7760
vn 0.6382 0.7699 0.0005
vn 0.6359 0.7718 0.0001
vn 0.6355 0.7721 -0.0000
vn 0.5734 0.2623 -0.7761
vn 0.6240 0.0906 0.7762
vn 0.6244 0.0891 0.7760
vn 0.5774 0.1382 -0.8047
vn 0.6382 0.7699 -0.0005
vn 0.6359 0.7718 -0.0001
vn 0.6384 0.7697 -0.0006
vn 0.5774 0.1382 0.8047
vn 0.5651 0.1228 0.8158
vn 0.6355 -0.7721 -0.0000
vn 0.5736 0.2622 -0.7760
vn 0.6240 0.0906 -0.7762
vn 0.6382 -0.7699 0.0005
vn 0.6359 -0.7718 0.0001
vn 0.6384 -0.7697 0.0006
vn 0.6382 -0.7699 -0.0005
vn 0.6359 -0.7718 -0.0001
vn 0.5736 -0.2622 0.7760
vn 0.6240 -0.0906 0.7762
vn 0.5734 -0.2623 0.7761
vn 0.5774 -0.1382 -0.8047
vn 0.5651 -0.1228 -0.8158
vn 0.1776 0.6050 0.7761
vn 0.5774 -0.1382 0.8047
vn 0.6240 -0.0906 -0.7762
vn 0.6244 -0.0891 -0.7760
vn 0.6244 -0.0891 0.7760
vn 0.9094 -0.4160 -0.0000
vn 0.9806 -0.1616 0.1113
vn 0.9127 -0.4080 0.0223
vn 0.9806 0.1616 0.1113
vn 0.9127 0.4080 0.0223
vn 0.9986 0.0391 0.0352
vn 0.9094 0.4160 -0.0000
vn 0.9240 -0.3825 -0.0000
vn 0.9975 -0.0711 0.0001
vn 0.9240 0.3825 -0.0000
vn 0.9975 0.0711 -0.0000
vn 0.9975 0.0711 0.0001
vn 0.9975 -0.0711 -0.0000
vn 0.9975 0.0711 -0.0001
vn 0.9127 -0.4080 -0.0223
vn 0.9806 -0.1616 -0.1113
vn 0.9127 0.4080 -0.0223
vn 0.9806 0.1616 -0.1113
vn 0.9986 0.0391 -0.0352
vn 0.6244 0.0891 -0.7760
vn 0.9986 -0.0391 -0.0352
vn 0.9975 -0.0711 -0.0001
vn 0.9986 -0.0391 0.0352
vn 0.2355 -0.9719 -0.0000
vn 0.6549 -0.7557 -0.0000
vn 0.6549 0.7557 -0.0000
vn 0.4154 0.9096 -0.0000
vn 0.0028 -1.0000 -0.0000
vn 0.9972 -0.0754 -0.0000
vn -0.7235 -0.6903 -0.0000
vn -0.5406 -0.8413 -0.0000
vn -0.7558 -0.6549 -0.0000
vn -0.2817 0.9595 -0.0000
vn -0.5406 0.8413 -0.0000
vn -0.3273 0.9449 -0.0000
vn -0.9898 0.1423 -0.0000
vn -0.9898 -0.1423 -0.0000
vn -0.7557 0.6549 -0.0000
vn -0.9096 0.4154 -0.0000
vn -0.7235 0.6903 -0.0000
vn 0.7235 -0.6903 -0.0000
vn -0.2748 0.9358 -0.2208
vn -0.5273 0.8205 -0.2208
vn -0.7371 0.6387 -0.2208
vn -0.8872 0.4052 -0.2208
vn -0.9654 0.1388 -0.2208
vn -0.9654 -0.1388 -0.2208
vn -0.8872 -0.4052 -0.2208
vn -0.7371 -0.6387 -0.2208
vn -0.5273 -0.8205 -0.2208
vn -0.2748 -0.9358 -0.2208
vn -0.1389 -0.9659 -0.2186
vn -0.3409 0.5305 -0.7761
vn -0.4765 0.4129 -0.7761
vn -0.2817 -0.9595 -0.0000
vn -0.1423 -0.9898 -0.0000
vn -0.9096 -0.4154 -0.0000
vn -0.7557 -0.6549 -0.0000
vn -0.7558 0.6549 -0.0000
vn -0.9595 0.2817 -0.0000
vn -0.9595 -0.2817 -0.0000
vn -0.4765 0.4129 0.7761
vn -0.3409 0.5305 0.7761
vn -0.1777 0.6050 -0.7761
vn -0.1777 0.6050 0.7761
vn -0.5736 -0.2619 -0.7761
vn -0.4765 -0.4129 -0.7761
vn -0.4765 -0.4129 0.7761
vn -0.5673 -0.2513 0.7842
vn -0.5736 -0.2619 0.7761
vn -0.3409 -0.5305 -0.7761
vn -0.5673 -0.2513 -0.7842
vn -0.3409 -0.5305 0.7761
vn -0.5773 -0.1381 -0.8047
vn -0.5773 -0.1381 0.8047
vn -0.1776 -0.6050 -0.7761
vn -0.0903 -0.6280 -0.7730
vn -0.0903 -0.6280 0.7730
vn -0.1776 -0.6050 0.7761
vn -0.5673 0.2513 -0.7842
vn -0.5773 0.1381 -0.8047
vn -0.5736 0.2619 -0.7761
vn -0.5773 0.1381 0.8047
vn -0.5673 0.2513 0.7842
vn -0.5736 0.2619 0.7761
vn -0.1777 -0.6050 -0.7761
vn -0.1777 -0.6050 0.7761
vn -0.5734 -0.2623 -0.7761
vn -0.5736 -0.2622 -0.7760
vn -0.5734 0.2623 0.7761
vn -0.5736 0.2622 0.7760
vn -0.6359 0.7718 0.0001
vn -0.6382 0.7699 0.0005
vn -0.6355 0.7721 -0.0000
vn -0.5734 0.2623 -0.7761
vn -0.5736 0.2622 -0.7760
vn -0.6240 0.0906 0.7762
vn -0.6244 0.0891 0.7760
vn -0.5774 0.1382 -0.8047
vn -0.6382 0.7699 -0.0005
vn -0.6359 0.7718 -0.0001
vn -0.5774 0.1382 0.8047
vn -0.6355 -0.7721 -0.0000
vn -0.6240 0.0906 -0.7762
vn -0.6244 0.0891 -0.7760
vn -0.6382 -0.7699 0.0005
vn -0.6359 -0.7718 0.0001
vn -0.6359 -0.7718 -0.0001
vn -0.6382 -0.7699 -0.0005
vn -0.5736 -0.2622 0.7760
vn -0.6240 -0.0906 0.7762
vn -0.6244 -0.0891 0.7760
vn -0.5774 -0.1382 -0.8047
vn -0.5774 -0.1382 0.8047
vn -0.6240 -0.0906 -0.7762
vn -0.6244 -0.0891 -0.7760
vn -0.5734 -0.2623 0.7761
vn -0.9094 -0.4160 -0.0000
vn -0.9127 -0.4080 0.0223
vn -0.9806 -0.1616 0.1113
vn -0.9806 0.1616 0.1113
vn -0.9127 0.4080 0.0223
vn -0.9094 0.4160 -0.0000
vn -0.9240 -0.3825 -0.0000
vn -0.9975 -0.0711 0.0001
vn -0.9975 0.0711 -0.0000
vn -0.9240 0.3825 -0.0000
vn -0.9975 0.0711 0.0001
vn -0.9975 -0.0711 -0.0000
vn -0.9975 0.0711 -0.0001
vn -0.9127 -0.4080 -0.0223
vn -0.9806 -0.1616 -0.1113
vn -0.9986 -0.0391 -0.0352
vn -0.9806 0.1616 -0.1113
vn -0.9127 0.4080 -0.0223
vn -0.9986 0.0391 -0.0352
vn -0.9975 -0.0711 -0.0001
vn -0.9986 -0.0391 0.0352
vn -0.9986 0.0391 0.0352
vn -0.2355 -0.9719 -0.0000
vn -0.6549 -0.7557 -0.0000
vn -0.6549 0.7557 -0.0000
vn -0.4154 0.9096 -0.0000
vn -0.0028 -1.0000 -0.0000
vn -0.9972 -0.0754 -0.0000
vn 0.5650 -0.1226 0.8160
vn 0.5650 0.1226 -0.8160
vn 0.6384 0.7697 0.0006
vn 0.5651 0.1228 -0.8158
vn 0.6384 -0.7697 -0.0006
vn 0.5651 -0.1228 0.8158
vn -0.5650 -0.1226 -0.8160
vn -0.5650 -0.1226 0.8160
vn -0.5650 0.1226 -0.8160
vn -0.5650 0.1226 0.8160
vn -0.6384 0.7697 0.0006
vn -0.5651 0.1228 -0.8158
vn -0.6384 0.7697 -0.0006
vn -0.5651 0.1228 0.8158
vn -0.6384 -0.7697 0.0006
vn -0.6384 -0.7697 -0.0006
vn -0.5651 -0.1228 -0.8158
vn -0.1776 0.6050 0.7761
vn -0.5651 -0.1228 0.8158
vn 0.9183 0.3959 -0.0000
vn 0.9117 0.4107 -0.0122
vn 0.9062 0.4228 -0.0000
vn 0.9239 0.3826 -0.0057
vn 0.9144 0.4046 -0.0096
vn 0.9231 0.3603 -0.1342
vn 0.9937 -0.1124 -0.0006
vn 0.9937 -0.1124 -0.0001
vn 0.9936 -0.1128 -0.0012
vn 0.9876 -0.1404 -0.0696
vn 0.9909 -0.1068 -0.0821
vn 0.9910 -0.1027 -0.0859
vn 0.9910 -0.1254 -0.0458
vn 0.9917 -0.1203 -0.0453
vn 0.9910 -0.1143 -0.0691
vn 0.9925 -0.1191 -0.0283
vn 0.9929 -0.1159 -0.0287
vn 0.9933 -0.1142 -0.0188
vn 0.9934 -0.1136 -0.0171
vn 0.9935 -0.1130 -0.0109
vn 0.9935 -0.1137 -0.0082
vn 0.9936 -0.1132 -0.0055
vn 0.9935 -0.1134 -0.0037
vn 0.9936 -0.1129 -0.0024
vn 0.7159 -0.6982 -0.0008
vn 0.7080 -0.7062 -0.0002
vn 0.7158 -0.6983 -0.0008
vn 0.9895 -0.1316 -0.0601
vn -0.0000 -0.7151 0.6990
vn -0.0000 -0.7152 0.6989
vn 0.7282 0.6760 -0.1133
vn 0.3597 0.8704 -0.3361
vn 0.2605 0.8886 -0.3774
vn -0.0000 0.5736 0.8192
vn -0.0000 0.1178 0.9930
vn 0.7400 0.6646 -0.1034
vn 0.7336 0.6742 -0.0855
vn 0.7238 0.6850 -0.0828
vn 0.2179 0.9650 -0.1460
vn 0.1638 0.9748 -0.1514
vn 0.6010 0.7993 -0.0000
vn 0.9840 -0.0000 -0.1783
vn 0.9953 -0.0000 -0.0969
vn 0.9996 -0.0000 -0.0282
vn 0.9996 -0.0000 0.0282
vn 0.9953 -0.0000 0.0969
vn 0.9840 -0.0000 0.1783
vn 0.9766 -0.0000 -0.2151
vn 0.6010 -0.7993 -0.0000
vn 0.6264 -0.6298 -0.4594
vn 0.6590 -0.6414 -0.3929
vn 0.6252 -0.6195 -0.4747
vn 0.9937 -0.1123 -0.0000
vn 0.9937 -0.1125 -0.0000
vn 0.7066 -0.7073 -0.0215
vn 0.7130 -0.7011 -0.0082
vn 0.7058 -0.7080 -0.0234
vn 0.6978 -0.7147 -0.0477
vn 0.6976 -0.7145 -0.0538
vn 0.6919 -0.7145 -0.1034
vn 0.6932 -0.7111 -0.1176
vn 0.6861 -0.7045 -0.1813
vn 0.6871 -0.6998 -0.1955
vn 0.6774 -0.6837 -0.2715
vn 0.6802 -0.6718 -0.2932
vn 0.6587 -0.6523 -0.3749
vn 0.5770 -0.6274 -0.5229
vn 0.5705 -0.6300 -0.5270
vn 0.7135 -0.7006 -0.0074
vn 0.8410 -0.0000 -0.5410
vn -0.0000 0.7071 -0.7071
vn -0.0000 0.9239 -0.3827
vn -0.0000 0.3827 -0.9239
vn -0.0000 -0.9239 -0.3827
vn -0.0000 -0.9808 -0.1951
vn -0.0000 -0.3827 0.9239
vn -0.0000 0.3827 0.9239
vn -0.0000 0.7071 0.7071
vn -0.0000 0.8315 0.5556
vn -0.0000 0.8192 -0.5736
vn -0.0000 0.5759 -0.8175
vn -0.0000 0.1133 0.9936
vn -0.0000 -0.2430 0.9700
vn -0.0000 0.9962 -0.0871
vn -0.0000 0.9063 0.4226
vn -0.0000 0.9962 -0.0872
vn -0.0000 0.8191 -0.5736
vn -0.0000 0.5970 -0.8022
vn -0.0000 -0.4226 0.9063
vn -0.0000 -0.2709 0.9626
vn -0.0000 0.5735 0.8192
vn -0.0000 0.5760 -0.8175
vn -0.0000 -0.3827 -0.9239
vn -0.0000 -0.7071 -0.7071
vn -0.0000 -0.9952 0.0980
vn -0.0000 -0.9239 0.3827
vn -0.0000 -0.7071 0.7071
vn -0.0000 0.9952 0.0980
vn -0.0000 0.9952 -0.0980
vn -0.0000 0.5736 0.8191
vn -0.0000 0.5552 0.8317
vn -0.0000 0.4847 -0.8747
vn -0.0000 0.4060 -0.9139
vn -0.0000 0.4629 -0.8864
vn -0.0000 -1.0000 -0.0000
vn -0.0000 0.9239 0.3827
vn 0.9766 -0.0000 0.2151
vn -0.9183 0.3959 -0.0000
vn -0.9239 0.3826 -0.0057
vn -0.9062 0.4228 -0.0000
vn -0.9117 0.4107 -0.0122
vn -0.9231 0.3603 -0.1342
vn -0.9144 0.4046 -0.0096
vn -0.9229 0.3825 -0.0452
vn -0.9215 0.3882 -0.0160
vn -0.9465 0.3227 -0.0000
vn -0.9937 -0.1124 -0.0001
vn -0.9937 -0.1124 -0.0006
vn -0.9936 -0.1128 -0.0012
vn -0.9909 -0.1068 -0.0821
vn -0.9876 -0.1404 -0.0696
vn -0.9910 -0.1027 -0.0859
vn -0.9917 -0.1203 -0.0453
vn -0.9910 -0.1254 -0.0458
vn -0.9910 -0.1143 -0.0691
vn -0.9929 -0.1159 -0.0287
vn -0.9925 -0.1191 -0.0283
vn -0.9934 -0.1136 -0.0171
vn -0.9933 -0.1142 -0.0188
vn -0.9935 -0.1137 -0.0082
vn -0.9935 -0.1130 -0.0109
vn -0.9935 -0.1134 -0.0037
vn -0.9936 -0.1132 -0.0055
vn -0.9936 -0.1129 -0.0024
vn -0.7159 -0.6982 -0.0008
vn -0.7080 -0.7062 -0.0002
vn -0.7079 -0.7063 -0.0002
vn -0.9895 -0.1316 -0.0601
vn -0.0000 0.3957 -0.9184
vn -0.7282 0.6760 -0.1133
vn -0.3597 0.8704 -0.3361
vn -0.7400 0.6646 -0.1034
vn -0.7336 0.6742 -0.0855
vn -0.7238 0.6850 -0.0828
vn -0.2179 0.9650 -0.1460
vn -0.6010 0.7993 -0.0000
vn -0.9953 -0.0000 -0.0969
vn -0.9840 -0.0000 -0.1783
vn -0.9953 -0.0000 0.0969
vn -0.9996 -0.0000 0.0282
vn -0.9840 -0.0000 0.1783
vn -0.9766 -0.0000 -0.2151
vn -0.6010 -0.7993 -0.0000
vn -0.6590 -0.6414 -0.3929
vn -0.6264 -0.6298 -0.4594
vn -0.6252 -0.6195 -0.4747
vn -0.9937 -0.1123 -0.0000
vn -0.9937 -0.1125 -0.0000
vn -0.9936 -0.1125 -0.0000
vn -0.7130 -0.7011 -0.0082
vn -0.7066 -0.7073 -0.0215
vn -0.7058 -0.7080 -0.0234
vn -0.6978 -0.7147 -0.0477
vn -0.6976 -0.7145 -0.0538
vn -0.6919 -0.7145 -0.1034
vn -0.6932 -0.7111 -0.1176
vn -0.6861 -0.7045 -0.1813
vn -0.6871 -0.6998 -0.1955
vn -0.6774 -0.6837 -0.2715
vn -0.6802 -0.6718 -0.2932
vn -0.6587 -0.6523 -0.3749
vn -0.5770 -0.6274 -0.5229
vn -0.5705 -0.6300 -0.5270
vn -0.7158 -0.6983 -0.0008
vn -0.7135 -0.7006 -0.0074
vn -0.8410 -0.0000 -0.5410
vn -0.9996 -0.0000 -0.0282
vn -0.9766 -0.0000 0.2151
vn 0.9465 0.3227 -0.0000
vn 0.9215 0.3882 -0.0160
vn 0.9229 0.3825 -0.0452
vn 0.7079 -0.7063 -0.0002
vn -0.0000 -0.7149 0.6992
vn 0.9936 -0.1125 -0.0000
vn -0.2605 0.8886 -0.3774
vn -0.1638 0.9748 -0.1514
vt 0.552550 0.003906
vt 0.565803 0.024849
vt 0.552550 0.024849
vt 0.593877 0.603885
vt 0.586976 0.597273
vt 0.607480 0.586844
vt 0.453749 0.688219
vt 0.370166 0.688591
vt 0.388441 0.670153
vt 0.341816 0.557326
vt 0.332259 0.544073
vt 0.341816 0.544072
vt 0.937538 0.153842
vt 0.924285 0.237425
vt 0.924285 0.153842
vt 0.071312 0.518100
vt 0.084565 0.585565
vt 0.071312 0.585565
vt 0.924406 0.465335
vt 0.911153 0.447941
vt 0.924406 0.447941
vt 0.627491 0.694099
vt 0.624106 0.699903
vt 0.618273 0.703237
vt 0.354397 0.663823
vt 0.363535 0.654605
vt 0.370254 0.654575
vt 0.911153 0.505649
vt 0.924406 0.498930
vt 0.924406 0.505649
vt 0.911153 0.498930
vt 0.924406 0.492211
vt 0.911153 0.492211
vt 0.924406 0.485492
vt 0.911153 0.472054
vt 0.911153 0.465335
vt 0.924406 0.472054
vt 0.911153 0.478773
vt 0.924406 0.478773
vt 0.911153 0.485492
vt 0.924406 0.523043
vt 0.911153 0.523043
vt 0.084565 0.510189
vt 0.084565 0.518100
vt 0.071312 0.510189
vt 0.084565 0.502277
vt 0.071312 0.502277
vt 0.084565 0.494366
vt 0.071312 0.494366
vt 0.084565 0.486455
vt 0.071312 0.486455
vt 0.084565 0.478543
vt 0.455905 0.669853
vt 0.463725 0.671056
vt 0.470790 0.674617
vt 0.476409 0.680186
vt 0.460361 0.695120
vt 0.480031 0.687219
vt 0.481304 0.695027
vt 0.587069 0.576330
vt 0.594877 0.577602
vt 0.601910 0.581225
vt 0.611040 0.593909
vt 0.612243 0.601729
vt 0.611943 0.669193
vt 0.593505 0.687467
vt 0.624188 0.681547
vt 0.611554 0.703207
vt 0.605750 0.699821
vt 0.357812 0.676346
vt 0.354427 0.670542
vt 0.376087 0.657908
vt 1.565804 0.024849
vt 1.552550 0.003906
vt 1.552550 0.024849
vt 1.593877 0.603885
vt 1.607480 0.586844
vt 1.586976 0.597273
vt 1.453749 0.688219
vt 1.388441 0.670153
vt 1.370167 0.688591
vt 1.332259 0.544073
vt 1.341816 0.557326
vt 1.341816 0.544072
vt 1.924285 0.237425
vt 1.937538 0.153842
vt 1.924285 0.153842
vt 1.084565 0.585565
vt 1.071312 0.518100
vt 1.071312 0.585565
vt 1.911153 0.447941
vt 1.924406 0.465335
vt 1.924406 0.447941
vt 1.618273 0.703237
vt 1.627491 0.694099
vt 1.627521 0.687380
vt 1.363535 0.654605
vt 1.357731 0.657990
vt 1.354397 0.663823
vt 1.924406 0.498930
vt 1.911153 0.505649
vt 1.924406 0.505649
vt 1.924406 0.492211
vt 1.911153 0.498930
vt 1.924406 0.485492
vt 1.911153 0.492211
vt 1.911153 0.472054
vt 1.911153 0.465335
vt 1.911153 0.478773
vt 1.924406 0.472054
vt 1.911153 0.485492
vt 1.924406 0.478773
vt 1.924406 0.523043
vt 1.911153 0.523043
vt 1.084565 0.510189
vt 1.084565 0.518100
vt 1.084565 0.502277
vt 1.071312 0.510189
vt 1.084565 0.494366
vt 1.071312 0.502277
vt 1.084565 0.486455
vt 1.071312 0.494366
vt 1.084565 0.478543
vt 1.071312 0.486455
vt 1.455905 0.669853
vt 1.463725 0.671056
vt 1.470790 0.674617
vt 1.460361 0.695120
vt 1.476409 0.680186
vt 1.480031 0.687219
vt 1.481304 0.695027
vt 1.594877 0.577602
vt 1.587069 0.576330
vt 1.601910 0.581225
vt 1.611040 0.593909
vt 1.612243 0.601729
vt 1.611943 0.669193
vt 1.593505 0.687467
vt 1.624188 0.681547
vt 1.611554 0.703207
vt 1.357812 0.676346
vt 1.376087 0.657908
vt 1.354427 0.670542
vt 0.565803 0.003906
vt 0.332259 0.557326
vt 0.937538 0.237425
vt 0.627521 0.687380
vt 0.357731 0.657990
vt 0.071312 0.478543
vt 1.565804 0.003906
vt 1.332259 0.557326
vt 1.937538 0.237425
vt 1.624106 0.699903
vt 1.370254 0.654575
vt 1.071312 0.478543
vt 1.605750 0.699821
vt 0.013500 0.875957
vt 0.003906 0.893380
vt 0.003906 0.875957
vt 0.023093 0.875957
vt 0.013499 0.893380
vt 0.032686 0.875957
vt 0.023093 0.893380
vt 0.042279 0.875957
vt 0.032686 0.893380
vt 0.051873 0.875957
vt 0.042279 0.893380
vt 0.061466 0.875957
vt 0.051873 0.893380
vt 0.071059 0.875957
vt 0.061466 0.893380
vt 0.080652 0.875957
vt 0.071059 0.893380
vt 0.090246 0.875957
vt 0.080652 0.893380
vt 0.099839 0.875957
vt 0.090246 0.893380
vt 0.109432 0.875957
vt 0.099839 0.893380
vt 0.119026 0.875957
vt 0.109432 0.893380
vt 0.128619 0.875957
vt 0.119026 0.893380
vt 0.138212 0.875957
vt 0.128619 0.893380
vt 0.147806 0.875957
vt 0.138212 0.893380
vt 0.157399 0.875957
vt 0.147806 0.893380
vt 0.548909 0.802127
vt 0.561496 0.819550
vt 0.548909 0.819550
vt 0.561496 0.802127
vt 0.574083 0.819550
vt 0.574083 0.802127
vt 0.586670 0.819550
vt 0.586670 0.802127
vt 0.599257 0.819550
vt 0.599257 0.802127
vt 0.611844 0.819550
vt 0.611844 0.802127
vt 0.624431 0.819550
vt 0.624431 0.802127
vt 0.637018 0.819550
vt 0.637018 0.802127
vt 0.649605 0.819550
vt 0.649605 0.802127
vt 0.662192 0.819550
vt 0.662192 0.802127
vt 0.674779 0.819550
vt 0.674779 0.802127
vt 0.687366 0.819550
vt 0.687366 0.802127
vt 0.699953 0.819550
vt 0.741088 0.802127
vt 0.719741 0.819550
vt 0.719741 0.802127
vt 0.003906 0.615578
vt 0.031180 0.606316
vt 0.031180 0.615578
vt 0.226191 0.712607
vt 0.208768 0.646685
vt 0.226191 0.646685
vt 0.322022 0.893380
vt 0.431132 0.875957
vt 0.431132 0.893380
vt 0.699953 0.802127
vt 0.706529 0.819550
vt 0.706529 0.802127
vt 0.713165 0.819550
vt 0.713165 0.802127
vt 0.434464 0.893380
vt 0.437983 0.875957
vt 0.437983 0.893380
vt 0.441316 0.893380
vt 0.713707 0.605844
vt 0.727737 0.595018
vt 0.733941 0.596000
vt 0.031180 0.547211
vt 0.003906 0.556473
vt 0.003906 0.547211
vt 0.977338 0.255125
vt 0.973705 0.312526
vt 0.973705 0.263645
vt 0.969683 0.143422
vt 0.973315 0.086021
vt 0.973315 0.134902
vt 0.031180 0.586266
vt 0.003906 0.596266
vt 0.003906 0.586266
vt 0.031180 0.596266
vt 0.003906 0.606316
vt 0.031180 0.556473
vt 0.003906 0.566523
vt 0.031180 0.566523
vt 0.003906 0.576523
vt 0.489392 0.921193
vt 0.483111 0.938616
vt 0.483111 0.921193
vt 0.476829 0.938616
vt 0.476829 0.921193
vt 0.470547 0.938616
vt 0.470547 0.921193
vt 0.464265 0.938616
vt 0.464265 0.921193
vt 0.457984 0.938616
vt 0.457984 0.921193
vt 0.451702 0.938616
vt 0.451702 0.921193
vt 0.445420 0.938616
vt 0.445420 0.921193
vt 0.439138 0.938616
vt 0.439138 0.921193
vt 0.432857 0.938616
vt 0.432857 0.921193
vt 0.426575 0.938616
vt 0.426575 0.921193
vt 0.310891 0.893380
vt 0.301298 0.875957
vt 0.310891 0.875957
vt 0.301298 0.893380
vt 0.291705 0.875957
vt 0.291705 0.893380
vt 0.282112 0.875957
vt 0.282112 0.893380
vt 0.272518 0.875957
vt 0.272518 0.893380
vt 0.262925 0.875957
vt 0.262925 0.893380
vt 0.253332 0.875957
vt 0.253332 0.893380
vt 0.243738 0.875957
vt 0.243738 0.893380
vt 0.234145 0.875957
vt 0.234145 0.893380
vt 0.224552 0.875957
vt 0.224552 0.893380
vt 0.214959 0.875957
vt 0.214959 0.893380
vt 0.205365 0.875957
vt 0.205365 0.893380
vt 0.195772 0.875957
vt 0.195772 0.893380
vt 0.186179 0.875957
vt 0.186179 0.893380
vt 0.176585 0.875957
vt 0.176585 0.893380
vt 0.166992 0.875957
vt 0.166992 0.893380
vt 0.536323 0.819550
vt 0.523736 0.819550
vt 0.536323 0.802127
vt 0.511149 0.819550
vt 0.523736 0.802127
vt 0.498562 0.819550
vt 0.511149 0.802127
vt 0.485975 0.819550
vt 0.498562 0.802127
vt 0.473388 0.819550
vt 0.485975 0.802127
vt 0.460801 0.819550
vt 0.473388 0.802127
vt 0.448214 0.819550
vt 0.460801 0.802127
vt 0.435627 0.819550
vt 0.448214 0.802127
vt 0.423040 0.819550
vt 0.435627 0.802127
vt 0.410453 0.819550
vt 0.423040 0.802127
vt 0.397866 0.819550
vt 0.410453 0.802127
vt 0.378078 0.819550
vt 0.356731 0.802127
vt 0.378078 0.802127
vt 0.332259 0.632153
vt 0.359533 0.641415
vt 0.332259 0.641415
vt 0.928576 0.370889
vt 0.911153 0.436811
vt 0.911153 0.370889
vt 0.491968 0.875957
vt 0.601077 0.893380
vt 0.491968 0.893380
vt 0.391290 0.819550
vt 0.397866 0.802127
vt 0.384654 0.819550
vt 0.391290 0.802127
vt 0.384654 0.802127
vt 0.488635 0.893380
vt 0.485116 0.875957
vt 0.488635 0.875957
vt 0.481784 0.893380
vt 0.485116 0.893380
vt 0.727737 0.556827
vt 0.716857 0.494631
vt 0.733941 0.555845
vt 0.359533 0.582310
vt 0.332259 0.573048
vt 0.359533 0.573048
vt 0.837986 0.367753
vt 0.841619 0.310351
vt 0.841619 0.359233
vt 0.359533 0.622103
vt 0.332259 0.612103
vt 0.359533 0.612103
vt 0.359533 0.632153
vt 0.332259 0.622103
vt 0.359533 0.592360
vt 0.332259 0.582310
vt 0.359533 0.602360
vt 0.332259 0.592360
vt 0.790150 0.428710
vt 0.778300 0.494631
vt 0.778300 0.428710
vt 0.370039 0.938615
vt 0.363758 0.921193
vt 0.370039 0.921193
vt 0.376321 0.938615
vt 0.376321 0.921193
vt 0.382603 0.938615
vt 0.382603 0.921193
vt 0.388884 0.938615
vt 0.388884 0.921193
vt 0.395166 0.938616
vt 0.395166 0.921193
vt 0.401448 0.938616
vt 0.401448 0.921193
vt 0.407730 0.938616
vt 0.407730 0.921193
vt 0.414011 0.938616
vt 0.414011 0.921193
vt 0.420293 0.938616
vt 0.420293 0.921193
vt 0.751026 0.494631
vt 0.716857 0.428710
vt 0.751026 0.428710
vt 0.689583 0.494631
vt 0.677733 0.428710
vt 0.689583 0.428710
vt 0.690652 0.411715
vt 0.777231 0.411715
vt 0.693157 0.405635
vt 0.774726 0.405635
vt 0.688540 0.393710
vt 0.693252 0.375496
vt 0.699338 0.382911
vt 0.688730 0.367035
vt 0.680555 0.383980
vt 0.674621 0.372879
vt 0.685945 0.357855
vt 0.670967 0.360834
vt 0.685005 0.348308
vt 0.669734 0.348308
vt 0.685945 0.338761
vt 0.670967 0.335781
vt 0.674621 0.323736
vt 0.688730 0.329580
vt 0.693252 0.321120
vt 0.680555 0.312636
vt 0.688540 0.302906
vt 0.699338 0.313704
vt 0.698269 0.294921
vt 0.706754 0.307618
vt 0.709370 0.288987
vt 0.715214 0.303096
vt 0.724395 0.300311
vt 0.721415 0.285333
vt 0.733942 0.299371
vt 0.746468 0.285333
vt 0.743489 0.300311
vt 0.758513 0.288987
vt 0.752669 0.303096
vt 0.761130 0.307618
vt 0.769614 0.294921
vt 0.768545 0.313704
vt 0.779344 0.302906
vt 0.774631 0.321120
vt 0.787329 0.312636
vt 0.793262 0.323736
vt 0.779154 0.329580
vt 0.781938 0.338761
vt 0.796916 0.335781
vt 0.798150 0.348308
vt 0.782879 0.348308
vt 0.796916 0.360834
vt 0.781938 0.357855
vt 0.793262 0.372879
vt 0.779154 0.367035
vt 0.787329 0.383980
vt 0.774631 0.375496
vt 0.779344 0.393710
vt 0.768545 0.382911
vt 0.775499 0.399045
vt 0.761130 0.388997
vt 0.692384 0.399045
vt 0.706754 0.388997
vt 0.715214 0.393520
vt 0.752669 0.393520
vt 0.733942 0.397245
vt 0.743489 0.396304
vt 0.724395 0.396304
vt 0.441316 0.875957
vt 0.481784 0.875957
vt 0.757415 0.605060
vt 0.754176 0.605844
vt 0.761806 0.599995
vt 0.740146 0.595018
vt 0.745743 0.592166
vt 0.760208 0.602919
vt 0.790150 0.494631
vt 0.750185 0.564121
vt 0.754019 0.575923
vt 0.722140 0.559679
vt 0.717698 0.564121
vt 0.677733 0.494631
vt 0.745743 0.559679
vt 0.753037 0.569718
vt 0.750185 0.587724
vt 0.714846 0.569718
vt 0.707676 0.602919
vt 0.706077 0.599995
vt 0.713864 0.575923
vt 0.710468 0.605060
vt 0.722140 0.592166
vt 0.717698 0.587724
vt 0.714846 0.582127
vt 0.753037 0.582127
vt 0.740146 0.556827
vt 0.372753 0.430115
vt 0.377465 0.411901
vt 0.383551 0.419317
vt 0.372943 0.403441
vt 0.364768 0.420385
vt 0.358834 0.409285
vt 0.370158 0.394260
vt 0.355180 0.397240
vt 0.369218 0.384713
vt 0.353947 0.384713
vt 0.370158 0.375166
vt 0.358834 0.360142
vt 0.372943 0.365986
vt 0.377465 0.357525
vt 0.372753 0.339311
vt 0.383551 0.350109
vt 0.382483 0.331326
vt 0.390967 0.344024
vt 0.393583 0.325393
vt 0.399427 0.339501
vt 0.408608 0.336717
vt 0.405628 0.321739
vt 0.418155 0.335776
vt 0.430681 0.321739
vt 0.427702 0.336717
vt 0.442726 0.325393
vt 0.436882 0.339501
vt 0.445343 0.344024
vt 0.453827 0.331326
vt 0.452758 0.350110
vt 0.463557 0.339311
vt 0.458844 0.357525
vt 0.471542 0.349041
vt 0.477475 0.360142
vt 0.463367 0.365986
vt 0.466151 0.375166
vt 0.481129 0.372187
vt 0.482363 0.384713
vt 0.467092 0.384713
vt 0.481129 0.397240
vt 0.466151 0.394260
vt 0.477475 0.409285
vt 0.463367 0.403441
vt 0.471542 0.420385
vt 0.458844 0.411901
vt 0.463557 0.430115
vt 0.452758 0.419317
vt 0.459712 0.435450
vt 0.445343 0.425403
vt 0.376597 0.435450
vt 0.390967 0.425403
vt 0.377370 0.442041
vt 0.399427 0.429925
vt 0.458939 0.442041
vt 0.436882 0.429925
vt 0.418155 0.433650
vt 0.427702 0.432710
vt 0.408608 0.432710
vt 0.461444 0.448121
vt 0.374865 0.448121
vt 0.474363 0.465115
vt 0.361946 0.465115
vt 0.474363 0.531037
vt 0.361946 0.531037
vt 0.424359 0.593233
vt 0.418155 0.592250
vt 0.424359 0.631423
vt 0.429956 0.628571
vt 0.438389 0.642249
vt 0.397920 0.642249
vt 0.394681 0.641466
vt 0.391888 0.639325
vt 0.390290 0.636401
vt 0.398077 0.612328
vt 0.411950 0.593233
vt 0.406353 0.596085
vt 0.401911 0.600527
vt 0.399059 0.618532
vt 0.441628 0.641466
vt 0.446019 0.636401
vt 0.418154 0.632406
vt 0.444420 0.639325
vt 0.429956 0.596085
vt 0.434398 0.600527
vt 0.438232 0.612328
vt 0.437250 0.618532
vt 0.399059 0.606124
vt 0.437250 0.606124
vt 0.401911 0.624129
vt 0.406353 0.628571
vt 0.434398 0.624129
vt 0.411950 0.631423
vt 0.976160 0.125263
vt 0.976160 0.095660
vt 0.977338 0.105590
vt 0.977338 0.115333
vt 0.970861 0.302887
vt 0.970861 0.273284
vt 0.969683 0.283214
vt 0.969683 0.292957
vt 0.844463 0.349594
vt 0.844463 0.319991
vt 0.845641 0.329921
vt 0.845641 0.339664
vt 0.223739 0.567219
vt 0.220107 0.624621
vt 0.220107 0.575739
vt 0.217263 0.614982
vt 0.217263 0.585378
vt 0.216084 0.595309
vt 0.216084 0.605051
vt 0.157399 0.893380
vt 0.741088 0.819550
vt 0.208768 0.712607
vt 0.322022 0.875957
vt 0.434464 0.875957
vt 0.977338 0.321047
vt 0.969683 0.077501
vt 0.031180 0.576523
vt 0.489392 0.938616
vt 0.356731 0.819550
vt 0.928576 0.436811
vt 0.601077 0.875957
vt 0.837986 0.301831
vt 0.332259 0.602360
vt 0.363757 0.938615
vt 0.733942 0.284100
vt 0.355180 0.372187
vt 0.364768 0.349041
vt 0.418155 0.320505
vt 0.223739 0.633141
vt 0.385924 0.717399
vt 0.401690 0.790997
vt 0.385924 0.790997
vt 0.712383 0.711573
vt 0.763837 0.695807
vt 0.763837 0.711573
vt 0.782032 0.114272
vt 0.833485 0.098505
vt 0.833485 0.114272
vt 0.826422 0.785555
vt 0.774968 0.801322
vt 0.774968 0.785555
vt 0.782032 0.098505
vt 0.833485 0.082739
vt 0.300807 0.533469
vt 0.238034 0.515791
vt 0.300807 0.515791
vt 0.238034 0.551147
vt 0.321128 0.551147
vt 0.315297 0.621860
vt 0.238034 0.604182
vt 0.315297 0.604182
vt 0.315297 0.586504
vt 0.238034 0.568825
vt 0.315297 0.568825
vt 0.238034 0.586504
vt 0.170584 0.735555
vt 0.185312 0.768997
vt 0.170584 0.768997
vt 0.200415 0.735555
vt 0.185312 0.735555
vt 0.215180 0.735555
vt 0.200415 0.768997
vt 0.229908 0.768997
vt 0.215180 0.768997
vt 0.229908 0.735555
vt 0.246048 0.768997
vt 0.279288 0.735555
vt 0.263148 0.768997
vt 0.263148 0.735555
vt 0.294015 0.768997
vt 0.279288 0.768997
vt 0.294015 0.735555
vt 0.308781 0.768997
vt 0.323509 0.735555
vt 0.308781 0.735555
vt 0.338427 0.735555
vt 0.323509 0.768997
vt 0.768735 0.234167
vt 0.752969 0.182713
vt 0.768735 0.182713
vt 0.280740 0.780127
vt 0.295951 0.788610
vt 0.280740 0.788610
vt 0.051206 0.955964
vt 0.035439 0.904510
vt 0.051206 0.904510
vt 0.354391 0.717399
vt 0.370157 0.790997
vt 0.354391 0.790997
vt 0.370157 0.717399
vt 0.231131 0.955964
vt 0.215365 0.904510
vt 0.231131 0.904510
vt 0.401690 0.717399
vt 0.417457 0.790997
vt 0.417457 0.717399
vt 0.433223 0.790997
vt 0.448990 0.717399
vt 0.464756 0.790997
vt 0.448990 0.790997
vt 0.464756 0.717399
vt 0.480522 0.790997
vt 0.480522 0.717399
vt 0.496289 0.790997
vt 0.496289 0.717399
vt 0.512055 0.790997
vt 0.512055 0.717399
vt 0.527822 0.790997
vt 0.246898 0.955964
vt 0.246898 0.904510
vt 0.262664 0.955964
vt 0.262664 0.904510
vt 0.826422 0.769788
vt 0.774968 0.769788
vt 0.782032 0.145804
vt 0.833485 0.130038
vt 0.833485 0.145804
vt 0.826422 0.754022
vt 0.774968 0.754022
vt 0.826422 0.738256
vt 0.774968 0.738256
vt 0.019673 0.955964
vt 0.003906 0.904510
vt 0.019673 0.904510
vt 0.768757 0.958505
vt 0.752991 0.907051
vt 0.768757 0.907051
vt 0.712383 0.727340
vt 0.763837 0.727340
vt 0.712383 0.743106
vt 0.763837 0.743106
vt 0.712383 0.758873
vt 0.763837 0.758873
vt 0.712383 0.774639
vt 0.763837 0.774639
vt 0.883340 0.145578
vt 0.875234 0.130672
vt 0.883340 0.130672
vt 0.215365 0.955964
vt 0.199598 0.904510
vt 0.199598 0.955964
vt 0.183832 0.904510
vt 0.930272 0.729070
vt 0.878818 0.744836
vt 0.878818 0.729070
vt 0.930272 0.713303
vt 0.878818 0.713303
vt 0.930272 0.744836
vt 0.878818 0.760603
vt 0.003906 0.019673
vt 0.029833 0.035439
vt 0.003906 0.035439
vt 0.784524 0.958505
vt 0.784524 0.907051
vt 0.003906 0.003906
vt 0.029833 0.019673
vt 0.800290 0.958505
vt 0.800290 0.907051
vt 0.816057 0.958505
vt 0.816057 0.907051
vt 0.784502 0.234167
vt 0.784502 0.182713
vt 0.082739 0.955964
vt 0.066972 0.904510
vt 0.082739 0.904510
vt 0.826422 0.801322
vt 0.774968 0.817088
vt 0.003906 0.145804
vt 0.029833 0.161571
vt 0.003906 0.161571
vt 0.066972 0.955964
vt 0.029833 0.051206
vt 0.003906 0.051206
vt 0.003906 0.130038
vt 0.029833 0.145804
vt 0.029833 0.066972
vt 0.003906 0.066972
vt 0.782032 0.130038
vt 0.003906 0.114271
vt 0.029833 0.130038
vt 0.029833 0.082739
vt 0.003906 0.082739
vt 0.003906 0.098505
vt 0.029833 0.114271
vt 0.831801 0.234167
vt 0.816035 0.182713
vt 0.831801 0.182713
vt 0.782032 0.161571
vt 0.833485 0.161571
vt 0.816035 0.234167
vt 0.800268 0.182713
vt 0.800268 0.234167
vt 0.035439 0.955964
vt 0.930272 0.760603
vt 0.878818 0.776369
vt 0.752991 0.958505
vt 0.737224 0.907051
vt 0.930272 0.776369
vt 0.878818 0.792136
vt 0.029833 0.177337
vt 0.003906 0.177337
vt 0.875234 0.515522
vt 0.883340 0.500276
vt 0.883340 0.515522
vt 0.067181 0.780127
vt 0.051446 0.788514
vt 0.051446 0.780127
vt 0.957064 0.113215
vt 0.948668 0.128575
vt 0.948668 0.113215
vt 0.948092 0.474450
vt 0.939706 0.489831
vt 0.939706 0.474450
vt 0.963177 0.898044
vt 0.954781 0.913444
vt 0.954781 0.898044
vt 0.954781 0.882684
vt 0.963177 0.882684
vt 0.949788 0.743695
vt 0.941402 0.759076
vt 0.941402 0.743695
vt 0.949788 0.728274
vt 0.941402 0.728274
vt 0.959222 0.563399
vt 0.967661 0.578681
vt 0.959222 0.578681
vt 0.945278 0.564199
vt 0.936892 0.579580
vt 0.936892 0.564199
vt 0.265182 0.780127
vt 0.265182 0.788610
vt 0.957064 0.096382
vt 0.948668 0.096382
vt 0.948092 0.506687
vt 0.948092 0.489831
vt 0.883340 0.160824
vt 0.875234 0.145578
vt 0.963177 0.865851
vt 0.954781 0.865851
vt 0.883340 0.530389
vt 0.875234 0.530389
vt 0.949788 0.775931
vt 0.949788 0.759076
vt 0.082524 0.788514
vt 0.067181 0.788514
vt 0.959222 0.595428
vt 0.967661 0.595428
vt 0.945278 0.596435
vt 0.945278 0.579580
vt 0.967661 0.548079
vt 0.967661 0.563399
vt 0.945278 0.548778
vt 0.936892 0.548778
vt 0.875234 0.373665
vt 0.883340 0.358606
vt 0.883340 0.373665
vt 0.951357 0.353894
vt 0.942971 0.338313
vt 0.951357 0.338313
vt 0.174587 0.103952
vt 0.182962 0.120787
vt 0.174587 0.120787
vt 0.250010 0.788610
vt 0.250010 0.780127
vt 0.071312 0.467413
vt 0.079463 0.450118
vt 0.079463 0.467413
vt 0.875234 0.175691
vt 0.875234 0.160824
vt 0.959222 0.443550
vt 0.967662 0.428069
vt 0.967662 0.443550
vt 0.519217 0.949746
vt 0.502593 0.958227
vt 0.502593 0.949746
vt 0.883340 0.018965
vt 0.875234 0.003906
vt 0.883340 0.003906
vt 0.341200 0.385497
vt 0.332259 0.401264
vt 0.332259 0.385497
vt 0.883340 0.388532
vt 0.875234 0.388532
vt 0.655983 0.921193
vt 0.639358 0.929674
vt 0.639358 0.921193
vt 0.942971 0.369276
vt 0.942971 0.353894
vt 0.174587 0.420145
vt 0.183516 0.404358
vt 0.183516 0.420145
vt 0.174587 0.136149
vt 0.182962 0.136149
vt 0.071312 0.434336
vt 0.071312 0.450118
vt 0.959222 0.458833
vt 0.967662 0.458833
vt 0.487423 0.958227
vt 0.487423 0.949746
vt 0.883340 0.033832
vt 0.875234 0.018965
vt 0.341200 0.415652
vt 0.341200 0.401264
vt 0.883340 0.403437
vt 0.875234 0.403437
vt 0.624188 0.929674
vt 0.624188 0.921193
vt 0.951357 0.384699
vt 0.951357 0.369276
vt 0.174587 0.389951
vt 0.174587 0.404358
vt 0.957064 0.159335
vt 0.948668 0.174894
vt 0.948668 0.159335
vt 0.174587 0.151550
vt 0.182962 0.151550
vt 0.948092 0.443649
vt 0.939706 0.428069
vt 0.948092 0.428069
vt 0.071312 0.418513
vt 0.079463 0.434336
vt 0.959222 0.474156
vt 0.967662 0.474156
vt 0.472214 0.949746
vt 0.472214 0.958227
vt 0.883340 0.048738
vt 0.875234 0.033832
vt 0.341200 0.430077
vt 0.332259 0.415652
vt 0.883340 0.418304
vt 0.875234 0.418304
vt 0.608979 0.921193
vt 0.608979 0.929674
vt 0.942971 0.400081
vt 0.942971 0.384699
vt 0.174587 0.375508
vt 0.183516 0.389951
vt 0.963177 0.928804
vt 0.954781 0.944363
vt 0.954781 0.928804
vt 0.174587 0.167304
vt 0.182962 0.167304
vt 0.029833 0.098505
vt 0.939706 0.459030
vt 0.948092 0.459030
vt 0.957064 0.143975
vt 0.957064 0.128575
vt 0.036064 0.788514
vt 0.036064 0.780127
vt 0.875234 0.500276
vt 0.883340 0.485371
vt 0.875234 0.115805
vt 0.883340 0.115805
vt 0.295951 0.780127
vt 0.311123 0.788610
vt 0.347772 0.253049
vt 0.356385 0.309921
vt 0.347783 0.304503
vt 0.945278 0.533397
vt 0.936892 0.533397
vt 0.484399 0.977959
vt 0.427525 0.969358
vt 0.489819 0.969358
vt 0.959222 0.532797
vt 0.959222 0.548079
vt 0.020720 0.788514
vt 0.020720 0.780127
vt 0.340405 0.967095
vt 0.283530 0.975696
vt 0.288951 0.967095
vt 0.875234 0.485371
vt 0.883340 0.470504
vt 0.875234 0.099513
vt 0.883340 0.099513
vt 0.327749 0.780127
vt 0.311123 0.780127
vt 0.949788 0.712893
vt 0.941402 0.712893
vt 0.963177 0.913444
vt 0.587241 0.973802
vt 0.530369 0.965188
vt 0.592663 0.965188
vt 0.003906 0.780127
vt 0.003906 0.788514
vt 0.968919 0.968207
vt 0.912045 0.976809
vt 0.917465 0.968207
vt 0.875234 0.470504
vt 0.883340 0.454212
vt 0.752073 0.320547
vt 0.743460 0.377419
vt 0.743460 0.315125
vt 0.939706 0.443649
vt 0.362916 0.969358
vt 0.419789 0.977960
vt 0.357496 0.977960
vt 0.948668 0.143975
vt 0.395119 0.304503
vt 0.386505 0.247630
vt 0.395108 0.253049
vt 0.174587 0.360734
vt 0.183516 0.346328
vt 0.183516 0.360734
vt 0.593423 0.921193
vt 0.578253 0.929674
vt 0.578253 0.921193
vt 0.341200 0.444832
vt 0.332259 0.459219
vt 0.332259 0.444832
vt 0.883340 0.063605
vt 0.875234 0.079897
vt 0.875234 0.063605
vt 0.456657 0.949746
vt 0.441487 0.958227
vt 0.441487 0.949746
vt 0.959222 0.506187
vt 0.967662 0.489439
vt 0.967662 0.506187
vt 0.071312 0.402329
vt 0.079463 0.386547
vt 0.079463 0.402329
vt 0.936892 0.517817
vt 0.945278 0.517817
vt 0.182962 0.182666
vt 0.174587 0.182666
vt 0.967661 0.517318
vt 0.967661 0.532797
vt 0.183516 0.375508
vt 0.951357 0.416938
vt 0.951357 0.400081
vt 0.593423 0.929674
vt 0.883340 0.434596
vt 0.875234 0.434596
vt 0.332259 0.430077
vt 0.875234 0.048738
vt 0.456657 0.958227
vt 0.959222 0.489439
vt 0.079463 0.418513
vt 0.941402 0.697314
vt 0.949788 0.697314
vt 0.315297 0.639538
vt 0.238033 0.657216
vt 0.238033 0.639538
vt 0.883340 0.079897
vt 0.235719 0.157123
vt 0.241180 0.171073
vt 0.235719 0.171057
vt 0.235719 0.296191
vt 0.241180 0.309874
vt 0.235719 0.310077
vt 0.235719 0.282304
vt 0.241180 0.295988
vt 0.235719 0.268418
vt 0.241180 0.282102
vt 0.235719 0.254532
vt 0.241180 0.268216
vt 0.235719 0.240751
vt 0.241180 0.254329
vt 0.235719 0.226644
vt 0.241180 0.212902
vt 0.241180 0.231252
vt 0.235719 0.198917
vt 0.235719 0.212838
vt 0.235719 0.184989
vt 0.241180 0.198965
vt 0.241180 0.185021
vt 0.302328 0.253919
vt 0.307795 0.267758
vt 0.302379 0.267778
vt 0.302263 0.235694
vt 0.307745 0.253900
vt 0.302198 0.212600
vt 0.307667 0.230840
vt 0.302241 0.230855
vt 0.302173 0.198726
vt 0.307621 0.212589
vt 0.302155 0.184857
vt 0.307594 0.198717
vt 0.302144 0.170990
vt 0.307575 0.184851
vt 0.302140 0.157125
vt 0.307563 0.170987
vt 0.302479 0.295494
vt 0.307945 0.309332
vt 0.302529 0.309352
vt 0.302429 0.281636
vt 0.307895 0.295474
vt 0.307845 0.281616
vt 0.369960 0.253796
vt 0.375374 0.267646
vt 0.369961 0.267646
vt 0.369960 0.235582
vt 0.375374 0.253796
vt 0.369958 0.212520
vt 0.375376 0.230749
vt 0.369957 0.230749
vt 0.369959 0.198665
vt 0.375374 0.212519
vt 0.369959 0.184815
vt 0.375373 0.198665
vt 0.369959 0.170969
vt 0.375371 0.184815
vt 0.369958 0.157125
vt 0.375370 0.170969
vt 0.369961 0.295346
vt 0.375375 0.309196
vt 0.369961 0.309196
vt 0.369961 0.281496
vt 0.375374 0.295346
vt 0.375374 0.281496
vt 0.437542 0.267757
vt 0.443008 0.253917
vt 0.442959 0.267776
vt 0.437656 0.235671
vt 0.437591 0.253898
vt 0.437712 0.212585
vt 0.443094 0.230851
vt 0.437667 0.230837
vt 0.437738 0.198714
vt 0.443135 0.212597
vt 0.437757 0.184847
vt 0.443160 0.198722
vt 0.437769 0.170983
vt 0.443177 0.184852
vt 0.437772 0.157120
vt 0.443188 0.170986
vt 0.437443 0.295475
vt 0.442811 0.309353
vt 0.437394 0.309334
vt 0.437493 0.281616
vt 0.442860 0.295494
vt 0.442909 0.281635
vt 0.504138 0.282098
vt 0.509599 0.296187
vt 0.504138 0.295987
vt 0.504138 0.268208
vt 0.509599 0.282298
vt 0.504138 0.254320
vt 0.509599 0.268409
vt 0.509599 0.240738
vt 0.509599 0.254521
vt 0.504138 0.212886
vt 0.509599 0.226629
vt 0.504138 0.231239
vt 0.504138 0.198948
vt 0.509599 0.212821
vt 0.504138 0.185002
vt 0.509599 0.198898
vt 0.504138 0.171051
vt 0.509599 0.184969
vt 0.504138 0.157098
vt 0.509599 0.171034
vt 0.875234 0.454212
vt 0.509599 0.310077
vt 0.504138 0.309876
vt 0.504138 0.236013
vt 0.443072 0.235691
vt 0.241180 0.236026
vt 0.246048 0.735555
vt 0.375373 0.235581
vt 0.132444 0.692917
vt 0.142002 0.626443
vt 0.142002 0.678045
vt 0.146982 0.661083
vt 0.146982 0.643405
vt 0.343260 0.710250
vt 0.334381 0.692572
vt 0.343260 0.692572
vt 0.334381 0.674894
vt 0.343260 0.674894
vt 0.334381 0.657216
vt 0.343260 0.657216
vt 0.753552 0.003906
vt 0.762431 0.021584
vt 0.753552 0.021584
vt 0.762431 0.039262
vt 0.753552 0.039262
vt 0.077077 0.986853
vt 0.083982 0.995752
vt 0.077052 0.995732
vt 0.334381 0.710250
vt 0.321128 0.692572
vt 0.960918 0.686709
vt 0.966750 0.768055
vt 0.960918 0.768055
vt 0.710834 0.875957
vt 0.701955 0.890001
vt 0.701955 0.875957
vt 0.942973 0.003906
vt 0.951852 0.085251
vt 0.942973 0.085251
vt 0.419750 0.309234
vt 0.406250 0.288913
vt 0.419750 0.288913
vt 0.321128 0.533469
vt 0.817307 0.320318
vt 0.808428 0.333818
vt 0.808428 0.320318
vt 0.077071 0.199630
vt 0.084001 0.219951
vt 0.077071 0.219951
vt 0.779454 0.582068
vt 0.792707 0.673991
vt 0.779454 0.673991
vt 0.854327 0.748694
vt 0.845177 0.768875
vt 0.845177 0.755374
vt 0.838247 0.741350
vt 0.838247 0.755394
vt 0.794046 0.274738
vt 0.780021 0.267808
vt 0.786702 0.258658
vt 0.238033 0.692572
vt 0.321128 0.674894
vt 0.238034 0.710250
vt 0.321128 0.710250
vt 0.315297 0.374366
vt 0.238034 0.356688
vt 0.321128 0.356688
vt 0.321128 0.568825
vt 0.748390 0.140963
vt 0.757541 0.161144
vt 0.748390 0.154464
vt 0.238034 0.621860
vt 0.766521 0.267808
vt 0.674859 0.274738
vt 0.682203 0.258658
vt 0.693779 0.245297
vt 0.775125 0.245297
vt 0.741460 0.168488
vt 0.867687 0.760270
vt 0.867687 0.841616
vt 0.854327 0.853193
vt 0.838247 0.860537
vt 0.770901 0.068222
vt 0.770901 0.149568
vt 0.085356 0.617017
vt 0.071312 0.596695
vt 0.085356 0.596695
vt 0.416992 0.358161
vt 0.437313 0.407017
vt 0.416992 0.407017
vt 0.268927 0.010836
vt 0.252368 0.028334
vt 0.254883 0.010836
vt 0.653954 0.790997
vt 0.669720 0.717399
vt 0.669720 0.790997
vt 0.712383 0.680040
vt 0.763837 0.680040
vt 0.833485 0.066972
vt 0.782032 0.051206
vt 0.833485 0.051206
vt 0.774968 0.832854
vt 0.826422 0.848621
vt 0.774968 0.848621
vt 0.782032 0.066972
vt 0.300807 0.498113
vt 0.238034 0.480435
vt 0.321128 0.480435
vt 0.238034 0.427401
vt 0.315297 0.409722
vt 0.315297 0.427401
vt 0.238034 0.462757
vt 0.315297 0.445079
vt 0.315297 0.462757
vt 0.238034 0.445079
vt 0.238034 0.674894
vt 0.315297 0.657216
vt 0.155856 0.768997
vt 0.155856 0.735555
vt 0.140753 0.735555
vt 0.140753 0.768997
vt 0.125987 0.735555
vt 0.111259 0.768997
vt 0.111259 0.735555
vt 0.095119 0.768997
vt 0.095119 0.735555
vt 0.079186 0.768997
vt 0.063046 0.735555
vt 0.079186 0.735555
vt 0.048318 0.768997
vt 0.048318 0.735555
vt 0.033552 0.768997
vt 0.033552 0.735555
vt 0.018824 0.735555
vt 0.018824 0.768997
vt 0.003906 0.735555
vt 0.737202 0.234167
vt 0.737202 0.182713
vt 0.219281 0.780127
vt 0.204070 0.788610
vt 0.204070 0.780127
vt 0.305328 0.955964
vt 0.321094 0.904510
vt 0.321094 0.955964
vt 0.685486 0.790997
vt 0.701253 0.717399
vt 0.701253 0.790997
vt 0.685486 0.717399
vt 0.910351 0.854720
vt 0.926117 0.803266
vt 0.926117 0.854720
vt 0.638187 0.790997
vt 0.653954 0.717399
vt 0.622421 0.790997
vt 0.638187 0.717399
vt 0.590888 0.790997
vt 0.606654 0.717399
vt 0.606654 0.790997
vt 0.575121 0.790997
vt 0.590888 0.717399
vt 0.559355 0.790997
vt 0.575121 0.717399
vt 0.543588 0.790997
vt 0.559355 0.717399
vt 0.543588 0.717399
vt 0.941884 0.803266
vt 0.941884 0.854720
vt 0.957650 0.803266
vt 0.957650 0.854720
vt 0.826422 0.864388
vt 0.774968 0.864388
vt 0.833485 0.035439
vt 0.782032 0.019673
vt 0.833485 0.019673
vt 0.826422 0.880154
vt 0.774968 0.880154
vt 0.826422 0.895920
vt 0.774968 0.895920
vt 0.273795 0.955964
vt 0.289561 0.904510
vt 0.289561 0.955964
vt 0.156935 0.904510
vt 0.141168 0.955964
vt 0.141168 0.904510
vt 0.712383 0.664274
vt 0.763837 0.664274
vt 0.712383 0.648507
vt 0.763837 0.648507
vt 0.712383 0.632741
vt 0.763837 0.632741
vt 0.712383 0.616974
vt 0.763837 0.616974
vt 0.875234 0.220709
vt 0.883340 0.205803
vt 0.883340 0.220709
vt 0.894585 0.854720
vt 0.910351 0.803266
vt 0.878818 0.854720
vt 0.894584 0.803266
vt 0.876835 0.871540
vt 0.861069 0.922993
vt 0.861069 0.871540
vt 0.845302 0.922993
vt 0.845302 0.871540
vt 0.892602 0.871540
vt 0.876835 0.922993
vt 0.029833 0.319236
vt 0.003906 0.335002
vt 0.003906 0.319236
vt 0.125402 0.955964
vt 0.125402 0.904510
vt 0.029833 0.335002
vt 0.003906 0.350768
vt 0.109636 0.955964
vt 0.109636 0.904510
vt 0.093869 0.955964
vt 0.093869 0.904510
vt 0.721436 0.234167
vt 0.721436 0.182713
vt 0.336861 0.955964
vt 0.352627 0.904510
vt 0.352627 0.955964
vt 0.826422 0.832854
vt 0.029833 0.193104
vt 0.003906 0.208870
vt 0.003906 0.193104
vt 0.336861 0.904510
vt 0.029833 0.303469
vt 0.003906 0.303469
vt 0.029833 0.208870
vt 0.003906 0.224637
vt 0.029833 0.287703
vt 0.003906 0.287703
vt 0.782032 0.035439
vt 0.029833 0.224637
vt 0.003906 0.240403
vt 0.029833 0.271936
vt 0.003906 0.271936
vt 0.029833 0.240403
vt 0.003906 0.256170
vt 0.689903 0.182713
vt 0.674137 0.234167
vt 0.674137 0.182713
vt 0.782032 0.003906
vt 0.833485 0.003906
vt 0.705670 0.182713
vt 0.689903 0.234167
vt 0.705670 0.234167
vt 0.305328 0.904510
vt 0.908368 0.871540
vt 0.892602 0.922993
vt 0.172701 0.904510
vt 0.156935 0.955964
vt 0.924135 0.871540
vt 0.908368 0.922993
vt 0.875234 0.545256
vt 0.883340 0.560502
vt 0.875234 0.560502
vt 0.113601 0.788514
vt 0.097867 0.780127
vt 0.113601 0.780127
vt 0.844042 0.942509
vt 0.859422 0.934124
vt 0.859422 0.942509
vt 0.945278 0.639802
vt 0.936892 0.624421
vt 0.945278 0.624421
vt 0.943650 0.912229
vt 0.935265 0.896809
vt 0.943650 0.896809
vt 0.935265 0.927609
vt 0.943650 0.927609
vt 0.658589 0.884342
vt 0.673969 0.875957
vt 0.673969 0.884342
vt 0.643168 0.884342
vt 0.658589 0.875957
vt 0.481160 0.602602
vt 0.472161 0.616934
vt 0.472161 0.602602
vt 0.859382 0.953640
vt 0.844021 0.962036
vt 0.844021 0.953640
vt 0.234839 0.780127
vt 0.219281 0.788610
vt 0.827187 0.942509
vt 0.844042 0.934124
vt 0.945278 0.607566
vt 0.875234 0.205803
vt 0.883340 0.190558
vt 0.943650 0.944464
vt 0.690825 0.884342
vt 0.082524 0.780127
vt 0.472161 0.586896
vt 0.827187 0.953640
vt 0.481160 0.631303
vt 0.472161 0.631303
vt 0.874783 0.953640
vt 0.859382 0.962036
vt 0.875234 0.687114
vt 0.883340 0.702173
vt 0.875234 0.702173
vt 0.951357 0.248555
vt 0.942971 0.264137
vt 0.942971 0.248555
vt 0.182962 0.244544
vt 0.174587 0.261379
vt 0.174587 0.244544
vt 0.071312 0.305681
vt 0.079463 0.322976
vt 0.071312 0.322976
vt 0.883340 0.175691
vt 0.965961 0.620236
vt 0.956408 0.606558
vt 0.965961 0.606558
vt 0.380382 0.958227
vt 0.363757 0.949746
vt 0.380382 0.949746
vt 0.875234 0.347475
vt 0.883340 0.332416
vt 0.883340 0.347475
vt 0.341200 0.532942
vt 0.332259 0.517174
vt 0.341200 0.517174
vt 0.883340 0.672247
vt 0.875234 0.672247
vt 0.517147 0.929674
vt 0.500523 0.921193
vt 0.517147 0.921193
vt 0.951357 0.279520
vt 0.942971 0.279520
vt 0.174587 0.272510
vt 0.183516 0.288298
vt 0.174587 0.288298
vt 0.174587 0.229183
vt 0.071312 0.338758
vt 0.965961 0.633739
vt 0.956408 0.620236
vt 0.395552 0.958227
vt 0.395552 0.949746
vt 0.875234 0.332416
vt 0.883340 0.317549
vt 0.341200 0.502787
vt 0.883340 0.657341
vt 0.875234 0.657341
vt 0.532317 0.929674
vt 0.532317 0.921193
vt 0.942971 0.294942
vt 0.174587 0.302704
vt 0.890222 0.942509
vt 0.905800 0.934124
vt 0.905800 0.942509
vt 0.174587 0.213781
vt 0.182962 0.229183
vt 0.936892 0.686183
vt 0.945278 0.670604
vt 0.945278 0.686183
vt 0.079463 0.338758
vt 0.071312 0.354581
vt 0.965961 0.647277
vt 0.956408 0.633739
vt 0.410761 0.949746
vt 0.875234 0.317549
vt 0.883340 0.302643
vt 0.332259 0.502787
vt 0.341200 0.488362
vt 0.883340 0.642474
vt 0.875234 0.642474
vt 0.547526 0.921193
vt 0.951357 0.310325
vt 0.942971 0.310325
vt 0.183516 0.302704
vt 0.174587 0.317148
vt 0.943650 0.881429
vt 0.935265 0.865851
vt 0.943650 0.865851
vt 0.174587 0.198028
vt 0.182962 0.213781
vt 0.029833 0.256170
vt 0.936892 0.655223
vt 0.945278 0.655223
vt 0.874842 0.942509
vt 0.128984 0.788514
vt 0.128984 0.780127
vt 0.883340 0.575407
vt 0.875234 0.575407
vt 0.875234 0.235576
vt 0.883340 0.235576
vt 0.188898 0.788610
vt 0.188898 0.780127
vt 0.213497 0.967095
vt 0.270369 0.975708
vt 0.218915 0.975697
vt 0.890144 0.953640
vt 0.874783 0.962036
vt 0.683761 0.978237
vt 0.740635 0.969635
vt 0.735215 0.978237
vt 0.472161 0.645635
vt 0.144327 0.788514
vt 0.144327 0.780127
vt 0.810665 0.978237
vt 0.753791 0.969635
vt 0.805245 0.969635
vt 0.883340 0.590274
vt 0.875234 0.590274
vt 0.875234 0.251868
vt 0.883340 0.251868
vt 0.172272 0.780127
vt 0.627788 0.884342
vt 0.643168 0.875957
vt 0.962367 0.187201
vt 0.970980 0.244073
vt 0.962377 0.238655
vt 0.161141 0.780127
vt 0.604250 0.967600
vt 0.661124 0.976202
vt 0.609670 0.976202
vt 0.883340 0.606566
vt 0.875234 0.606566
vt 0.068492 0.975708
vt 0.125365 0.967095
vt 0.119946 0.975697
vt 0.971584 0.061675
vt 0.962982 0.004801
vt 0.971584 0.010221
vt 0.874842 0.934124
vt 0.138284 0.967095
vt 0.195156 0.975708
vt 0.143703 0.975697
vt 0.174587 0.331921
vt 0.174587 0.346328
vt 0.563083 0.921193
vt 0.341200 0.473607
vt 0.341200 0.459219
vt 0.883340 0.287776
vt 0.875234 0.271484
vt 0.883340 0.271484
vt 0.426318 0.949746
vt 0.965961 0.675578
vt 0.956408 0.660780
vt 0.965961 0.660780
vt 0.071312 0.370765
vt 0.071312 0.386547
vt 0.905704 0.962036
vt 0.905704 0.953640
vt 0.481160 0.660152
vt 0.472161 0.660152
vt 0.183516 0.317148
vt 0.942971 0.327182
vt 0.547526 0.929674
vt 0.883340 0.626182
vt 0.875234 0.626182
vt 0.332259 0.488362
vt 0.875234 0.287776
vt 0.410761 0.958227
vt 0.079463 0.354581
vt 0.612208 0.875957
vt 0.612208 0.884342
vt 0.315297 0.392044
vt 0.238034 0.374366
vt 0.241180 0.143173
vt 0.235719 0.143189
vt 0.241180 0.004386
vt 0.235719 0.018067
vt 0.235719 0.004183
vt 0.241180 0.018270
vt 0.235719 0.031952
vt 0.241180 0.032155
vt 0.235719 0.045836
vt 0.241180 0.046039
vt 0.235719 0.059721
vt 0.241180 0.059924
vt 0.235719 0.073500
vt 0.235719 0.087606
vt 0.241180 0.101347
vt 0.235719 0.101410
vt 0.235719 0.115330
vt 0.241180 0.115283
vt 0.235719 0.129257
vt 0.241180 0.129225
vt 0.307794 0.046500
vt 0.302328 0.060337
vt 0.302378 0.046480
vt 0.307744 0.060356
vt 0.302262 0.078560
vt 0.307666 0.083413
vt 0.302198 0.101652
vt 0.302240 0.083399
vt 0.307621 0.101664
vt 0.302173 0.115525
vt 0.307594 0.115534
vt 0.302155 0.129395
vt 0.307574 0.129400
vt 0.302144 0.143261
vt 0.307563 0.143264
vt 0.307944 0.004930
vt 0.302478 0.018767
vt 0.302528 0.004911
vt 0.307894 0.018787
vt 0.302428 0.032624
vt 0.375362 0.046608
vt 0.369951 0.060457
vt 0.369949 0.046608
vt 0.375363 0.060456
vt 0.369953 0.078670
vt 0.375369 0.083501
vt 0.369953 0.101731
vt 0.369950 0.083502
vt 0.375369 0.101730
vt 0.369955 0.115585
vt 0.375369 0.115585
vt 0.369956 0.129434
vt 0.375369 0.129434
vt 0.369958 0.143280
vt 0.375369 0.143280
vt 0.375357 0.005062
vt 0.369946 0.018911
vt 0.369945 0.005062
vt 0.375359 0.018910
vt 0.369948 0.032760
vt 0.437520 0.046482
vt 0.442990 0.060319
vt 0.437574 0.060341
vt 0.437645 0.078566
vt 0.443085 0.083385
vt 0.437706 0.101653
vt 0.437658 0.083400
vt 0.443130 0.101641
vt 0.437735 0.115526
vt 0.443157 0.115516
vt 0.437756 0.129393
vt 0.443176 0.129387
vt 0.437768 0.143258
vt 0.443187 0.143254
vt 0.442774 0.004887
vt 0.437412 0.018766
vt 0.437358 0.004908
vt 0.442828 0.018745
vt 0.437466 0.032624
vt 0.442882 0.032603
vt 0.509599 0.018009
vt 0.504138 0.032104
vt 0.504138 0.018215
vt 0.509599 0.031898
vt 0.504138 0.045993
vt 0.509599 0.045787
vt 0.504138 0.059881
vt 0.509599 0.073459
vt 0.504138 0.078188
vt 0.509599 0.087573
vt 0.504138 0.101313
vt 0.504138 0.082963
vt 0.509599 0.101379
vt 0.504138 0.115251
vt 0.509599 0.115300
vt 0.504138 0.129195
vt 0.509599 0.129228
vt 0.504138 0.143146
vt 0.509599 0.143162
vt 0.509599 0.004120
vt 0.504138 0.004327
vt 0.443061 0.078545
vt 0.241180 0.078225
vt 0.241180 0.082999
vt 0.375365 0.078669
vt 0.120745 0.119772
vt 0.130302 0.186246
vt 0.120744 0.171374
vt 0.115764 0.154412
vt 0.334381 0.339010
vt 0.343260 0.321332
vt 0.343260 0.339010
vt 0.334381 0.356688
vt 0.343260 0.356688
vt 0.334381 0.374366
vt 0.343260 0.374366
vt 0.774968 0.702800
vt 0.783847 0.685122
vt 0.783847 0.702800
vt 0.774968 0.720478
vt 0.783847 0.720478
vt 0.055127 0.995752
vt 0.062032 0.986854
vt 0.062057 0.995733
vt 0.321128 0.339010
vt 0.334381 0.321332
vt 0.354391 0.699731
vt 0.435737 0.705563
vt 0.354391 0.705563
vt 0.726473 0.166138
vt 0.717595 0.152094
vt 0.726473 0.152094
vt 0.925762 0.534173
vt 0.916883 0.615519
vt 0.916883 0.534173
vt 0.514928 0.975773
vt 0.501427 0.996094
vt 0.501427 0.975773
vt 0.321128 0.498113
vt 0.817599 0.373337
vt 0.808720 0.359837
vt 0.817599 0.359837
vt 0.040964 0.024227
vt 0.047894 0.003906
vt 0.047894 0.024227
vt 0.622272 0.954058
vt 0.530348 0.940804
vt 0.622272 0.940804
vt 0.470887 0.104612
vt 0.480037 0.124793
vt 0.457526 0.116189
vt 0.486967 0.097268
vt 0.480037 0.111293
vt 0.253005 0.097315
vt 0.259935 0.111339
vt 0.253005 0.111359
vt 0.238034 0.321332
vt 0.321128 0.321332
vt 0.321128 0.462757
vt 0.699534 0.140963
vt 0.690383 0.161144
vt 0.677023 0.149568
vt 0.238034 0.409722
vt 0.259935 0.124840
vt 0.269085 0.209158
vt 0.253005 0.216502
vt 0.282446 0.197581
vt 0.282446 0.116236
vt 0.269085 0.104659
vt 0.706464 0.168488
vt 0.699534 0.154464
vt 0.706464 0.154444
vt 0.457526 0.197535
vt 0.470887 0.209111
vt 0.486967 0.216455
vt 0.677023 0.068222
vt 0.252310 0.308834
vt 0.266354 0.288513
vt 0.266354 0.308834
vt 0.723962 0.046785
vt 0.741460 0.049301
vt 0.757541 0.056645
vt 0.690383 0.056645
vt 0.706464 0.049301
vt 0.394860 0.407017
vt 0.403738 0.358161
vt 0.403738 0.407017
vt 0.321128 0.657216
vt 0.321128 0.374366
vt 0.268927 0.045833
vt 0.254883 0.045833
vt 0.282408 0.052762
vt 0.268908 0.052762
vt 0.282408 0.003906
vt 0.268908 0.003906
vt 0.712383 0.695807
vt 0.782032 0.082739
vt 0.238034 0.533469
vt 0.338427 0.768997
vt 0.752969 0.234167
vt 0.433223 0.717399
vt 0.527822 0.717399
vt 0.003906 0.955964
vt 0.183832 0.955964
vt 0.029833 0.003906
vt 0.826422 0.817088
vt 0.737224 0.958505
vt 0.930272 0.792136
vt 0.939706 0.506687
vt 0.941402 0.775931
vt 0.936892 0.596435
vt 0.875234 0.358606
vt 0.182962 0.103952
vt 0.959222 0.428069
vt 0.519217 0.958227
vt 0.655983 0.929674
vt 0.957064 0.174894
vt 0.963177 0.944363
vt 0.356385 0.247627
vt 0.432945 0.977959
vt 0.345825 0.975696
vt 0.327749 0.788610
vt 0.535787 0.973791
vt 0.974339 0.976809
vt 0.752062 0.372001
vt 0.414369 0.969358
vt 0.386505 0.309925
vt 0.959222 0.517318
vt 0.942971 0.416938
vt 0.241180 0.157123
vt 0.307679 0.235674
vt 0.307559 0.157125
vt 0.375370 0.157125
vt 0.443191 0.157120
vt 0.509599 0.157098
vt 0.132444 0.611571
vt 0.762431 0.003906
vt 0.084007 0.986873
vt 0.966750 0.686709
vt 0.710834 0.890001
vt 0.951852 0.003906
vt 0.406250 0.309234
vt 0.817307 0.333818
vt 0.084001 0.199630
vt 0.792707 0.582068
vt 0.780002 0.274738
vt 0.741460 0.154444
vt 0.071312 0.617017
vt 0.437313 0.358161
vt 0.238034 0.498113
vt 0.125987 0.768997
vt 0.063046 0.768997
vt 0.003906 0.768997
vt 0.622421 0.717399
vt 0.273795 0.904510
vt 0.878818 0.803266
vt 0.029833 0.350768
vt 0.172701 0.955964
vt 0.924135 0.922993
vt 0.883340 0.545256
vt 0.097867 0.788514
vt 0.936892 0.639802
vt 0.935265 0.912229
vt 0.481160 0.616934
vt 0.234839 0.788610
vt 0.827187 0.934124
vt 0.936892 0.607566
vt 0.875234 0.190558
vt 0.935265 0.944464
vt 0.690825 0.875957
vt 0.481160 0.586896
vt 0.827187 0.962036
vt 0.883340 0.687114
vt 0.951357 0.264137
vt 0.182962 0.261379
vt 0.079463 0.305681
vt 0.363757 0.958227
vt 0.332259 0.532942
vt 0.500523 0.929674
vt 0.183516 0.272510
vt 0.951357 0.294942
vt 0.890222 0.934124
vt 0.936892 0.670604
vt 0.956408 0.647277
vt 0.875234 0.302643
vt 0.935265 0.881429
vt 0.182962 0.198028
vt 0.275791 0.967095
vt 0.890144 0.962036
vt 0.678341 0.969635
vt 0.481160 0.645635
vt 0.748371 0.978237
vt 0.172272 0.788610
vt 0.627788 0.875957
vt 0.970980 0.181779
vt 0.161141 0.788514
vt 0.666544 0.967600
vt 0.063070 0.967095
vt 0.962982 0.067095
vt 0.200578 0.967095
vt 0.183516 0.331921
vt 0.563083 0.929674
vt 0.332259 0.473607
vt 0.426318 0.958227
vt 0.956408 0.675578
vt 0.079463 0.370765
vt 0.951357 0.327182
vt 0.238034 0.392044
vt 0.307678 0.078580
vt 0.307844 0.032643
vt 0.375360 0.032759
vt 0.442936 0.046461
vt 0.509599 0.059675
vt 0.130302 0.104900
vt 0.115764 0.136734
vt 0.774968 0.685122
vt 0.055102 0.986874
vt 0.435737 0.699731
vt 0.717595 0.166138
vt 0.925762 0.615519
vt 0.514928 0.996094
vt 0.808720 0.373337
vt 0.040964 0.003906
vt 0.530348 0.954058
vt 0.486967 0.111312
vt 0.238034 0.339010
vt 0.252310 0.288513
vt 0.394860 0.358161
vt 0.454183 0.315401
vt 0.472394 0.247023
vt 0.472394 0.322607
vt 0.386516 0.026713
vt 0.386495 0.006729
vt 0.399750 0.012313
vt 0.267352 0.261754
vt 0.267321 0.249858
vt 0.280584 0.255422
vt 0.391710 0.206756
vt 0.391689 0.186771
vt 0.404944 0.192356
vt 0.885303 0.991384
vt 0.865320 0.991405
vt 0.870904 0.978151
vt 0.992524 0.909524
vt 0.992546 0.929507
vt 0.979292 0.923923
vt 0.986998 0.824749
vt 0.987019 0.844731
vt 0.973766 0.839147
vt 0.467647 0.033312
vt 0.487631 0.033290
vt 0.482047 0.046545
vt 0.406259 0.269556
vt 0.406238 0.249571
vt 0.419492 0.255155
vt 0.987900 0.381029
vt 0.987921 0.401012
vt 0.974668 0.395428
vt 0.571682 0.326221
vt 0.521321 0.365012
vt 0.520718 0.319549
vt 0.060182 0.602817
vt 0.060182 0.635509
vt 0.045904 0.635509
vt 0.603456 0.073534
vt 0.583360 0.028895
vt 0.601703 0.004849
vt 0.592675 0.099859
vt 0.547490 0.094883
vt 0.567304 0.054213
vt 0.584055 0.136872
vt 0.534285 0.138429
vt 0.578093 0.174433
vt 0.525674 0.183097
vt 0.573980 0.212218
vt 0.522038 0.228537
vt 0.572036 0.250191
vt 0.520868 0.274057
vt 0.571473 0.288204
vt 0.366524 0.858431
vt 0.716994 0.864826
vt 0.366524 0.864826
vt 0.121313 0.266063
vt 0.099108 0.237498
vt 0.100535 0.230327
vt 0.597807 0.086590
vt 0.146354 0.707406
vt 0.146354 0.698204
vt 0.158841 0.692460
vt 0.003906 0.724424
vt 0.694771 0.846390
vt 0.729123 0.830719
vt 0.731549 0.833656
vt 0.988985 0.035020
vt 0.982714 0.055002
vt 0.982714 0.035020
vt 0.638658 0.694731
vt 0.644929 0.674748
vt 0.644929 0.694731
vt 0.982714 0.023889
vt 0.988985 0.003906
vt 0.988985 0.023889
vt 0.701360 0.024596
vt 0.696569 0.003906
vt 0.701360 0.003906
vt 0.179502 0.517150
vt 0.185772 0.497167
vt 0.185772 0.517150
vt 0.990586 0.141713
vt 0.984316 0.161696
vt 0.984316 0.141713
vt 0.592603 0.532414
vt 0.586332 0.552397
vt 0.586332 0.532414
vt 0.758489 0.785770
vt 0.752218 0.805753
vt 0.752218 0.785770
vt 0.527000 0.078955
vt 0.520730 0.098938
vt 0.520730 0.078955
vt 0.911153 0.695028
vt 0.917423 0.626650
vt 0.917423 0.695028
vt 0.692899 0.831016
vt 0.430167 0.846692
vt 0.427746 0.831430
vt 0.118209 0.606391
vt 0.121314 0.629191
vt 0.116812 0.630829
vt 0.362422 0.835241
vt 0.357747 0.830719
vt 0.592001 0.510610
vt 0.589225 0.520682
vt 0.589225 0.487990
vt 0.594777 0.487990
vt 0.589225 0.350203
vt 0.014220 0.804768
vt 0.026296 0.843439
vt 0.014220 0.844660
vt 0.036966 0.806436
vt 0.036966 0.842992
vt 0.312541 0.806436
vt 0.323211 0.843439
vt 0.312541 0.842992
vt 0.335287 0.804768
vt 0.335287 0.844660
vt 0.003906 0.803100
vt 0.003906 0.846328
vt 0.692801 0.904510
vt 0.715420 0.907286
vt 0.703454 0.909318
vt 0.029028 0.858431
vt 0.054040 0.864826
vt 0.029028 0.864826
vt 0.572230 0.364234
vt 0.526255 0.697010
vt 0.277236 0.858431
vt 0.321886 0.864826
vt 0.277236 0.864826
vt 0.232570 0.858431
vt 0.232570 0.864826
vt 0.187876 0.858431
vt 0.187876 0.864826
vt 0.143238 0.858431
vt 0.143238 0.864826
vt 0.098567 0.858431
vt 0.098567 0.864826
vt 0.054040 0.858431
vt 0.003906 0.858431
vt 0.003906 0.864826
vt 0.321886 0.858431
vt 0.137312 0.248920
vt 0.128707 0.207813
vt 0.137312 0.197095
vt 0.003906 0.492210
vt 0.024596 0.484898
vt 0.024596 0.492210
vt 0.003906 0.499522
vt 0.024596 0.528769
vt 0.003906 0.536080
vt 0.003906 0.528769
vt 0.003906 0.419743
vt 0.024596 0.412431
vt 0.024596 0.419743
vt 0.003906 0.427055
vt 0.024596 0.427055
vt 0.003906 0.434366
vt 0.024596 0.434366
vt 0.003906 0.439509
vt 0.024596 0.439509
vt 0.931842 0.116023
vt 0.911153 0.120814
vt 0.911153 0.116023
vt 0.911153 0.096931
vt 0.930234 0.092173
vt 0.931842 0.096930
vt 0.931842 0.111232
vt 0.541420 0.040205
vt 0.520730 0.044996
vt 0.520730 0.040205
vt 0.541420 0.035414
vt 0.520730 0.035414
vt 0.541420 0.030623
vt 0.520730 0.030623
vt 0.541420 0.025832
vt 0.527939 0.067825
vt 0.539811 0.054578
vt 0.534210 0.067825
vt 0.911153 0.031526
vt 0.931842 0.026735
vt 0.931842 0.031526
vt 0.911153 0.036317
vt 0.931842 0.036317
vt 0.911153 0.041108
vt 0.924633 0.003906
vt 0.912761 0.017153
vt 0.918362 0.003906
vt 0.762618 0.866951
vt 0.741928 0.871742
vt 0.741928 0.866951
vt 0.762618 0.862160
vt 0.741928 0.862160
vt 0.762618 0.857369
vt 0.741928 0.857369
vt 0.762618 0.852578
vt 0.749138 0.894571
vt 0.761009 0.881325
vt 0.755408 0.894571
vt 0.911151 0.323489
vt 0.931840 0.318697
vt 0.931840 0.323488
vt 0.911151 0.328280
vt 0.931840 0.328280
vt 0.911151 0.333071
vt 0.931840 0.333071
vt 0.911151 0.337862
vt 0.924631 0.295869
vt 0.912759 0.309115
vt 0.918360 0.295869
vt 0.691344 0.936562
vt 0.696135 0.957252
vt 0.691344 0.957252
vt 0.681762 0.957252
vt 0.676971 0.936562
vt 0.681762 0.936562
vt 0.718964 0.950042
vt 0.705717 0.938170
vt 0.718964 0.943771
vt 0.706151 0.024596
vt 0.678532 0.011116
vt 0.691778 0.022987
vt 0.678531 0.017386
vt 0.732329 0.352203
vt 0.711639 0.356994
vt 0.711639 0.352203
vt 0.711639 0.333038
vt 0.730721 0.328247
vt 0.732329 0.333038
vt 0.725119 0.315001
vt 0.713248 0.328247
vt 0.718849 0.315001
vt 0.821751 0.245297
vt 0.809879 0.258544
vt 0.815480 0.245298
vt 0.024596 0.499522
vt 0.003906 0.506833
vt 0.024596 0.506833
vt 0.003906 0.514145
vt 0.024596 0.514145
vt 0.003906 0.521457
vt 0.024596 0.521457
vt 0.024596 0.390496
vt 0.003906 0.397807
vt 0.003906 0.390496
vt 0.064482 0.194559
vt 0.063056 0.201730
vt 0.047462 0.180520
vt 0.024596 0.397808
vt 0.003906 0.405119
vt 0.003906 0.412431
vt 0.024596 0.405119
vt 0.003906 0.448990
vt 0.024596 0.477587
vt 0.003906 0.477586
vt 0.003906 0.484898
vt 0.931842 0.106441
vt 0.911153 0.111232
vt 0.911153 0.106441
vt 0.808271 0.282500
vt 0.828960 0.277708
vt 0.828960 0.282500
vt 0.715733 0.003906
vt 0.720525 0.024596
vt 0.715733 0.024596
vt 0.700926 0.936562
vt 0.705717 0.955643
vt 0.700926 0.957252
vt 0.911151 0.318697
vt 0.931840 0.313906
vt 0.924633 0.078927
vt 0.912761 0.092173
vt 0.918362 0.078927
vt 0.911153 0.101650
vt 0.828961 0.268126
vt 0.808271 0.272917
vt 0.808271 0.268126
vt 0.732329 0.342620
vt 0.711639 0.347412
vt 0.711639 0.342620
vt 0.710942 0.003906
vt 0.762618 0.876533
vt 0.743537 0.881325
vt 0.741928 0.876533
vt 0.911153 0.026734
vt 0.931842 0.021944
vt 0.808271 0.263335
vt 0.827352 0.258544
vt 0.828961 0.263335
vt 0.711639 0.337829
vt 0.732329 0.337829
vt 0.686553 0.936562
vt 0.686553 0.957252
vt 0.931842 0.041108
vt 0.911153 0.045899
vt 0.541420 0.049787
vt 0.522338 0.054578
vt 0.520730 0.049787
vt 0.696569 0.024596
vt 0.691778 0.005515
vt 0.696135 0.936562
vt 0.520730 0.025832
vt 0.541420 0.022116
vt 0.931842 0.101650
vt 0.828960 0.272917
vt 0.808271 0.277708
vt 0.732329 0.347412
vt 0.911151 0.313906
vt 0.930232 0.309115
vt 0.762618 0.871742
vt 0.706151 0.003906
vt 0.710942 0.024596
vt 0.924633 0.067796
vt 0.911153 0.049496
vt 0.931842 0.049496
vt 0.911153 0.021944
vt 0.930234 0.017153
vt 0.541420 0.044996
vt 0.828961 0.287291
vt 0.339472 0.094617
vt 0.318783 0.183533
vt 0.318783 0.094617
vt 0.114539 0.603312
vt 0.113732 0.634499
vt 0.118209 0.565983
vt 0.121314 0.588783
vt 0.116811 0.590421
vt 0.114538 0.562904
vt 0.113732 0.594091
vt 0.118209 0.525575
vt 0.121314 0.548374
vt 0.116811 0.550013
vt 0.114538 0.522496
vt 0.113732 0.553683
vt 0.118209 0.485167
vt 0.121314 0.507966
vt 0.116811 0.509605
vt 0.114538 0.482087
vt 0.113732 0.513275
vt 0.118209 0.444759
vt 0.121314 0.467558
vt 0.116811 0.469197
vt 0.114538 0.441679
vt 0.113732 0.472867
vt 0.118209 0.404351
vt 0.121314 0.427150
vt 0.116811 0.428788
vt 0.114538 0.401271
vt 0.113732 0.432459
vt 0.118209 0.363943
vt 0.121314 0.386742
vt 0.116811 0.388381
vt 0.114538 0.360863
vt 0.113732 0.392051
vt 0.118209 0.323535
vt 0.121313 0.346334
vt 0.116811 0.347972
vt 0.114538 0.320455
vt 0.113732 0.351643
vt 0.112900 0.517993
vt 0.112900 0.558402
vt 0.103410 0.602817
vt 0.394610 0.907286
vt 0.384538 0.904510
vt 0.417230 0.904510
vt 0.589225 0.212415
vt 0.592001 0.189796
vt 0.594034 0.201762
vt 0.121314 0.724424
vt 0.103410 0.635509
vt 0.114539 0.643720
vt 0.112900 0.639218
vt 0.103410 0.465029
vt 0.103410 0.327242
vt 0.112900 0.396769
vt 0.112900 0.356361
vt 0.103410 0.294550
vt 0.112900 0.315953
vt 0.121313 0.306150
vt 0.113732 0.311235
vt 0.116811 0.307564
vt 0.118209 0.646800
vt 0.121314 0.648840
vt 0.112900 0.598810
vt 0.112900 0.437177
vt 0.112900 0.477585
vt 0.068545 0.188479
vt 0.065687 0.192756
vt 0.050001 0.142583
vt 0.074624 0.184417
vt 0.054721 0.104869
vt 0.088967 0.184417
vt 0.081795 0.182991
vt 0.061297 0.067412
vt 0.095046 0.188479
vt 0.070540 0.030551
vt 0.075911 0.017377
vt 0.081795 0.004426
vt 0.099108 0.194559
vt 0.088967 0.247640
vt 0.060181 0.294550
vt 0.045904 0.294550
vt 0.045938 0.256534
vt 0.046311 0.218519
vt 0.063056 0.230327
vt 0.064482 0.237498
vt 0.068545 0.243577
vt 0.074624 0.247640
vt 0.081795 0.249066
vt 0.095046 0.243577
vt 0.100535 0.201730
vt 0.024596 0.441678
vt 0.024596 0.448990
vt 0.060181 0.327242
vt 0.060181 0.465029
vt 0.345600 0.846328
vt 0.003906 0.635509
vt 0.409887 0.162992
vt 0.391676 0.094614
vt 0.409887 0.094614
vt 0.394899 0.061207
vt 0.389314 0.047952
vt 0.409299 0.047974
vt 0.332184 0.045523
vt 0.318952 0.039191
vt 0.337165 0.044880
vt 0.327181 0.207927
vt 0.321596 0.194672
vt 0.341581 0.194693
vt 0.995247 0.858048
vt 0.995247 0.879031
vt 0.990261 0.879863
vt 0.821146 0.973166
vt 0.842128 0.973166
vt 0.842960 0.978151
vt 0.987930 0.773272
vt 0.987930 0.794255
vt 0.982945 0.795087
vt 0.028431 0.972080
vt 0.034016 0.985335
vt 0.014031 0.985313
vt 0.461886 0.017170
vt 0.456302 0.003915
vt 0.476286 0.003936
vt 0.987930 0.329552
vt 0.987930 0.350535
vt 0.982945 0.351367
vt 0.607743 0.344351
vt 0.657689 0.383675
vt 0.606657 0.389805
vt 0.163456 0.125513
vt 0.149179 0.092821
vt 0.163456 0.092821
vt 0.666209 0.681109
vt 0.686777 0.636685
vt 0.684296 0.705347
vt 0.631042 0.614743
vt 0.676276 0.610246
vt 0.650423 0.655621
vt 0.618299 0.571059
vt 0.668050 0.573145
vt 0.610164 0.526302
vt 0.662488 0.535523
vt 0.607011 0.480826
vt 0.658776 0.497696
vt 0.606324 0.435296
vt 0.657236 0.459704
vt 0.657076 0.421688
vt 0.864104 0.354298
vt 0.857707 0.003906
vt 0.864104 0.003906
vt 0.224588 0.462267
vt 0.203810 0.498004
vt 0.202383 0.490832
vt 0.681268 0.623570
vt 0.520730 0.022116
vt 0.534210 0.003906
vt 0.107181 0.003906
vt 0.508521 0.655697
vt 0.492849 0.690049
vt 0.493146 0.653826
vt 0.508823 0.391092
vt 0.221483 0.121939
vt 0.224588 0.099140
vt 0.224588 0.120122
vt 0.493561 0.388672
vt 0.497371 0.323348
vt 0.894470 0.037200
vt 0.894470 0.004508
vt 0.897246 0.014580
vt 0.224588 0.003906
vt 0.206684 0.092821
vt 0.805265 0.704736
vt 0.843936 0.716811
vt 0.804044 0.716811
vt 0.894470 0.174988
vt 0.900022 0.037200
vt 0.805265 0.407821
vt 0.842268 0.418491
vt 0.805712 0.418491
vt 0.843936 0.395745
vt 0.842715 0.407821
vt 0.845604 0.727125
vt 0.802376 0.727125
vt 0.897246 0.367800
vt 0.900022 0.357728
vt 0.900022 0.390419
vt 0.857707 0.666713
vt 0.864104 0.691719
vt 0.857707 0.691719
vt 0.658640 0.345670
vt 0.616203 0.012424
vt 0.667467 0.004818
vt 0.857707 0.398926
vt 0.864104 0.443566
vt 0.857707 0.443566
vt 0.864104 0.488222
vt 0.857707 0.488222
vt 0.864104 0.532906
vt 0.857707 0.532906
vt 0.864104 0.577534
vt 0.857707 0.577534
vt 0.864104 0.622195
vt 0.857707 0.622195
vt 0.864104 0.666713
vt 0.864104 0.716835
vt 0.857707 0.716835
vt 0.857707 0.354298
vt 0.864104 0.398926
vt 0.334848 0.247258
vt 0.334848 0.299083
vt 0.326243 0.288365
vt 0.217813 0.125018
vt 0.220086 0.097501
vt 0.221483 0.162347
vt 0.224588 0.139547
vt 0.224588 0.160530
vt 0.217813 0.165426
vt 0.220086 0.137909
vt 0.221483 0.202755
vt 0.224588 0.179956
vt 0.224588 0.200938
vt 0.217813 0.205834
vt 0.220086 0.178317
vt 0.221483 0.243163
vt 0.224588 0.220364
vt 0.224588 0.241347
vt 0.217813 0.246242
vt 0.220086 0.218725
vt 0.221483 0.283571
vt 0.224588 0.260772
vt 0.224588 0.281755
vt 0.217813 0.286651
vt 0.220086 0.259133
vt 0.221483 0.323979
vt 0.224588 0.301180
vt 0.224588 0.322163
vt 0.217813 0.327059
vt 0.220086 0.299541
vt 0.221483 0.364387
vt 0.224588 0.341588
vt 0.224588 0.362571
vt 0.217813 0.367467
vt 0.220086 0.339950
vt 0.221483 0.404795
vt 0.224588 0.381996
vt 0.224588 0.402979
vt 0.217813 0.407875
vt 0.220086 0.380358
vt 0.216174 0.210337
vt 0.206684 0.125513
vt 0.216174 0.169928
vt 0.900022 0.665993
vt 0.900022 0.698685
vt 0.897246 0.688613
vt 0.894470 0.390419
vt 0.900022 0.528206
vt 0.897246 0.335395
vt 0.894470 0.345468
vt 0.894470 0.312776
vt 0.842268 0.694065
vt 0.842715 0.704736
vt 0.217813 0.084610
vt 0.217006 0.093831
vt 0.216174 0.089112
vt 0.206684 0.263300
vt 0.216174 0.331561
vt 0.206684 0.401088
vt 0.216174 0.371969
vt 0.216174 0.412377
vt 0.206684 0.433780
vt 0.224588 0.422180
vt 0.217006 0.417095
vt 0.220086 0.420766
vt 0.221483 0.081531
vt 0.224588 0.079490
vt 0.217006 0.376687
vt 0.217006 0.134239
vt 0.216174 0.129520
vt 0.217006 0.336279
vt 0.217006 0.295871
vt 0.217006 0.174647
vt 0.217006 0.215055
vt 0.216174 0.291153
vt 0.217006 0.255463
vt 0.216174 0.250745
vt 0.171819 0.539851
vt 0.150736 0.547810
vt 0.168962 0.535575
vt 0.177899 0.543913
vt 0.153276 0.585748
vt 0.192242 0.543913
vt 0.157996 0.623461
vt 0.185070 0.545340
vt 0.198321 0.539851
vt 0.164572 0.660919
vt 0.173815 0.697779
vt 0.179186 0.710954
vt 0.185070 0.723905
vt 0.202383 0.533771
vt 0.192242 0.480691
vt 0.163456 0.433780
vt 0.149212 0.471796
vt 0.149179 0.433780
vt 0.166331 0.498004
vt 0.149585 0.509812
vt 0.167757 0.490832
vt 0.171819 0.484753
vt 0.177899 0.480691
vt 0.185070 0.479264
vt 0.198321 0.484753
vt 0.203810 0.526600
vt 0.163456 0.401088
vt 0.163456 0.263300
vt 0.107181 0.092821
vt 0.047234 0.047253
vt 0.044099 0.049418
vt 0.040964 0.047253
vt 0.931842 0.045899
vt 0.749138 0.830681
vt 0.762618 0.848980
vt 0.741928 0.848980
vt 0.741928 0.852578
vt 0.924631 0.359759
vt 0.911151 0.341459
vt 0.931840 0.341459
vt 0.931840 0.337862
vt 0.655074 0.950042
vt 0.673373 0.936562
vt 0.673373 0.957252
vt 0.676971 0.957252
vt 0.742422 0.011116
vt 0.724122 0.024596
vt 0.724122 0.003906
vt 0.720525 0.003906
vt 0.725120 0.378891
vt 0.711639 0.360591
vt 0.732329 0.360591
vt 0.732329 0.356994
vt 0.821751 0.309188
vt 0.808271 0.290888
vt 0.828961 0.290888
vt 0.808271 0.287291
vt 0.924633 0.142711
vt 0.911153 0.124411
vt 0.931842 0.124411
vt 0.931842 0.120814
vt 0.166331 0.526600
vt 0.167757 0.533771
vt 0.003906 0.361899
vt 0.802376 0.385431
vt 0.804044 0.395745
vt 0.555015 0.904510
vt 0.692801 0.910062
vt 0.454183 0.247023
vt 0.404735 0.013145
vt 0.404735 0.034130
vt 0.285565 0.256065
vt 0.285565 0.296154
vt 0.409929 0.193188
vt 0.409929 0.214172
vt 0.871736 0.973166
vt 0.892718 0.973166
vt 0.974307 0.923091
vt 0.974307 0.902108
vt 0.968781 0.838315
vt 0.968781 0.817333
vt 0.481215 0.051530
vt 0.460231 0.051530
vt 0.424478 0.255987
vt 0.424478 0.276972
vt 0.969683 0.394596
vt 0.969683 0.373613
vt 0.716994 0.858431
vt 0.158841 0.713150
vt 0.139762 0.702805
vt 0.988985 0.055002
vt 0.638658 0.674748
vt 0.982714 0.003906
vt 0.179502 0.497167
vt 0.990586 0.161696
vt 0.592603 0.552397
vt 0.758489 0.805753
vt 0.527000 0.098938
vt 0.911153 0.626650
vt 0.121314 0.608208
vt 0.594033 0.498644
vt 0.594777 0.212415
vt 0.026296 0.805989
vt 0.323211 0.805989
vt 0.725492 0.904510
vt 0.577436 0.705160
vt 0.024596 0.536080
vt 0.003906 0.441678
vt 0.918362 0.067796
vt 0.339472 0.183533
vt 0.121314 0.567800
vt 0.121314 0.527391
vt 0.121314 0.486983
vt 0.121314 0.446575
vt 0.121314 0.406167
vt 0.121314 0.365759
vt 0.121313 0.325351
vt 0.417229 0.910062
vt 0.406576 0.909318
vt 0.589225 0.179724
vt 0.345600 0.803100
vt 0.391676 0.170198
vt 0.416715 0.066192
vt 0.395731 0.066192
vt 0.318921 0.051087
vt 0.337165 0.004791
vt 0.348998 0.212912
vt 0.328013 0.212912
vt 0.977008 0.885446
vt 0.977029 0.865464
vt 0.848544 0.991405
vt 0.828562 0.991384
vt 0.969692 0.800671
vt 0.969713 0.780688
vt 0.006615 0.967095
vt 0.027599 0.967095
vt 0.483703 0.022155
vt 0.462718 0.022155
vt 0.969692 0.356951
vt 0.969713 0.336968
vt 0.527939 0.003906
vt 0.495786 0.692476
vt 0.492849 0.318672
vt 0.899278 0.026546
vt 0.900022 0.312775
vt 0.895214 0.379766
vt 0.895214 0.676647
vt 0.894470 0.665993
vt 0.899278 0.323429
vt 0.805712 0.694065
vt 0.040964 0.035358
vt 0.047234 0.035358
vt 0.755408 0.830681
vt 0.918360 0.359759
vt 0.655074 0.943771
vt 0.742422 0.017386
vt 0.718849 0.378891
vt 0.815480 0.309188
vt 0.918362 0.142711
vt 0.024596 0.361899
vt 0.845604 0.385431
s 1
usemtl m_m9_bayonet
f 1/1/1 25/2/1 4/3/1
f 6/4/2 1/5/2 33/6/2
f 5/7/3 3/8/3 7/9/3
f 1/10/4 5/11/4 2/12/4
f 3/13/1 6/14/1 9/15/1
f 30/16/5 7/17/6 8/18/6
f 21/19/7 8/20/8 7/21/8
f 19/22/2 13/23/2 15/24/2
f 12/25/3 22/26/3 23/27/3
f 14/28/9 11/29/10 10/30/9
f 16/31/10 12/32/11 11/29/10
f 15/33/11 20/34/12 12/32/11
f 21/19/7 18/35/13 17/36/7
f 23/37/13 19/38/14 18/35/13
f 22/39/14 13/40/12 19/38/14
f 14/28/9 3/41/15 9/42/15
f 30/16/5 26/43/16 24/44/5
f 34/45/16 27/46/17 26/43/16
f 33/47/17 28/48/18 27/46/17
f 32/49/18 29/50/19 28/48/18
f 31/51/19 25/52/20 29/50/19
f 7/9/3 24/53/3 5/7/3
f 24/53/3 26/54/3 5/7/3
f 26/54/3 27/55/3 5/7/3
f 27/55/3 28/56/3 2/57/3
f 5/7/3 27/55/3 2/57/3
f 28/56/3 29/58/3 2/57/3
f 29/58/3 25/59/3 2/57/3
f 1/5/2 4/60/2 31/61/2
f 31/61/2 32/62/2 1/5/2
f 32/62/2 33/6/2 1/5/2
f 33/6/2 34/63/2 6/4/2
f 34/63/2 30/64/2 6/4/2
f 30/64/2 8/65/2 6/4/2
f 8/65/2 9/66/2 6/4/2
f 17/67/2 16/68/2 14/69/2
f 17/67/2 9/66/2 8/65/2
f 10/70/3 7/9/3 3/8/3
f 11/71/3 21/72/3 10/70/3
f 59/73/6 35/74/6 38/75/6
f 40/76/2 67/77/2 35/78/2
f 39/79/3 41/80/3 37/81/3
f 39/82/21 35/83/21 36/84/21
f 40/85/6 37/86/6 43/87/6
f 41/88/1 64/89/22 42/90/1
f 42/91/23 55/92/24 41/93/23
f 49/94/2 53/95/2 52/96/2
f 56/97/3 54/98/3 46/99/3
f 45/100/11 48/101/25 44/102/25
f 46/103/10 50/104/11 45/100/11
f 54/105/15 49/106/10 46/103/10
f 52/107/26 55/92/24 51/108/24
f 53/109/27 57/110/26 52/107/26
f 47/111/15 56/112/27 53/109/27
f 37/113/12 48/101/25 43/114/12
f 60/115/28 64/89/22 58/116/22
f 61/117/29 68/118/28 60/115/28
f 62/119/30 67/120/29 61/117/29
f 63/121/31 66/122/30 62/119/30
f 59/123/32 65/124/31 63/121/31
f 41/80/3 39/79/3 58/125/3
f 58/125/3 39/79/3 60/126/3
f 60/126/3 39/79/3 61/127/3
f 61/127/3 36/128/3 62/129/3
f 39/79/3 36/128/3 61/127/3
f 62/129/3 36/128/3 63/130/3
f 63/130/3 36/128/3 59/131/3
f 35/78/2 65/132/2 38/133/2
f 65/132/2 35/78/2 66/134/2
f 66/134/2 35/78/2 67/77/2
f 67/77/2 40/76/2 68/135/2
f 68/135/2 40/76/2 64/136/2
f 64/136/2 40/76/2 42/137/2
f 42/137/2 40/76/2 43/138/2
f 51/139/2 50/140/2 52/96/2
f 43/138/2 51/139/2 42/137/2
f 41/80/3 44/141/3 37/81/3
f 55/142/3 45/143/3 44/141/3
f 1/1/1 2/144/1 25/2/1
f 1/10/4 6/145/4 5/11/4
f 3/13/1 5/146/1 6/14/1
f 30/16/5 24/44/5 7/17/6
f 21/19/7 17/36/7 8/20/8
f 15/24/2 16/68/2 18/147/2
f 18/147/2 19/22/2 15/24/2
f 23/27/3 11/71/3 12/25/3
f 12/25/3 20/148/3 22/26/3
f 14/28/9 16/31/10 11/29/10
f 16/31/10 15/33/11 12/32/11
f 15/33/11 13/40/12 20/34/12
f 21/19/7 23/37/13 18/35/13
f 23/37/13 22/39/14 19/38/14
f 22/39/14 20/34/12 13/40/12
f 14/28/9 10/30/9 3/41/15
f 30/16/5 34/45/16 26/43/16
f 34/45/16 33/47/17 27/46/17
f 33/47/17 32/49/18 28/48/18
f 32/49/18 31/51/19 29/50/19
f 31/51/19 4/149/20 25/52/20
f 17/67/2 18/147/2 16/68/2
f 17/67/2 14/69/2 9/66/2
f 10/70/3 21/72/3 7/9/3
f 11/71/3 23/27/3 21/72/3
f 59/73/6 36/150/6 35/74/6
f 39/82/21 40/151/21 35/83/21
f 40/85/6 39/152/6 37/86/6
f 41/88/1 58/116/22 64/89/22
f 42/91/23 51/108/24 55/92/24
f 52/96/2 50/140/2 49/94/2
f 49/94/2 47/153/2 53/95/2
f 46/99/3 45/143/3 57/154/3
f 57/154/3 56/97/3 46/99/3
f 45/100/11 50/104/11 48/101/25
f 46/103/10 49/106/10 50/104/11
f 54/105/15 47/111/15 49/106/10
f 52/107/26 57/110/26 55/92/24
f 53/109/27 56/112/27 57/110/26
f 47/111/15 54/105/15 56/112/27
f 37/113/12 44/102/25 48/101/25
f 60/115/28 68/118/28 64/89/22
f 61/117/29 67/120/29 68/118/28
f 62/119/30 66/122/30 67/120/29
f 63/121/31 65/124/31 66/122/30
f 59/123/32 38/155/32 65/124/31
f 51/139/2 48/156/2 50/140/2
f 43/138/2 48/156/2 51/139/2
f 41/80/3 55/142/3 44/141/3
f 55/142/3 57/154/3 45/143/3
f 73/157/33 70/158/34 69/159/34
f 77/160/35 74/161/33 73/157/33
f 81/162/36 78/163/35 77/160/35
f 85/164/15 82/165/36 81/162/36
f 89/166/37 86/167/15 85/164/15
f 93/168/38 90/169/37 89/166/37
f 97/170/39 94/171/38 93/168/38
f 101/172/1 98/173/39 97/170/39
f 105/174/40 102/175/1 101/172/1
f 109/176/41 106/177/40 105/174/40
f 113/178/42 110/179/41 109/176/41
f 117/180/23 114/181/42 113/178/42
f 120/182/43 118/183/23 117/180/23
f 122/184/44 121/185/43 120/182/43
f 124/186/45 123/187/44 122/184/44
f 126/188/46 125/189/45 124/186/45
f 72/190/46 75/191/47 71/192/46
f 76/193/47 79/194/48 75/191/47
f 80/195/48 83/196/49 79/194/48
f 84/197/49 87/198/8 83/196/49
f 88/199/8 91/200/50 87/198/8
f 92/201/50 95/202/51 91/200/50
f 96/203/51 99/204/52 95/202/51
f 100/205/52 103/206/6 99/204/52
f 104/207/6 107/208/53 103/206/6
f 108/209/53 111/210/54 107/208/53
f 112/211/54 115/212/55 111/210/54
f 116/213/55 119/214/56 115/212/55
f 128/215/57 132/216/58 135/217/58
f 148/218/59 157/219/60 131/220/59
f 149/221/6 130/222/6 147/223/6
f 147/224/61 144/225/62 139/226/62
f 136/227/56 133/228/63 119/214/56
f 138/229/63 134/230/64 133/228/63
f 137/231/64 132/216/58 134/230/64
f 144/225/62 141/232/65 139/226/62
f 141/232/65 145/233/66 142/234/66
f 145/233/66 140/235/67 142/234/66
f 250/236/2 282/237/2 175/238/2
f 129/239/68 151/240/69 150/241/68
f 148/242/6 151/243/6 155/244/6
f 129/245/1 157/246/1 161/247/1
f 158/248/70 156/249/71 154/250/70
f 159/251/71 155/252/60 156/249/71
f 161/253/69 153/254/72 151/240/69
f 162/255/72 152/256/73 153/254/72
f 152/256/73 158/248/70 154/250/70
f 166/257/74 177/258/75 167/259/75
f 167/259/75 181/260/76 168/261/76
f 168/261/76 182/262/77 171/263/77
f 171/263/77 180/264/78 163/265/78
f 163/265/78 184/266/1 173/267/1
f 173/267/1 183/268/28 172/269/28
f 172/269/28 178/270/29 169/271/29
f 169/271/29 179/272/30 170/273/30
f 170/273/30 174/274/31 164/275/31
f 164/275/31 175/276/46 165/277/46
f 70/278/79 185/279/80 69/280/79
f 186/281/80 189/282/81 185/279/80
f 190/283/81 193/284/82 189/282/81
f 194/285/82 197/286/12 193/284/82
f 198/287/12 201/288/55 197/286/12
f 202/289/55 205/290/54 201/288/55
f 206/291/54 209/292/53 205/290/54
f 210/293/53 213/294/6 209/292/53
f 214/295/6 217/296/52 213/294/6
f 218/297/52 221/298/51 217/296/52
f 222/299/51 225/300/50 221/298/51
f 226/301/50 229/302/8 225/300/50
f 230/303/8 232/304/49 229/302/8
f 233/305/49 234/306/48 232/304/49
f 235/307/48 236/308/47 234/306/48
f 237/309/47 126/188/46 236/308/47
f 187/310/45 72/190/46 71/192/46
f 191/311/44 188/312/45 187/310/45
f 195/313/43 192/314/44 191/311/44
f 199/315/23 196/316/43 195/313/43
f 203/317/42 200/318/23 199/315/23
f 207/319/41 204/320/42 203/317/42
f 211/321/40 208/322/41 207/319/41
f 215/323/1 212/324/40 211/321/40
f 219/325/39 216/326/1 215/323/1
f 223/327/38 220/328/39 219/325/39
f 227/329/37 224/330/38 223/327/38
f 231/331/83 228/332/37 227/329/37
f 242/333/84 238/334/85 245/335/84
f 267/336/60 258/337/59 241/338/59
f 240/339/1 259/340/1 257/341/1
f 254/342/86 257/343/87 249/344/86
f 243/345/88 246/346/83 231/331/83
f 244/347/89 248/348/88 243/345/88
f 242/333/84 247/349/89 244/347/89
f 251/350/90 254/342/86 249/344/86
f 251/350/90 255/351/91 256/352/90
f 250/353/92 255/351/91 252/354/91
f 283/355/2 258/356/2 176/357/2
f 261/358/69 239/359/68 260/360/68
f 260/361/1 265/362/1 261/363/1
f 266/364/71 268/365/70 264/366/70
f 265/367/60 269/368/71 266/364/71
f 263/369/72 271/370/69 261/358/69
f 262/371/73 272/372/72 263/369/72
f 268/365/70 262/371/73 264/366/70
f 149/373/2 131/374/2 129/375/2
f 283/376/93 166/377/94 275/378/93
f 287/379/95 275/378/93 276/380/95
f 288/381/96 276/380/95 279/382/96
f 286/383/97 279/382/96 273/384/97
f 290/385/6 273/384/97 281/386/6
f 289/387/16 281/386/6 280/388/16
f 284/389/17 280/388/16 277/390/17
f 285/391/18 277/390/17 278/392/18
f 282/393/19 278/392/18 274/394/19
f 175/276/46 274/394/19 165/277/46
f 148/395/2 260/396/2 150/397/2
f 241/398/2 259/399/2 239/400/2
f 259/399/2 242/401/2 239/400/2
f 149/373/2 129/375/2 132/402/2
f 129/375/2 150/397/2 132/402/2
f 239/400/2 242/401/2 260/396/2
f 150/397/2 242/401/2 132/402/2
f 132/402/2 244/403/2 134/404/2
f 231/405/2 225/406/2 229/407/2
f 221/408/2 227/409/2 223/410/2
f 217/411/2 223/410/2 219/412/2
f 213/413/2 219/412/2 215/414/2
f 209/415/2 215/414/2 211/416/2
f 209/415/2 207/417/2 205/418/2
f 201/419/2 207/417/2 203/420/2
f 201/419/2 199/421/2 197/422/2
f 197/422/2 195/423/2 193/424/2
f 193/424/2 191/425/2 189/426/2
f 191/425/2 185/427/2 189/426/2
f 187/428/2 69/429/2 185/427/2
f 69/429/2 75/430/2 73/431/2
f 73/431/2 79/432/2 77/433/2
f 81/434/2 79/432/2 83/435/2
f 85/436/2 83/435/2 87/437/2
f 89/438/2 87/437/2 91/439/2
f 89/438/2 95/440/2 93/441/2
f 97/442/2 95/440/2 99/443/2
f 97/442/2 103/444/2 101/445/2
f 101/445/2 107/446/2 105/447/2
f 105/447/2 111/448/2 109/449/2
f 109/449/2 115/450/2 113/451/2
f 113/451/2 119/452/2 117/453/2
f 117/453/2 133/454/2 120/455/2
f 243/456/2 229/407/2 232/457/2
f 244/403/2 232/457/2 234/458/2
f 120/455/2 134/404/2 122/459/2
f 134/404/2 244/403/2 126/460/2
f 124/461/2 122/459/2 134/404/2
f 244/403/2 234/458/2 236/462/2
f 126/460/2 124/461/2 134/404/2
f 244/403/2 236/462/2 126/460/2
f 250/353/92 143/463/67 253/464/92
f 142/465/2 140/466/2 139/467/2
f 140/466/2 174/468/2 179/469/2
f 140/466/2 179/469/2 139/467/2
f 139/467/2 141/470/2 142/465/2
f 131/374/2 147/471/2 182/472/2
f 147/471/2 139/467/2 184/473/2
f 241/398/2 258/356/2 287/474/2
f 258/356/2 148/395/2 176/357/2
f 241/398/2 288/475/2 257/476/2
f 148/395/2 131/374/2 181/477/2
f 147/471/2 184/473/2 180/478/2
f 139/467/2 179/469/2 178/479/2
f 288/475/2 241/398/2 287/474/2
f 257/476/2 288/475/2 286/480/2
f 251/481/2 249/482/2 250/236/2
f 249/482/2 257/476/2 290/483/2
f 250/236/2 252/484/2 251/481/2
f 285/485/2 282/237/2 250/236/2
f 284/486/2 285/485/2 249/482/2
f 285/485/2 250/236/2 249/482/2
f 249/482/2 290/483/2 289/487/2
f 139/467/2 178/479/2 183/488/2
f 139/467/2 183/488/2 184/473/2
f 289/487/2 284/486/2 249/482/2
f 147/471/2 180/478/2 182/472/2
f 286/480/2 290/483/2 257/476/2
f 131/374/2 182/472/2 181/477/2
f 287/474/2 258/356/2 283/355/2
f 148/395/2 181/477/2 177/489/2
f 148/395/2 177/489/2 176/357/2
f 174/468/2 140/466/2 175/238/2
f 140/466/2 250/236/2 175/238/2
f 136/490/3 114/491/3 118/492/3
f 110/493/3 116/494/3 112/495/3
f 106/496/3 112/495/3 108/497/3
f 108/497/3 102/498/3 106/496/3
f 104/499/3 98/500/3 102/498/3
f 98/500/3 96/501/3 94/502/3
f 96/501/3 90/503/3 94/502/3
f 90/503/3 88/504/3 86/505/3
f 86/505/3 84/506/3 82/507/3
f 82/507/3 80/508/3 78/509/3
f 80/508/3 74/510/3 78/509/3
f 76/511/3 70/512/3 74/510/3
f 70/512/3 188/513/3 186/514/3
f 186/514/3 192/515/3 190/516/3
f 194/517/3 192/515/3 196/518/3
f 198/519/3 196/518/3 200/520/3
f 202/521/3 200/520/3 204/522/3
f 202/521/3 208/523/3 206/524/3
f 210/525/3 208/523/3 212/526/3
f 210/525/3 216/527/3 214/528/3
f 214/528/3 220/529/3 218/530/3
f 218/530/3 224/531/3 222/532/3
f 222/532/3 228/533/3 226/534/3
f 226/534/3 246/535/3 230/536/3
f 230/536/3 248/537/3 233/538/3
f 138/539/3 118/492/3 121/540/3
f 137/541/3 121/540/3 123/542/3
f 233/538/3 247/543/3 235/544/3
f 127/545/3 247/543/3 137/541/3
f 237/546/3 235/544/3 247/543/3
f 137/541/3 123/542/3 125/547/3
f 127/545/3 237/546/3 247/543/3
f 137/541/3 125/547/3 127/545/3
f 137/541/3 245/548/3 135/549/3
f 135/549/3 238/550/3 128/551/3
f 128/551/3 240/552/3 130/553/3
f 240/552/3 275/554/3 166/555/3
f 274/556/3 278/557/3 253/558/3
f 143/559/3 145/560/3 146/561/3
f 146/561/3 144/562/3 143/559/3
f 144/562/3 130/553/3 173/563/3
f 130/553/3 167/564/3 168/565/3
f 130/553/3 168/565/3 171/566/3
f 144/562/3 173/563/3 172/567/3
f 255/568/3 253/558/3 254/569/3
f 253/558/3 143/559/3 165/570/3
f 274/556/3 253/558/3 165/570/3
f 254/569/3 256/571/3 255/568/3
f 276/572/3 275/554/3 240/552/3
f 279/573/3 276/572/3 240/552/3
f 240/552/3 254/569/3 281/574/3
f 281/574/3 254/569/3 280/575/3
f 130/553/3 171/566/3 163/576/3
f 130/553/3 163/576/3 173/563/3
f 273/577/3 279/573/3 240/552/3
f 281/574/3 273/577/3 240/552/3
f 144/562/3 172/567/3 169/578/3
f 144/562/3 169/578/3 170/579/3
f 280/575/3 254/569/3 277/580/3
f 277/580/3 254/569/3 278/557/3
f 144/562/3 170/579/3 143/559/3
f 278/557/3 254/569/3 253/558/3
f 143/559/3 170/579/3 164/581/3
f 143/559/3 164/581/3 165/570/3
f 166/555/3 167/564/3 130/553/3
f 130/553/3 240/552/3 166/555/3
f 162/582/1 157/246/1 159/583/1
f 162/582/1 158/584/1 160/585/1
f 155/244/6 153/586/6 156/587/6
f 154/588/6 153/586/6 152/589/6
f 263/590/1 265/362/1 266/591/1
f 263/590/1 264/592/1 262/593/1
f 241/594/6 271/595/6 267/596/6
f 267/596/6 272/597/6 269/598/6
f 268/599/6 272/597/6 270/600/6
f 73/157/33 74/161/33 70/158/34
f 77/160/35 78/163/35 74/161/33
f 81/162/36 82/165/36 78/163/35
f 85/164/15 86/167/15 82/165/36
f 89/166/37 90/169/37 86/167/15
f 93/168/38 94/171/38 90/169/37
f 97/170/39 98/173/39 94/171/38
f 101/172/1 102/175/1 98/173/39
f 105/174/40 106/177/40 102/175/1
f 109/176/41 110/179/41 106/177/40
f 113/178/42 114/181/42 110/179/41
f 117/180/23 118/183/23 114/181/42
f 120/182/43 121/185/43 118/183/23
f 122/184/44 123/187/44 121/185/43
f 124/186/45 125/189/45 123/187/44
f 126/188/46 127/601/46 125/189/45
f 72/190/46 76/193/47 75/191/47
f 76/193/47 80/195/48 79/194/48
f 80/195/48 84/197/49 83/196/49
f 84/197/49 88/199/8 87/198/8
f 88/199/8 92/201/50 91/200/50
f 92/201/50 96/203/51 95/202/51
f 96/203/51 100/205/52 99/204/52
f 100/205/52 104/207/6 103/206/6
f 104/207/6 108/209/53 107/208/53
f 108/209/53 112/211/54 111/210/54
f 112/211/54 116/213/55 115/212/55
f 116/213/55 136/227/56 119/214/56
f 128/215/57 149/602/57 132/216/58
f 148/218/59 155/252/60 157/219/60
f 149/221/6 128/603/6 130/222/6
f 147/224/61 130/604/61 144/225/62
f 136/227/56 138/229/63 133/228/63
f 138/229/63 137/231/64 134/230/64
f 137/231/64 135/217/58 132/216/58
f 144/225/62 146/605/65 141/232/65
f 141/232/65 146/605/65 145/233/66
f 145/233/66 143/463/67 140/235/67
f 129/239/68 161/253/69 151/240/69
f 148/242/6 150/606/6 151/243/6
f 129/245/1 131/607/1 157/246/1
f 158/248/70 159/251/71 156/249/71
f 159/251/71 157/219/60 155/252/60
f 161/253/69 162/255/72 153/254/72
f 162/255/72 160/608/73 152/256/73
f 152/256/73 160/608/73 158/248/70
f 166/257/74 176/609/74 177/258/75
f 167/259/75 177/258/75 181/260/76
f 168/261/76 181/260/76 182/262/77
f 171/263/77 182/262/77 180/264/78
f 163/265/78 180/264/78 184/266/1
f 173/267/1 184/266/1 183/268/28
f 172/269/28 183/268/28 178/270/29
f 169/271/29 178/270/29 179/272/30
f 170/273/30 179/272/30 174/274/31
f 164/275/31 174/274/31 175/276/46
f 70/278/79 186/281/80 185/279/80
f 186/281/80 190/283/81 189/282/81
f 190/283/81 194/285/82 193/284/82
f 194/285/82 198/287/12 197/286/12
f 198/287/12 202/289/55 201/288/55
f 202/289/55 206/291/54 205/290/54
f 206/291/54 210/293/53 209/292/53
f 210/293/53 214/295/6 213/294/6
f 214/295/6 218/297/52 217/296/52
f 218/297/52 222/299/51 221/298/51
f 222/299/51 226/301/50 225/300/50
f 226/301/50 230/303/8 229/302/8
f 230/303/8 233/305/49 232/304/49
f 233/305/49 235/307/48 234/306/48
f 235/307/48 237/309/47 236/308/47
f 237/309/47 127/601/46 126/188/46
f 187/310/45 188/312/45 72/190/46
f 191/311/44 192/314/44 188/312/45
f 195/313/43 196/316/43 192/314/44
f 199/315/23 200/318/23 196/316/43
f 203/317/42 204/320/42 200/318/23
f 207/319/41 208/322/41 204/320/42
f 211/321/40 212/324/40 208/322/41
f 215/323/1 216/326/1 212/324/40
f 219/325/39 220/328/39 216/326/1
f 223/327/38 224/330/38 220/328/39
f 227/329/37 228/332/37 224/330/38
f 231/331/83 246/346/83 228/332/37
f 242/333/84 259/610/85 238/334/85
f 267/336/60 265/367/60 258/337/59
f 240/339/1 238/611/1 259/340/1
f 254/342/86 240/612/87 257/343/87
f 243/345/88 248/348/88 246/346/83
f 244/347/89 247/349/89 248/348/88
f 242/333/84 245/335/84 247/349/89
f 251/350/90 256/352/90 254/342/86
f 251/350/90 252/354/91 255/351/91
f 250/353/92 253/464/92 255/351/91
f 261/358/69 271/370/69 239/359/68
f 260/361/1 258/613/1 265/362/1
f 266/364/71 269/368/71 268/365/70
f 265/367/60 267/336/60 269/368/71
f 263/369/72 272/372/72 271/370/69
f 262/371/73 270/614/73 272/372/72
f 268/365/70 270/614/73 262/371/73
f 149/373/2 147/471/2 131/374/2
f 283/376/93 176/615/94 166/377/94
f 287/379/95 283/376/93 275/378/93
f 288/381/96 287/379/95 276/380/95
f 286/383/97 288/381/96 279/382/96
f 290/385/6 286/383/97 273/384/97
f 289/387/16 290/385/6 281/386/6
f 284/389/17 289/387/16 280/388/16
f 285/391/18 284/389/17 277/390/17
f 282/393/19 285/391/18 278/392/18
f 175/276/46 282/393/19 274/394/19
f 148/395/2 258/356/2 260/396/2
f 241/398/2 257/476/2 259/399/2
f 150/397/2 260/396/2 242/401/2
f 132/402/2 242/401/2 244/403/2
f 231/405/2 227/409/2 225/406/2
f 221/408/2 225/406/2 227/409/2
f 217/411/2 221/408/2 223/410/2
f 213/413/2 217/411/2 219/412/2
f 209/415/2 213/413/2 215/414/2
f 209/415/2 211/416/2 207/417/2
f 201/419/2 205/418/2 207/417/2
f 201/419/2 203/420/2 199/421/2
f 197/422/2 199/421/2 195/423/2
f 193/424/2 195/423/2 191/425/2
f 191/425/2 187/428/2 185/427/2
f 187/428/2 71/616/2 69/429/2
f 69/429/2 71/616/2 75/430/2
f 73/431/2 75/430/2 79/432/2
f 81/434/2 77/433/2 79/432/2
f 85/436/2 81/434/2 83/435/2
f 89/438/2 85/436/2 87/437/2
f 89/438/2 91/439/2 95/440/2
f 97/442/2 93/441/2 95/440/2
f 97/442/2 99/443/2 103/444/2
f 101/445/2 103/444/2 107/446/2
f 105/447/2 107/446/2 111/448/2
f 109/449/2 111/448/2 115/450/2
f 113/451/2 115/450/2 119/452/2
f 117/453/2 119/452/2 133/454/2
f 243/456/2 231/405/2 229/407/2
f 244/403/2 243/456/2 232/457/2
f 120/455/2 133/454/2 134/404/2
f 250/353/92 140/235/67 143/463/67
f 136/490/3 116/494/3 114/491/3
f 110/493/3 114/491/3 116/494/3
f 106/496/3 110/493/3 112/495/3
f 108/497/3 104/499/3 102/498/3
f 104/499/3 100/617/3 98/500/3
f 98/500/3 100/617/3 96/501/3
f 96/501/3 92/618/3 90/503/3
f 90/503/3 92/618/3 88/504/3
f 86/505/3 88/504/3 84/506/3
f 82/507/3 84/506/3 80/508/3
f 80/508/3 76/511/3 74/510/3
f 76/511/3 72/619/3 70/512/3
f 70/512/3 72/619/3 188/513/3
f 186/514/3 188/513/3 192/515/3
f 194/517/3 190/516/3 192/515/3
f 198/519/3 194/517/3 196/518/3
f 202/521/3 198/519/3 200/520/3
f 202/521/3 204/522/3 208/523/3
f 210/525/3 206/524/3 208/523/3
f 210/525/3 212/526/3 216/527/3
f 214/528/3 216/527/3 220/529/3
f 218/530/3 220/529/3 224/531/3
f 222/532/3 224/531/3 228/533/3
f 226/534/3 228/533/3 246/535/3
f 230/536/3 246/535/3 248/537/3
f 138/539/3 136/490/3 118/492/3
f 137/541/3 138/539/3 121/540/3
f 233/538/3 248/537/3 247/543/3
f 137/541/3 247/543/3 245/548/3
f 135/549/3 245/548/3 238/550/3
f 128/551/3 238/550/3 240/552/3
f 162/582/1 161/247/1 157/246/1
f 162/582/1 159/583/1 158/584/1
f 155/244/6 151/243/6 153/586/6
f 154/588/6 156/587/6 153/586/6
f 263/590/1 261/363/1 265/362/1
f 263/590/1 266/591/1 264/592/1
f 241/594/6 239/620/6 271/595/6
f 267/596/6 271/595/6 272/597/6
f 268/599/6 269/598/6 272/597/6
f 318/621/98 434/622/99 432/623/98
f 448/624/100 476/625/46 418/626/100
f 411/627/101 426/628/100 414/629/101
f 407/630/101 420/631/100 412/632/101
f 419/633/100 480/634/46 426/628/100
f 593/635/102 292/636/46 349/637/46
f 298/638/101 593/635/102 587/639/101
f 347/640/103 307/641/104 346/642/104
f 345/643/105 301/644/106 606/645/107
f 346/642/104 304/646/105 345/643/105
f 292/647/108 296/648/109 293/649/108
f 298/650/110 296/648/109 295/651/109
f 301/652/111 299/653/110 298/650/110
f 301/652/111 305/654/112 302/655/111
f 304/656/112 308/657/113 305/654/112
f 313/658/114 311/659/115 310/660/115
f 313/658/114 317/661/116 314/662/114
f 316/663/116 320/664/117 317/661/116
f 323/665/118 320/664/117 319/666/117
f 327/667/119 324/668/118 323/665/118
f 425/669/100 361/670/46 368/671/100
f 445/672/120 353/673/121 502/674/120
f 467/675/98 410/676/99 416/677/98
f 326/678/122 430/679/123 424/680/122
f 322/681/123 432/623/98 430/679/123
f 431/682/98 469/683/99 464/684/98
f 315/685/124 436/686/125 434/622/99
f 312/687/125 438/688/103 436/686/125
f 306/689/104 442/690/105 440/691/104
f 303/692/105 444/693/106 442/690/105
f 300/694/126 446/695/101 444/693/106
f 297/696/101 447/697/100 446/695/101
f 294/698/100 450/699/46 447/697/100
f 429/700/123 464/684/98 458/701/123
f 423/702/122 458/701/123 452/703/122
f 399/704/126 412/632/101 402/705/106
f 393/706/105 406/707/106 396/708/105
f 389/709/105 402/705/106 394/710/105
f 381/711/127 394/710/105 384/712/127
f 369/713/125 398/714/128 404/715/125
f 470/716/124 366/717/125 471/718/99
f 445/719/101 418/626/100 408/720/101
f 443/721/126 408/720/101 400/722/106
f 441/723/105 400/722/106 390/724/105
f 439/725/127 390/724/105 382/726/127
f 446/727/129 352/728/130 444/729/130
f 433/730/124 364/731/125 469/683/99
f 435/732/125 372/733/128 364/731/125
f 459/734/123 468/735/98 462/736/123
f 453/737/122 462/736/123 456/738/122
f 465/739/98 473/740/99 468/735/98
f 324/741/123 415/742/98 320/743/98
f 463/744/98 471/718/99 466/745/98
f 328/746/122 421/747/123 324/741/123
f 457/748/123 466/745/98 460/749/123
f 451/750/122 460/749/123 454/751/122
f 413/752/101 368/671/100 374/753/101
f 455/754/122 422/755/123 428/756/122
f 417/757/100 478/758/46 420/631/100
f 299/759/101 367/760/100 296/761/100
f 461/762/123 416/677/98 422/755/123
f 320/743/98 409/763/124 317/764/124
f 302/765/106 373/766/101 299/759/101
f 317/764/124 403/767/125 314/768/125
f 401/769/126 414/629/101 406/707/106
f 305/770/105 379/771/106 302/765/106
f 314/768/125 397/772/103 311/773/103
f 308/774/104 385/775/105 305/770/105
f 387/776/127 386/777/105 392/778/127
f 383/779/127 396/708/105 388/780/127
f 395/781/105 380/782/106 386/777/105
f 405/783/126 374/753/101 380/782/106
f 474/784/124 404/715/125 410/676/99
f 472/785/124 370/786/125 473/740/99
f 363/787/125 376/788/128 366/717/125
f 365/789/125 378/790/128 370/786/125
f 296/761/100 362/791/46 293/792/46
f 367/793/131 554/794/120 552/795/131
f 368/796/132 354/797/129 374/798/129
f 369/799/133 344/800/134 550/801/135
f 473/802/136 501/803/137 537/804/136
f 472/805/134 529/806/138 524/807/134
f 472/805/134 500/808/135 365/809/133
f 471/810/136 536/811/137 355/812/136
f 466/813/139 355/812/136 356/814/139
f 470/815/134 499/816/135 363/817/133
f 469/818/136 523/819/137 515/820/136
f 448/821/131 502/674/120 357/822/131
f 377/823/140 550/801/135 570/824/141
f 378/825/142 501/803/137 370/826/143
f 447/827/132 359/828/129 446/727/129
f 375/829/140 500/808/135 569/830/141
f 367/793/131 360/831/144 362/832/144
f 376/833/142 536/811/137 366/834/143
f 368/796/132 551/835/145 553/836/132
f 371/837/140 499/816/135 568/838/141
f 372/839/142 523/819/137 364/840/143
f 470/815/134 517/841/138 516/842/134
f 464/843/139 515/820/136 518/844/139
f 421/845/146 321/846/147 562/847/146
f 422/848/148 564/849/149 428/850/149
f 387/851/150 494/852/151 395/853/152
f 448/821/131 509/854/144 449/855/144
f 388/856/153 495/857/154 497/858/155
f 447/827/132 510/859/145 358/860/132
f 429/861/156 325/862/147 329/863/156
f 383/864/150 493/865/151 393/866/152
f 430/867/157 505/868/149 424/869/149
f 384/870/153 534/871/154 535/872/155
f 421/845/146 330/873/138 415/874/138
f 381/875/150 492/876/151 389/877/152
f 422/848/148 561/878/139 563/879/148
f 382/880/153 522/881/154 565/882/155
f 405/883/121 494/852/151 546/884/121
f 406/885/130 495/857/154 396/886/158
f 431/887/138 329/863/156 331/888/138
f 393/866/152 532/889/121 401/890/121
f 432/891/139 506/892/157 430/867/157
f 402/893/130 534/871/154 394/894/158
f 415/874/138 559/895/134 409/896/134
f 389/877/152 521/897/121 399/898/121
f 410/899/136 561/878/139 416/900/139
f 400/901/130 522/881/154 390/902/158
f 461/903/146 538/904/147 540/905/146
f 413/906/120 546/884/121 490/907/120
f 462/908/148 539/909/149 456/910/149
f 414/911/129 547/912/130 406/885/130
f 433/913/134 331/888/138 507/914/134
f 411/915/120 532/889/121 531/916/120
f 434/917/136 503/918/139 432/891/139
f 412/919/129 533/920/130 402/893/130
f 409/896/134 557/921/159 403/922/160
f 407/923/120 521/897/121 520/924/120
f 410/899/136 558/925/137 560/926/136
f 408/927/129 491/928/130 400/901/130
f 459/929/146 525/930/147 527/931/146
f 425/932/131 490/907/120 487/933/131
f 438/688/103 306/689/104 440/691/104
f 311/773/103 391/934/104 308/774/104
f 473/802/136 350/935/139 468/936/139
f 467/937/138 344/800/134 474/938/134
f 374/798/129 342/939/130 380/940/130
f 373/941/120 343/942/121 554/794/120
f 444/729/130 341/943/161 442/944/162
f 443/945/121 504/946/151 353/673/121
f 437/947/163 566/948/164 372/949/165
f 458/950/148 518/844/139 339/951/148
f 376/952/165 568/953/165 498/954/165
f 457/955/146 517/841/138 463/956/138
f 380/940/130 337/957/154 386/958/158
f 375/959/165 549/960/165 378/961/165
f 379/962/121 338/963/166 343/942/121
f 442/944/162 511/964/167 440/965/168
f 439/966/169 504/946/151 441/967/152
f 460/968/148 356/814/139 528/969/148
f 459/929/146 529/806/138 465/970/138
f 398/971/170 570/972/171 335/973/172
f 392/974/173 337/957/154 571/975/174
f 384/976/175 567/977/175 381/978/175
f 385/979/176 555/980/177 338/963/166
f 439/981/178 565/982/179 336/983/180
f 462/908/148 350/935/139 541/984/148
f 383/985/175 497/986/175 496/987/175
f 461/903/146 351/988/138 467/937/138
f 392/989/181 548/990/182 387/991/175
f 418/992/132 481/993/145 485/994/132
f 417/995/131 519/996/144 475/997/144
f 420/998/132 483/999/145 530/1000/132
f 436/1001/183 513/1002/184 333/1003/185
f 419/1004/131 482/1005/144 477/1006/144
f 437/1007/186 334/1008/135 512/1009/187
f 426/1010/188 543/1011/145 544/1012/188
f 458/950/148 514/1013/149 452/1014/149
f 425/932/131 542/1015/144 479/1016/144
f 457/955/146 332/1017/147 340/1018/146
f 418/992/132 488/1019/129 408/927/129
f 398/1020/189 558/925/137 404/1021/143
f 417/995/131 520/924/120 484/1022/131
f 403/922/160 556/1023/190 397/1024/191
f 420/998/132 489/1025/129 412/919/129
f 434/917/136 333/1003/185 508/1026/136
f 419/1004/131 531/916/120 486/1027/131
f 433/913/134 334/1008/135 435/1028/133
f 426/1010/188 545/1029/129 414/911/129
f 460/968/148 526/1030/149 454/1031/149
f 348/1032/125 316/1033/124 313/1034/125
f 440/965/168 513/1002/184 438/1035/192
f 510/1036/46 357/1037/100 358/1038/100
f 506/1039/123 325/1040/122 505/1041/122
f 503/1042/98 329/1043/123 506/1039/123
f 508/1044/99 331/1045/98 503/1042/98
f 333/1046/193 507/1047/124 508/1044/99
f 513/1048/194 334/1049/195 333/1046/193
f 511/1050/196 504/1051/197 336/1052/198
f 352/1053/106 504/1051/197 341/1054/199
f 359/1055/101 353/1056/126 352/1053/106
f 358/1038/100 502/1057/101 359/1055/101
f 523/1058/200 516/1059/124 515/1060/124
f 566/1061/201 499/1062/200 523/1058/200
f 522/1063/202 567/1064/203 565/1065/204
f 491/1066/106 492/1067/202 522/1063/202
f 488/1068/101 521/1069/126 491/1066/106
f 485/1070/100 520/1071/101 488/1068/101
f 481/1072/46 484/1073/100 485/1070/100
f 339/1074/123 332/1075/122 514/1076/122
f 518/1077/98 340/1078/123 339/1074/123
f 518/1077/98 516/1059/124 517/1079/98
f 536/1080/200 524/1081/124 355/1082/124
f 498/1083/205 500/1084/200 536/1080/200
f 534/1085/202 496/1086/203 535/1087/203
f 533/1088/106 493/1089/202 534/1085/202
f 489/1090/101 532/1091/126 533/1088/106
f 530/1092/100 531/1093/101 489/1090/101
f 483/1094/46 486/1095/100 530/1092/100
f 528/1096/123 525/1097/122 526/1098/122
f 356/1099/98 527/1100/123 528/1096/123
f 356/1099/98 524/1081/124 529/1101/98
f 537/1102/124 550/1103/200 344/1104/124
f 549/1105/205 550/1103/200 501/1106/200
f 495/1107/202 548/1108/206 497/1109/203
f 547/1110/106 494/1111/202 495/1107/202
f 545/1112/101 546/1113/126 547/1110/106
f 544/1114/100 490/1115/101 545/1112/101
f 543/1116/46 487/1117/100 544/1114/100
f 541/1118/123 538/1119/122 539/1120/122
f 350/1121/98 540/1122/123 541/1118/123
f 537/1102/124 351/1123/98 350/1121/98
f 561/1124/98 562/1125/123 563/1126/123
f 560/1127/99 330/1128/98 561/1124/98
f 558/1129/207 559/1130/124 560/1127/99
f 558/1129/207 556/1131/208 557/1132/193
f 337/1133/209 555/1134/210 571/1135/211
f 342/1136/106 338/1137/199 337/1133/209
f 354/1138/101 343/1139/126 342/1136/106
f 553/1140/100 554/1141/101 354/1138/101
f 551/1142/46 552/1143/100 553/1140/100
f 556/1023/190 391/1144/212 397/1024/191
f 563/1126/123 321/1145/122 564/1146/122
f 555/1134/210 335/1147/213 571/1135/211
f 570/1148/214 571/1135/211 335/1147/213
f 548/1108/206 549/1105/205 497/1109/203
f 496/1086/203 498/1083/205 535/1087/203
f 567/1064/203 566/1061/201 565/1065/204
f 512/1149/215 511/1050/196 336/1052/198
f 307/1150/113 311/659/115 308/657/113
f 497/1109/203 569/1151/205 496/1086/203
f 512/1149/215 565/1065/204 566/1061/201
f 498/1083/205 567/1064/203 535/1087/203
f 606/1152/3 348/1153/3 345/1154/3
f 346/1155/3 348/1153/3 347/1156/3
f 578/1157/122 584/1158/216 577/1159/123
f 577/1159/123 583/1160/98 576/1161/98
f 576/1161/98 582/1162/217 575/1163/217
f 574/1164/218 580/1165/101 573/1166/101
f 573/1166/101 579/1167/219 572/1168/219
f 598/1169/220 596/1170/220 599/1171/220
f 585/1172/122 591/1173/216 584/1158/216
f 606/1174/6 589/1175/6 607/1176/6
f 579/1177/1 599/1178/1 572/1179/1
f 575/1180/6 581/1181/6 574/1182/6
f 594/1183/1 603/1184/1 600/1185/1
f 593/635/102 586/1186/219 587/639/101
f 601/1187/1 605/1188/1 596/1189/1
f 595/1190/220 600/1191/220 597/1192/220
f 603/1193/221 584/1194/221 591/1195/221
f 580/1196/2 604/1197/2 601/1198/2
f 579/1199/2 601/1198/2 598/1200/2
f 606/645/107 298/638/101 587/639/101
f 586/1201/3 600/1202/3 587/1203/3
f 323/1204/123 590/1205/98 591/1173/216
f 327/1206/122 591/1173/216 592/1207/122
f 874/1208/222 633/1209/223 858/1210/223
f 587/639/101 588/1211/218 606/645/107
f 605/1212/3 573/1213/3 596/1214/3
f 348/1032/125 310/1215/103 347/640/103
f 603/1216/3 591/1217/3 590/1218/3
f 590/1218/3 589/1219/3 603/1216/3
f 589/1219/3 588/1220/3 603/1216/3
f 587/1203/3 603/1216/3 588/1220/3
f 572/1221/3 596/1214/3 573/1213/3
f 581/1222/2 582/1223/2 604/1197/2
f 582/1223/2 583/1224/2 604/1197/2
f 583/1224/2 584/1225/2 604/1197/2
f 575/1226/3 574/1227/3 605/1212/3
f 593/1228/1 597/1229/1 586/1230/1
f 603/1231/46 869/1232/46 870/1233/46
f 862/1234/3 349/1235/3 860/1236/3
f 734/1237/224 632/1238/223 732/1239/223
f 476/625/46 748/1240/225 722/1241/225
f 728/1242/225 715/1243/226 718/1244/226
f 724/1245/225 711/1246/226 716/1247/226
f 480/634/46 723/1248/225 728/1242/225
f 292/636/46 860/1249/227 349/637/46
f 860/1249/227 612/1250/226 855/1251/226
f 621/1252/228 655/1253/229 654/1254/228
f 615/1255/230 653/1256/231 873/1257/232
f 618/1258/231 654/1254/228 653/1256/231
f 319/1259/98 607/1260/233 590/1205/98
f 292/647/108 610/1261/234 609/1262/234
f 610/1261/234 612/1263/235 609/1262/234
f 613/1264/235 615/1265/236 612/1263/235
f 615/1265/236 619/1266/237 618/1267/237
f 618/1267/237 622/1268/238 621/1269/238
f 625/1270/239 627/1271/240 624/1272/239
f 627/1271/240 631/1273/241 630/1274/241
f 630/1274/241 634/1275/242 633/1276/242
f 634/1275/242 636/1277/243 633/1276/242
f 637/1278/243 327/1279/244 636/1277/243
f 361/670/46 727/1280/225 672/1281/225
f 745/1282/245 660/1283/246 743/1284/246
f 714/1285/224 759/1286/223 720/1287/223
f 730/1288/247 326/1289/248 424/1290/248
f 732/1239/223 635/1291/247 730/1288/247
f 761/1292/224 731/1293/223 756/1294/223
f 736/1295/249 629/1296/250 734/1237/224
f 738/1297/229 626/1298/249 736/1295/249
f 742/1299/231 620/1300/228 740/1301/228
f 744/1302/230 617/1303/231 742/1299/231
f 746/1304/226 614/1305/251 744/1302/230
f 747/1306/225 611/1307/226 746/1304/226
f 450/699/46 608/1308/225 747/1306/225
f 756/1294/223 729/1309/247 750/1310/247
f 750/1310/247 423/1311/248 452/1312/248
f 716/1247/226 703/1313/251 706/1314/230
f 710/1315/230 697/1316/231 700/1317/231
f 706/1314/230 693/1318/231 698/1319/231
f 698/1319/231 685/1320/252 688/1321/252
f 702/1322/253 673/1323/249 708/1324/249
f 670/1325/249 762/1326/250 763/1327/224
f 722/1241/225 745/1328/226 712/1329/226
f 712/1329/226 743/1330/251 704/1331/230
f 704/1331/230 741/1332/231 694/1333/231
f 694/1333/231 739/1334/252 686/1335/252
f 659/1336/254 746/1337/255 744/1338/254
f 668/1339/249 733/1340/250 761/1292/224
f 676/1341/253 735/1342/249 668/1339/249
f 760/1343/223 751/1344/247 754/1345/247
f 754/1345/247 453/1346/248 456/1347/248
f 765/1348/224 757/1349/223 760/1343/223
f 719/1350/223 637/1351/247 634/1352/223
f 763/1327/224 755/1353/223 758/1354/223
f 725/1355/247 328/1356/248 637/1351/247
f 758/1354/223 749/1357/247 752/1358/247
f 752/1358/247 451/1359/248 454/1360/248
f 672/1281/225 717/1361/226 678/1362/226
f 726/1363/247 455/1364/248 428/1365/248
f 478/758/46 721/1366/225 724/1245/225
f 671/1367/225 613/1368/226 610/1369/225
f 720/1287/223 753/1370/247 726/1363/247
f 713/1371/250 634/1352/223 631/1372/250
f 677/1373/226 616/1374/230 613/1368/226
f 707/1375/249 631/1372/250 628/1376/249
f 718/1244/226 705/1377/251 710/1315/230
f 683/1378/230 619/1379/231 616/1374/230
f 701/1380/229 628/1376/249 625/1381/229
f 689/1382/231 622/1383/228 619/1379/231
f 690/1384/231 691/1385/252 696/1386/252
f 700/1317/231 687/1387/252 692/1388/252
f 684/1389/230 699/1390/231 690/1384/231
f 678/1362/226 709/1391/251 684/1389/230
f 708/1324/249 766/1392/250 714/1285/224
f 674/1393/249 764/1394/250 765/1348/224
f 680/1395/253 667/1396/249 670/1325/249
f 682/1397/253 669/1398/249 674/1393/249
f 362/791/46 610/1369/225 293/792/46
f 671/1399/256 825/1400/245 677/1401/245
f 661/1402/255 672/1403/257 678/1404/255
f 673/1405/258 652/1406/259 766/1407/259
f 765/1408/260 784/1409/261 674/1410/262
f 764/1411/259 805/1412/263 757/1413/263
f 783/1414/264 764/1411/259 669/1415/258
f 763/1416/260 812/1417/261 670/1418/262
f 758/1419/265 662/1420/260 763/1416/260
f 782/1421/264 762/1422/259 667/1423/258
f 761/1424/260 801/1425/261 668/1426/262
f 748/1427/256 785/1428/245 745/1282/245
f 681/1429/266 822/1430/264 673/1405/258
f 784/1409/261 682/1431/267 674/1410/262
f 666/1432/255 747/1433/257 746/1337/255
f 679/1434/266 783/1414/264 669/1415/258
f 360/831/144 671/1399/256 362/832/144
f 812/1417/261 680/1435/267 670/1418/262
f 672/1403/257 551/835/145 361/1436/145
f 675/1437/266 782/1421/264 667/1423/258
f 801/1425/261 676/1438/267 668/1426/262
f 762/1422/259 796/1439/263 755/1440/263
f 756/1441/265 794/1442/260 761/1424/260
f 725/1443/268 321/1444/269 427/1445/269
f 564/1446/270 726/1447/271 428/1448/270
f 777/1449/272 691/1450/273 699/1451/274
f 509/854/144 748/1427/256 449/855/144
f 692/1452/275 778/1453/276 700/1454/277
f 747/1433/257 510/859/145 450/1455/145
f 729/1456/278 325/1457/269 423/1458/269
f 776/1459/272 687/1460/273 697/1461/274
f 505/1462/270 730/1463/279 424/1464/270
f 688/1465/275 810/1466/276 698/1467/277
f 639/1468/263 725/1443/268 719/1469/263
f 775/1470/272 685/1471/273 693/1472/274
f 726/1447/271 832/1473/265 720/1474/265
f 686/1475/275 800/1476/276 694/1477/277
f 709/1478/246 777/1449/272 699/1451/274
f 778/1453/276 710/1479/254 700/1454/277
f 731/1480/263 638/1481/278 729/1456/278
f 808/1482/246 697/1461/274 705/1483/246
f 788/1484/279 732/1485/265 730/1463/279
f 810/1466/276 706/1486/254 698/1467/277
f 830/1487/259 719/1469/263 713/1488/259
f 799/1489/246 693/1472/274 703/1490/246
f 832/1473/265 714/1491/260 720/1474/265
f 800/1476/276 704/1492/254 694/1477/277
f 753/1493/268 538/1494/269 455/1495/269
f 717/1496/245 818/1497/246 709/1478/246
f 539/1498/270 754/1499/271 456/1500/270
f 819/1501/254 718/1502/255 710/1479/254
f 733/1503/259 640/1504/263 731/1480/263
f 715/1505/245 808/1482/246 705/1483/246
f 786/1506/265 734/1507/260 732/1485/265
f 809/1508/254 716/1509/255 706/1486/254
f 828/1510/280 713/1488/259 707/1511/281
f 711/1512/245 799/1489/246 703/1490/246
f 714/1491/260 829/1513/261 708/1514/262
f 774/1515/254 712/1516/255 704/1492/254
f 751/1517/268 525/1518/269 453/1519/269
f 727/1520/256 773/1521/245 717/1496/245
f 620/1300/228 738/1297/229 740/1301/228
f 695/1522/228 625/1381/229 622/1383/228
f 657/1523/265 765/1408/260 760/1524/265
f 652/1406/259 759/1525/263 766/1407/259
f 650/1526/254 678/1404/255 684/1527/254
f 677/1401/245 651/1528/246 683/1529/246
f 649/1530/282 744/1338/254 742/1531/283
f 743/1284/246 787/1532/272 741/1533/274
f 836/1534/284 737/1535/285 676/1536/286
f 750/1537/271 797/1538/265 756/1441/265
f 680/1539/286 838/1540/286 675/1541/286
f 796/1439/263 749/1542/268 755/1440/263
f 645/1543/276 684/1527/254 690/1544/277
f 821/1545/286 679/1546/286 682/1547/286
f 683/1529/246 646/1548/287 689/1549/288
f 791/1550/289 742/1531/283 740/1551/290
f 787/1532/272 739/1552/291 741/1533/274
f 752/1553/271 663/1554/265 758/1419/265
f 805/1412/263 751/1517/268 757/1413/263
f 702/1555/292 840/1556/293 681/1557/286
f 696/1558/294 645/1543/276 690/1544/277
f 837/1559/295 688/1560/295 685/1561/295
f 689/1549/288 826/1562/296 695/1563/297
f 739/1564/298 835/1565/299 686/1566/295
f 754/1499/271 657/1523/265 760/1524/265
f 687/1567/295 780/1568/295 692/1569/295
f 658/1570/263 753/1493/268 759/1525/263
f 820/1571/300 696/1572/301 691/1573/295
f 722/1574/257 481/993/145 476/1575/145
f 519/996/144 721/1576/256 475/997/144
f 724/1577/257 483/999/145 478/1578/145
f 736/1579/302 793/1580/303 738/1581/304
f 482/1005/144 723/1582/256 477/1006/144
f 737/1583/305 642/1584/264 735/1585/258
f 728/1586/257 543/1011/145 480/1587/145
f 514/1588/270 750/1537/271 452/1589/270
f 542/1015/144 727/1520/256 479/1016/144
f 749/1542/268 332/1590/269 451/1591/269
f 771/1592/255 722/1574/257 712/1516/255
f 829/1513/261 702/1593/306 708/1514/262
f 721/1576/256 798/1594/245 711/1512/245
f 827/1595/307 707/1511/281 701/1596/308
f 772/1597/255 724/1577/257 716/1509/255
f 734/1507/260 641/1598/309 736/1579/302
f 723/1582/256 807/1599/245 715/1505/245
f 642/1584/264 733/1503/259 735/1585/258
f 817/1600/255 728/1586/257 718/1502/255
f 526/1601/270 752/1553/271 454/1602/270
f 656/1603/249 630/1604/250 874/1208/222
f 793/1580/303 740/1551/290 738/1581/304
f 664/1605/225 510/1036/46 665/1606/225
f 325/1607/248 788/1608/247 505/1609/248
f 638/1610/247 786/1611/223 788/1608/247
f 640/1612/223 790/1613/224 786/1611/223
f 789/1614/250 641/1615/310 790/1613/224
f 642/1616/311 793/1617/312 641/1615/310
f 791/1618/313 787/1619/314 649/1620/315
f 787/1619/314 659/1621/230 649/1620/315
f 660/1622/251 666/1623/226 659/1621/230
f 785/1624/226 665/1606/225 666/1623/226
f 795/1625/250 801/1626/316 794/1627/250
f 782/1628/316 836/1629/317 801/1626/316
f 837/1630/318 800/1631/319 835/1632/320
f 775/1633/319 774/1634/230 800/1631/319
f 799/1635/251 771/1636/226 774/1634/230
f 798/1637/226 768/1638/225 771/1636/226
f 767/1639/225 481/1072/46 768/1638/225
f 332/1640/248 647/1641/247 514/1642/248
f 648/1643/247 797/1644/223 647/1641/247
f 797/1644/223 795/1625/250 794/1627/250
f 802/1645/250 812/1646/316 662/1647/250
f 783/1648/316 781/1649/321 812/1646/316
f 779/1650/318 810/1651/319 811/1652/318
f 776/1653/319 809/1654/230 810/1651/319
f 808/1655/251 772/1656/226 809/1654/230
f 807/1657/226 806/1658/225 772/1656/226
f 769/1659/225 483/1094/46 806/1658/225
f 525/1660/248 804/1661/247 526/1662/248
f 803/1663/247 663/1664/223 804/1661/247
f 663/1664/223 802/1645/250 662/1647/250
f 813/1665/250 822/1666/316 784/1667/316
f 822/1666/316 821/1668/321 784/1667/316
f 820/1669/322 778/1670/319 780/1671/318
f 777/1672/319 819/1673/230 778/1670/319
f 818/1674/251 817/1675/226 819/1673/230
f 773/1676/226 816/1677/225 817/1675/226
f 770/1678/225 543/1116/46 816/1677/225
f 538/1679/248 815/1680/247 539/1681/248
f 814/1682/247 657/1683/223 815/1680/247
f 658/1684/223 813/1665/250 657/1683/223
f 833/1685/247 832/1686/223 834/1687/247
f 639/1688/223 831/1689/224 832/1686/223
f 830/1690/250 829/1691/323 831/1689/224
f 829/1691/323 827/1692/324 643/1693/325
f 826/1694/326 645/1695/327 841/1696/328
f 646/1697/315 650/1698/230 645/1695/327
f 651/1699/251 661/1700/226 650/1698/230
f 825/1701/226 824/1702/225 661/1700/226
f 823/1703/225 551/1142/46 824/1702/225
f 695/1563/297 827/1595/307 701/1596/308
f 321/1704/248 834/1687/247 564/1705/248
f 643/1693/325 826/1694/326 841/1696/328
f 841/1696/328 840/1706/329 643/1693/325
f 821/1668/321 820/1669/322 780/1671/318
f 781/1649/321 779/1650/318 811/1652/318
f 836/1629/317 837/1630/318 835/1632/320
f 791/1618/313 792/1707/330 644/1708/331
f 621/1269/238 625/1270/239 624/1272/239
f 839/1709/321 780/1671/318 779/1650/318
f 835/1632/320 792/1707/330 836/1629/317
f 837/1630/318 781/1649/321 811/1652/318
f 656/1710/3 873/1711/3 653/1712/3
f 654/1713/3 656/1710/3 653/1712/3
f 853/1714/332 578/1715/248 847/1716/247
f 852/1717/223 847/1716/247 846/1718/223
f 851/1719/333 846/1718/223 845/1720/333
f 849/1721/226 844/1722/334 843/1723/226
f 848/1724/335 843/1723/226 842/1725/335
f 863/1726/336 865/1727/336 866/1728/336
f 859/1729/332 585/1730/248 853/1714/332
f 857/1731/1 873/1732/1 874/1733/1
f 866/1734/6 848/1735/6 842/1736/6
f 850/1737/1 845/1738/1 844/1739/1
f 870/1740/6 861/1741/6 867/1742/6
f 860/1249/227 855/1251/226 854/1743/335
f 872/1744/6 868/1745/6 863/1746/6
f 867/1747/336 862/1748/336 864/1749/336
f 853/1750/337 870/1751/337 859/1752/337
f 849/1753/2 871/1754/2 850/1755/2
f 848/1756/2 868/1757/2 849/1753/2
f 873/1257/232 612/1250/226 615/1255/230
f 854/1758/3 867/1759/3 864/1760/3
f 633/1209/223 859/1729/332 858/1210/223
f 859/1729/332 327/1761/248 592/1762/248
f 855/1251/226 873/1257/232 856/1763/334
f 872/1764/3 843/1765/3 844/1766/3
f 624/1767/229 656/1603/249 655/1253/229
f 870/1768/3 858/1769/3 859/1770/3
f 858/1769/3 870/1768/3 857/1771/3
f 857/1771/3 870/1768/3 856/1772/3
f 870/1768/3 855/1773/3 856/1772/3
f 842/1774/3 863/1775/3 866/1776/3
f 850/1755/2 871/1754/2 851/1777/2
f 851/1777/2 871/1754/2 852/1778/2
f 852/1778/2 871/1754/2 853/1779/2
f 845/1780/3 872/1764/3 844/1766/3
f 864/1781/6 860/1782/6 854/1783/6
f 578/1784/3 577/1785/3 605/1212/3
f 575/1226/3 605/1212/3 576/1786/3
f 605/1212/3 872/1764/3 578/1784/3
f 576/1786/3 605/1212/3 577/1785/3
f 872/1764/3 845/1780/3 846/1787/3
f 846/1787/3 847/1788/3 872/1764/3
f 847/1788/3 578/1784/3 872/1764/3
f 872/1789/46 604/1790/46 871/1791/46
f 607/1260/233 589/1792/217 590/1205/98
f 858/1210/223 857/1793/333 874/1208/222
f 871/1791/46 603/1231/46 870/1233/46
f 349/1235/3 595/1794/3 593/1795/3
f 862/1234/3 595/1794/3 349/1235/3
f 602/1796/3 594/1797/3 595/1794/3
f 602/1796/3 862/1234/3 869/1798/3
f 861/1799/3 869/1798/3 862/1234/3
f 318/621/98 315/685/124 434/622/99
f 448/624/100 449/1800/46 476/625/46
f 411/627/101 419/633/100 426/628/100
f 407/630/101 417/757/100 420/631/100
f 419/633/100 477/1801/46 480/634/46
f 593/635/102 295/1802/100 292/636/46
f 298/638/101 295/1802/100 593/635/102
f 347/640/103 310/1215/103 307/641/104
f 345/643/105 304/646/105 301/644/106
f 346/642/104 307/641/104 304/646/105
f 292/647/108 295/651/109 296/648/109
f 298/650/110 299/653/110 296/648/109
f 301/652/111 302/655/111 299/653/110
f 301/652/111 304/656/112 305/654/112
f 304/656/112 307/1150/113 308/657/113
f 313/658/114 314/662/114 311/659/115
f 313/658/114 316/663/116 317/661/116
f 316/663/116 319/666/117 320/664/117
f 323/665/118 324/668/118 320/664/117
f 327/667/119 328/1803/119 324/668/118
f 425/669/100 479/1804/46 361/670/46
f 445/672/120 443/945/121 353/673/121
f 467/675/98 474/784/124 410/676/99
f 326/678/122 322/681/123 430/679/123
f 322/681/123 318/621/98 432/623/98
f 431/682/98 433/730/124 469/683/99
f 315/685/124 312/687/125 436/686/125
f 312/687/125 309/1805/103 438/688/103
f 306/689/104 303/692/105 442/690/105
f 303/692/105 300/694/126 444/693/106
f 300/694/126 297/696/101 446/695/101
f 297/696/101 294/698/100 447/697/100
f 294/698/100 291/1806/46 450/699/46
f 429/700/123 431/682/98 464/684/98
f 423/702/122 429/700/123 458/701/123
f 399/704/126 407/630/101 412/632/101
f 393/706/105 401/769/126 406/707/106
f 389/709/105 399/704/126 402/705/106
f 381/711/127 389/709/105 394/710/105
f 369/713/125 377/1807/128 398/714/128
f 470/716/124 363/787/125 366/717/125
f 445/719/101 448/624/100 418/626/100
f 443/721/126 445/719/101 408/720/101
f 441/723/105 443/721/126 400/722/106
f 439/725/127 441/723/105 390/724/105
f 446/727/129 359/828/129 352/728/130
f 433/730/124 435/732/125 364/731/125
f 435/732/125 437/1808/128 372/733/128
f 459/734/123 465/739/98 468/735/98
f 453/737/122 459/734/123 462/736/123
f 465/739/98 472/785/124 473/740/99
f 324/741/123 421/747/123 415/742/98
f 463/744/98 470/716/124 471/718/99
f 328/746/122 427/1809/122 421/747/123
f 457/748/123 463/744/98 466/745/98
f 451/750/122 457/748/123 460/749/123
f 413/752/101 425/669/100 368/671/100
f 455/754/122 461/762/123 422/755/123
f 417/757/100 475/1810/46 478/758/46
f 299/759/101 373/766/101 367/760/100
f 461/762/123 467/675/98 416/677/98
f 320/743/98 415/742/98 409/763/124
f 302/765/106 379/771/106 373/766/101
f 317/764/124 409/763/124 403/767/125
f 401/769/126 411/627/101 414/629/101
f 305/770/105 385/775/105 379/771/106
f 314/768/125 403/767/125 397/772/103
f 308/774/104 391/934/104 385/775/105
f 387/776/127 395/781/105 386/777/105
f 383/779/127 393/706/105 396/708/105
f 395/781/105 405/783/126 380/782/106
f 405/783/126 413/752/101 374/753/101
f 474/784/124 369/713/125 404/715/125
f 472/785/124 365/789/125 370/786/125
f 363/787/125 371/1811/128 376/788/128
f 365/789/125 375/1812/128 378/790/128
f 296/761/100 367/760/100 362/791/46
f 367/793/131 373/941/120 554/794/120
f 368/796/132 553/836/132 354/797/129
f 369/799/133 474/938/134 344/800/134
f 473/802/136 370/826/143 501/803/137
f 472/805/134 465/970/138 529/806/138
f 472/805/134 524/807/134 500/808/135
f 471/810/136 366/834/143 536/811/137
f 466/813/139 471/810/136 355/812/136
f 470/815/134 516/842/134 499/816/135
f 469/818/136 364/840/143 523/819/137
f 448/821/131 445/672/120 502/674/120
f 377/823/140 369/799/133 550/801/135
f 378/825/142 549/1813/338 501/803/137
f 447/827/132 358/860/132 359/828/129
f 375/829/140 365/809/133 500/808/135
f 367/793/131 552/795/131 360/831/144
f 376/833/142 498/1814/338 536/811/137
f 368/796/132 361/1436/145 551/835/145
f 371/837/140 363/817/133 499/816/135
f 372/839/142 566/1815/338 523/819/137
f 470/815/134 463/956/138 517/841/138
f 464/843/139 469/818/136 515/820/136
f 421/845/146 427/1816/147 321/846/147
f 422/848/148 563/879/148 564/849/149
f 387/851/150 548/1817/339 494/852/151
f 448/821/131 357/822/131 509/854/144
f 388/856/153 396/886/158 495/857/154
f 447/827/132 450/1455/145 510/859/145
f 429/861/156 423/1818/147 325/862/147
f 383/864/150 496/1819/339 493/865/151
f 430/867/157 506/892/157 505/868/149
f 384/870/153 394/894/158 534/871/154
f 421/845/146 562/847/146 330/873/138
f 381/875/150 567/1820/339 492/876/151
f 422/848/148 416/900/139 561/878/139
f 382/880/153 390/902/158 522/881/154
f 405/883/121 395/853/152 494/852/151
f 406/885/130 547/912/130 495/857/154
f 431/887/138 429/861/156 329/863/156
f 393/866/152 493/865/151 532/889/121
f 432/891/139 503/918/139 506/892/157
f 402/893/130 533/920/130 534/871/154
f 415/874/138 330/873/138 559/895/134
f 389/877/152 492/876/151 521/897/121
f 410/899/136 560/926/136 561/878/139
f 400/901/130 491/928/130 522/881/154
f 461/903/146 455/1821/147 538/904/147
f 413/906/120 405/883/121 546/884/121
f 462/908/148 541/984/148 539/909/149
f 414/911/129 545/1029/129 547/912/130
f 433/913/134 431/887/138 331/888/138
f 411/915/120 401/890/121 532/889/121
f 434/917/136 508/1026/136 503/918/139
f 412/919/129 489/1025/129 533/920/130
f 409/896/134 559/895/134 557/921/159
f 407/923/120 399/898/121 521/897/121
f 410/899/136 404/1021/143 558/925/137
f 408/927/129 488/1019/129 491/928/130
f 459/929/146 453/1822/147 525/930/147
f 425/932/131 413/906/120 490/907/120
f 438/688/103 309/1805/103 306/689/104
f 311/773/103 397/772/103 391/934/104
f 473/802/136 537/804/136 350/935/139
f 467/937/138 351/988/138 344/800/134
f 374/798/129 354/797/129 342/939/130
f 373/941/120 379/962/121 343/942/121
f 444/729/130 352/728/130 341/943/161
f 443/945/121 441/967/152 504/946/151
f 437/947/163 512/1823/340 566/948/164
f 458/950/148 464/843/139 518/844/139
f 376/952/165 371/1824/165 568/953/165
f 457/955/146 340/1018/146 517/841/138
f 380/940/130 342/939/130 337/957/154
f 375/959/165 569/1825/165 549/960/165
f 379/962/121 385/979/176 338/963/166
f 442/944/162 341/943/161 511/964/167
f 439/966/169 336/1826/341 504/946/151
f 460/968/148 466/813/139 356/814/139
f 459/929/146 527/931/146 529/806/138
f 398/971/170 377/1827/165 570/972/171
f 392/974/173 386/958/158 337/957/154
f 384/976/175 535/1828/175 567/977/175
f 385/979/176 391/1144/212 555/980/177
f 439/981/178 382/1829/175 565/982/179
f 462/908/148 468/936/139 350/935/139
f 383/985/175 388/1830/175 497/986/175
f 461/903/146 540/905/146 351/988/138
f 392/989/181 571/1831/342 548/990/182
f 418/992/132 476/1575/145 481/993/145
f 417/995/131 484/1022/131 519/996/144
f 420/998/132 478/1578/145 483/999/145
f 436/1001/183 438/1035/192 513/1002/184
f 419/1004/131 486/1027/131 482/1005/144
f 437/1007/186 435/1028/133 334/1008/135
f 426/1010/188 480/1587/145 543/1011/145
f 458/950/148 339/951/148 514/1013/149
f 425/932/131 487/933/131 542/1015/144
f 457/955/146 451/1832/147 332/1017/147
f 418/992/132 485/994/132 488/1019/129
f 398/1020/189 335/1833/343 558/925/137
f 417/995/131 407/923/120 520/924/120
f 403/922/160 557/921/159 556/1023/190
f 420/998/132 530/1000/132 489/1025/129
f 434/917/136 436/1001/183 333/1003/185
f 419/1004/131 411/915/120 531/916/120
f 433/913/134 507/914/134 334/1008/135
f 426/1010/188 544/1012/188 545/1029/129
f 460/968/148 528/969/148 526/1030/149
f 348/1032/125 607/1260/233 316/1033/124
f 440/965/168 511/964/167 513/1002/184
f 510/1036/46 509/1834/46 357/1037/100
f 506/1039/123 329/1043/123 325/1040/122
f 503/1042/98 331/1045/98 329/1043/123
f 508/1044/99 507/1047/124 331/1045/98
f 333/1046/193 334/1049/195 507/1047/124
f 513/1048/194 512/1149/215 334/1049/195
f 511/1050/196 341/1054/199 504/1051/197
f 352/1053/106 353/1056/126 504/1051/197
f 359/1055/101 502/1057/101 353/1056/126
f 358/1038/100 357/1037/100 502/1057/101
f 523/1058/200 499/1062/200 516/1059/124
f 566/1061/201 568/1835/205 499/1062/200
f 522/1063/202 492/1067/202 567/1064/203
f 491/1066/106 521/1069/126 492/1067/202
f 488/1068/101 520/1071/101 521/1069/126
f 485/1070/100 484/1073/100 520/1071/101
f 481/1072/46 519/1836/46 484/1073/100
f 339/1074/123 340/1078/123 332/1075/122
f 518/1077/98 517/1079/98 340/1078/123
f 518/1077/98 515/1060/124 516/1059/124
f 536/1080/200 500/1084/200 524/1081/124
f 498/1083/205 569/1151/205 500/1084/200
f 534/1085/202 493/1089/202 496/1086/203
f 533/1088/106 532/1091/126 493/1089/202
f 489/1090/101 531/1093/101 532/1091/126
f 530/1092/100 486/1095/100 531/1093/101
f 483/1094/46 482/1837/46 486/1095/100
f 528/1096/123 527/1100/123 525/1097/122
f 356/1099/98 529/1101/98 527/1100/123
f 356/1099/98 355/1082/124 524/1081/124
f 537/1102/124 501/1106/200 550/1103/200
f 549/1105/205 570/1148/214 550/1103/200
f 495/1107/202 494/1111/202 548/1108/206
f 547/1110/106 546/1113/126 494/1111/202
f 545/1112/101 490/1115/101 546/1113/126
f 544/1114/100 487/1117/100 490/1115/101
f 543/1116/46 542/1838/46 487/1117/100
f 541/1118/123 540/1122/123 538/1119/122
f 350/1121/98 351/1123/98 540/1122/123
f 537/1102/124 344/1104/124 351/1123/98
f 561/1124/98 330/1128/98 562/1125/123
f 560/1127/99 559/1130/124 330/1128/98
f 558/1129/207 557/1132/193 559/1130/124
f 558/1129/207 335/1147/213 556/1131/208
f 337/1133/209 338/1137/199 555/1134/210
f 342/1136/106 343/1139/126 338/1137/199
f 354/1138/101 554/1141/101 343/1139/126
f 553/1140/100 552/1143/100 554/1141/101
f 551/1142/46 360/1839/46 552/1143/100
f 556/1023/190 555/980/177 391/1144/212
f 563/1126/123 562/1125/123 321/1145/122
f 555/1134/210 556/1131/208 335/1147/213
f 570/1148/214 548/1108/206 571/1135/211
f 548/1108/206 570/1148/214 549/1105/205
f 496/1086/203 569/1151/205 498/1083/205
f 567/1064/203 568/1835/205 566/1061/201
f 512/1149/215 513/1048/194 511/1050/196
f 307/1150/113 310/660/115 311/659/115
f 497/1109/203 549/1105/205 569/1151/205
f 512/1149/215 336/1052/198 565/1065/204
f 498/1083/205 568/1835/205 567/1064/203
f 606/1152/3 607/1840/3 348/1153/3
f 346/1155/3 345/1154/3 348/1153/3
f 578/1157/122 585/1172/122 584/1158/216
f 577/1159/123 584/1158/216 583/1160/98
f 576/1161/98 583/1160/98 582/1162/217
f 574/1164/218 581/1841/218 580/1165/101
f 573/1166/101 580/1165/101 579/1167/219
f 598/1169/220 601/1842/220 596/1170/220
f 585/1172/122 592/1207/122 591/1173/216
f 606/1174/6 588/1843/6 589/1175/6
f 579/1177/1 598/1844/1 599/1178/1
f 575/1180/6 582/1845/6 581/1181/6
f 594/1183/1 602/1846/1 603/1184/1
f 601/1187/1 604/1847/1 605/1188/1
f 595/1190/220 594/1848/220 600/1191/220
f 603/1193/221 604/1849/221 584/1194/221
f 580/1196/2 581/1222/2 604/1197/2
f 579/1199/2 580/1196/2 601/1198/2
f 606/645/107 301/644/106 298/638/101
f 586/1201/3 597/1850/3 600/1202/3
f 323/1204/123 319/1259/98 590/1205/98
f 327/1206/122 323/1204/123 591/1173/216
f 874/1208/222 630/1604/250 633/1209/223
f 605/1212/3 574/1227/3 573/1213/3
f 348/1032/125 313/1034/125 310/1215/103
f 587/1203/3 600/1202/3 603/1216/3
f 572/1221/3 599/1851/3 596/1214/3
f 593/1228/1 595/1852/1 597/1229/1
f 603/1231/46 602/1853/46 869/1232/46
f 734/1237/224 629/1296/250 632/1238/223
f 476/625/46 449/1800/46 748/1240/225
f 728/1242/225 723/1248/225 715/1243/226
f 724/1245/225 721/1366/225 711/1246/226
f 480/634/46 477/1801/46 723/1248/225
f 292/636/46 609/1854/225 860/1249/227
f 860/1249/227 609/1854/225 612/1250/226
f 621/1252/228 624/1767/229 655/1253/229
f 615/1255/230 618/1258/231 653/1256/231
f 618/1258/231 621/1252/228 654/1254/228
f 319/1259/98 316/1033/124 607/1260/233
f 292/647/108 293/649/108 610/1261/234
f 610/1261/234 613/1264/235 612/1263/235
f 613/1264/235 616/1855/236 615/1265/236
f 615/1265/236 616/1855/236 619/1266/237
f 618/1267/237 619/1266/237 622/1268/238
f 625/1270/239 628/1856/240 627/1271/240
f 627/1271/240 628/1856/240 631/1273/241
f 630/1274/241 631/1273/241 634/1275/242
f 634/1275/242 637/1278/243 636/1277/243
f 637/1278/243 328/1857/244 327/1279/244
f 361/670/46 479/1804/46 727/1280/225
f 745/1282/245 785/1428/245 660/1283/246
f 714/1285/224 766/1392/250 759/1286/223
f 730/1288/247 635/1291/247 326/1289/248
f 732/1239/223 632/1238/223 635/1291/247
f 761/1292/224 733/1340/250 731/1293/223
f 736/1295/249 626/1298/249 629/1296/250
f 738/1297/229 623/1858/229 626/1298/249
f 742/1299/231 617/1303/231 620/1300/228
f 744/1302/230 614/1305/251 617/1303/231
f 746/1304/226 611/1307/226 614/1305/251
f 747/1306/225 608/1308/225 611/1307/226
f 450/699/46 291/1806/46 608/1308/225
f 756/1294/223 731/1293/223 729/1309/247
f 750/1310/247 729/1309/247 423/1311/248
f 716/1247/226 711/1246/226 703/1313/251
f 710/1315/230 705/1377/251 697/1316/231
f 706/1314/230 703/1313/251 693/1318/231
f 698/1319/231 693/1318/231 685/1320/252
f 702/1322/253 681/1859/253 673/1323/249
f 670/1325/249 667/1396/249 762/1326/250
f 722/1241/225 748/1240/225 745/1328/226
f 712/1329/226 745/1328/226 743/1330/251
f 704/1331/230 743/1330/251 741/1332/231
f 694/1333/231 741/1332/231 739/1334/252
f 659/1336/254 666/1432/255 746/1337/255
f 668/1339/249 735/1342/249 733/1340/250
f 676/1341/253 737/1860/253 735/1342/249
f 760/1343/223 757/1349/223 751/1344/247
f 754/1345/247 751/1344/247 453/1346/248
f 765/1348/224 764/1394/250 757/1349/223
f 719/1350/223 725/1355/247 637/1351/247
f 763/1327/224 762/1326/250 755/1353/223
f 725/1355/247 427/1861/248 328/1356/248
f 758/1354/223 755/1353/223 749/1357/247
f 752/1358/247 749/1357/247 451/1359/248
f 672/1281/225 727/1280/225 717/1361/226
f 726/1363/247 753/1370/247 455/1364/248
f 478/758/46 475/1810/46 721/1366/225
f 671/1367/225 677/1373/226 613/1368/226
f 720/1287/223 759/1286/223 753/1370/247
f 713/1371/250 719/1350/223 634/1352/223
f 677/1373/226 683/1378/230 616/1374/230
f 707/1375/249 713/1371/250 631/1372/250
f 718/1244/226 715/1243/226 705/1377/251
f 683/1378/230 689/1382/231 619/1379/231
f 701/1380/229 707/1375/249 628/1376/249
f 689/1382/231 695/1522/228 622/1383/228
f 690/1384/231 699/1390/231 691/1385/252
f 700/1317/231 697/1316/231 687/1387/252
f 684/1389/230 709/1391/251 699/1390/231
f 678/1362/226 717/1361/226 709/1391/251
f 708/1324/249 673/1323/249 766/1392/250
f 674/1393/249 669/1398/249 764/1394/250
f 680/1395/253 675/1862/253 667/1396/249
f 682/1397/253 679/1863/253 669/1398/249
f 362/791/46 671/1367/225 610/1369/225
f 671/1399/256 823/1864/256 825/1400/245
f 661/1402/255 824/1865/257 672/1403/257
f 673/1405/258 822/1430/264 652/1406/259
f 765/1408/260 813/1866/260 784/1409/261
f 764/1411/259 802/1867/259 805/1412/263
f 783/1414/264 802/1867/259 764/1411/259
f 763/1416/260 662/1420/260 812/1417/261
f 758/1419/265 663/1554/265 662/1420/260
f 782/1421/264 795/1868/259 762/1422/259
f 761/1424/260 794/1442/260 801/1425/261
f 748/1427/256 664/1869/256 785/1428/245
f 681/1429/266 840/1870/344 822/1430/264
f 784/1409/261 821/1871/345 682/1431/267
f 666/1432/255 665/1872/257 747/1433/257
f 679/1434/266 839/1873/344 783/1414/264
f 360/831/144 823/1864/256 671/1399/256
f 812/1417/261 781/1874/345 680/1435/267
f 672/1403/257 824/1865/257 551/835/145
f 675/1437/266 838/1875/344 782/1421/264
f 801/1425/261 836/1876/345 676/1438/267
f 762/1422/259 795/1868/259 796/1439/263
f 756/1441/265 797/1538/265 794/1442/260
f 725/1443/268 833/1877/268 321/1444/269
f 564/1446/270 834/1878/271 726/1447/271
f 777/1449/272 820/1879/346 691/1450/273
f 509/854/144 664/1869/256 748/1427/256
f 692/1452/275 780/1880/347 778/1453/276
f 747/1433/257 665/1872/257 510/859/145
f 729/1456/278 638/1481/278 325/1457/269
f 776/1459/272 779/1881/346 687/1460/273
f 505/1462/270 788/1484/279 730/1463/279
f 688/1465/275 811/1882/347 810/1466/276
f 639/1468/263 833/1877/268 725/1443/268
f 775/1470/272 837/1883/346 685/1471/273
f 726/1447/271 834/1878/271 832/1473/265
f 686/1475/275 835/1884/347 800/1476/276
f 709/1478/246 818/1497/246 777/1449/272
f 778/1453/276 819/1501/254 710/1479/254
f 731/1480/263 640/1504/263 638/1481/278
f 808/1482/246 776/1459/272 697/1461/274
f 788/1484/279 786/1506/265 732/1485/265
f 810/1466/276 809/1508/254 706/1486/254
f 830/1487/259 639/1468/263 719/1469/263
f 799/1489/246 775/1470/272 693/1472/274
f 832/1473/265 831/1885/260 714/1491/260
f 800/1476/276 774/1515/254 704/1492/254
f 753/1493/268 814/1886/268 538/1494/269
f 717/1496/245 773/1521/245 818/1497/246
f 539/1498/270 815/1887/271 754/1499/271
f 819/1501/254 817/1600/255 718/1502/255
f 733/1503/259 789/1888/259 640/1504/263
f 715/1505/245 807/1599/245 808/1482/246
f 786/1506/265 790/1889/260 734/1507/260
f 809/1508/254 772/1597/255 716/1509/255
f 828/1510/280 830/1487/259 713/1488/259
f 711/1512/245 798/1594/245 799/1489/246
f 714/1491/260 831/1885/260 829/1513/261
f 774/1515/254 771/1592/255 712/1516/255
f 751/1517/268 803/1890/268 525/1518/269
f 727/1520/256 770/1891/256 773/1521/245
f 620/1300/228 623/1858/229 738/1297/229
f 695/1522/228 701/1380/229 625/1381/229
f 657/1523/265 813/1866/260 765/1408/260
f 652/1406/259 658/1570/263 759/1525/263
f 650/1526/254 661/1402/255 678/1404/255
f 677/1401/245 825/1400/245 651/1528/246
f 649/1530/282 659/1336/254 744/1338/254
f 743/1284/246 660/1283/246 787/1532/272
f 836/1534/284 792/1892/348 737/1535/285
f 750/1537/271 647/1893/271 797/1538/265
f 680/1539/286 781/1894/286 838/1540/286
f 796/1439/263 648/1895/268 749/1542/268
f 645/1543/276 650/1526/254 684/1527/254
f 821/1545/286 839/1896/286 679/1546/286
f 683/1529/246 651/1528/246 646/1548/287
f 791/1550/289 649/1530/282 742/1531/283
f 787/1532/272 644/1897/349 739/1552/291
f 752/1553/271 804/1898/271 663/1554/265
f 805/1412/263 803/1890/268 751/1517/268
f 702/1555/292 643/1899/350 840/1556/293
f 696/1558/294 841/1900/351 645/1543/276
f 837/1559/295 811/1901/295 688/1560/295
f 689/1549/288 646/1548/287 826/1562/296
f 739/1564/298 644/1902/352 835/1565/299
f 754/1499/271 815/1887/271 657/1523/265
f 687/1567/295 779/1903/295 780/1568/295
f 658/1570/263 814/1886/268 753/1493/268
f 820/1571/300 841/1904/353 696/1572/301
f 722/1574/257 768/1905/257 481/993/145
f 519/996/144 767/1906/256 721/1576/256
f 724/1577/257 806/1907/257 483/999/145
f 736/1579/302 641/1598/309 793/1580/303
f 482/1005/144 769/1908/256 723/1582/256
f 737/1583/305 792/1909/354 642/1584/264
f 728/1586/257 816/1910/355 543/1011/145
f 514/1588/270 647/1893/271 750/1537/271
f 542/1015/144 770/1891/256 727/1520/256
f 749/1542/268 648/1895/268 332/1590/269
f 771/1592/255 768/1905/257 722/1574/257
f 829/1513/261 643/1911/356 702/1593/306
f 721/1576/256 767/1906/256 798/1594/245
f 827/1595/307 828/1510/280 707/1511/281
f 772/1597/255 806/1907/257 724/1577/257
f 734/1507/260 790/1889/260 641/1598/309
f 723/1582/256 769/1908/256 807/1599/245
f 642/1584/264 789/1888/259 733/1503/259
f 817/1600/255 816/1910/355 728/1586/257
f 526/1601/270 804/1898/271 752/1553/271
f 656/1603/249 627/1912/249 630/1604/250
f 793/1580/303 791/1550/289 740/1551/290
f 664/1605/225 509/1834/46 510/1036/46
f 325/1607/248 638/1610/247 788/1608/247
f 638/1610/247 640/1612/223 786/1611/223
f 640/1612/223 789/1614/250 790/1613/224
f 789/1614/250 642/1616/311 641/1615/310
f 642/1616/311 792/1707/330 793/1617/312
f 791/1618/313 644/1708/331 787/1619/314
f 787/1619/314 660/1622/251 659/1621/230
f 660/1622/251 785/1624/226 666/1623/226
f 785/1624/226 664/1605/225 665/1606/225
f 795/1625/250 782/1628/316 801/1626/316
f 782/1628/316 838/1913/321 836/1629/317
f 837/1630/318 775/1633/319 800/1631/319
f 775/1633/319 799/1635/251 774/1634/230
f 799/1635/251 798/1637/226 771/1636/226
f 798/1637/226 767/1639/225 768/1638/225
f 767/1639/225 519/1836/46 481/1072/46
f 332/1640/248 648/1643/247 647/1641/247
f 648/1643/247 796/1914/223 797/1644/223
f 797/1644/223 796/1914/223 795/1625/250
f 802/1645/250 783/1648/316 812/1646/316
f 783/1648/316 839/1709/321 781/1649/321
f 779/1650/318 776/1653/319 810/1651/319
f 776/1653/319 808/1655/251 809/1654/230
f 808/1655/251 807/1657/226 772/1656/226
f 807/1657/226 769/1659/225 806/1658/225
f 769/1659/225 482/1837/46 483/1094/46
f 525/1660/248 803/1663/247 804/1661/247
f 803/1663/247 805/1915/223 663/1664/223
f 663/1664/223 805/1915/223 802/1645/250
f 813/1665/250 652/1916/250 822/1666/316
f 822/1666/316 840/1706/329 821/1668/321
f 820/1669/322 777/1672/319 778/1670/319
f 777/1672/319 818/1674/251 819/1673/230
f 818/1674/251 773/1676/226 817/1675/226
f 773/1676/226 770/1678/225 816/1677/225
f 770/1678/225 542/1838/46 543/1116/46
f 538/1679/248 814/1682/247 815/1680/247
f 814/1682/247 658/1684/223 657/1683/223
f 658/1684/223 652/1916/250 813/1665/250
f 833/1685/247 639/1688/223 832/1686/223
f 639/1688/223 830/1690/250 831/1689/224
f 830/1690/250 828/1917/310 829/1691/323
f 829/1691/323 828/1917/310 827/1692/324
f 826/1694/326 646/1697/315 645/1695/327
f 646/1697/315 651/1699/251 650/1698/230
f 651/1699/251 825/1701/226 661/1700/226
f 825/1701/226 823/1703/225 824/1702/225
f 823/1703/225 360/1839/46 551/1142/46
f 695/1563/297 826/1562/296 827/1595/307
f 321/1704/248 833/1685/247 834/1687/247
f 643/1693/325 827/1692/324 826/1694/326
f 841/1696/328 820/1669/322 840/1706/329
f 821/1668/321 840/1706/329 820/1669/322
f 781/1649/321 839/1709/321 779/1650/318
f 836/1629/317 838/1913/321 837/1630/318
f 791/1618/313 793/1617/312 792/1707/330
f 621/1269/238 622/1268/238 625/1270/239
f 839/1709/321 821/1668/321 780/1671/318
f 835/1632/320 644/1708/331 792/1707/330
f 837/1630/318 838/1913/321 781/1649/321
f 656/1710/3 874/1918/3 873/1711/3
f 654/1713/3 655/1919/3 656/1710/3
f 853/1714/332 585/1730/248 578/1715/248
f 852/1717/223 853/1714/332 847/1716/247
f 851/1719/333 852/1717/223 846/1718/223
f 849/1721/226 850/1920/334 844/1722/334
f 848/1724/335 849/1721/226 843/1723/226
f 863/1726/336 868/1921/336 865/1727/336
f 859/1729/332 592/1762/248 585/1730/248
f 857/1731/1 856/1922/1 873/1732/1
f 866/1734/6 865/1923/6 848/1735/6
f 850/1737/1 851/1924/1 845/1738/1
f 870/1740/6 869/1925/6 861/1741/6
f 872/1744/6 871/1926/6 868/1745/6
f 867/1747/336 861/1927/336 862/1748/336
f 853/1750/337 871/1928/337 870/1751/337
f 849/1753/2 868/1757/2 871/1754/2
f 848/1756/2 865/1929/2 868/1757/2
f 873/1257/232 855/1251/226 612/1250/226
f 854/1758/3 855/1773/3 867/1759/3
f 633/1209/223 636/1930/247 859/1729/332
f 859/1729/332 636/1930/247 327/1761/248
f 872/1764/3 863/1775/3 843/1765/3
f 624/1767/229 627/1912/249 656/1603/249
f 870/1768/3 867/1759/3 855/1773/3
f 842/1774/3 843/1765/3 863/1775/3
f 864/1781/6 862/1931/6 860/1782/6
f 872/1789/46 605/1932/46 604/1790/46
f 871/1791/46 604/1790/46 603/1231/46
f 602/1796/3 595/1794/3 862/1234/3
f 934/1933/357 904/1934/357 954/1935/357
f 935/1936/358 933/1937/359 953/1938/360
f 902/1939/361 952/1940/359 951/1941/362
f 949/1942/358 950/1943/359 948/1944/360
f 942/1945/358 941/1946/359 965/1947/360
f 943/1948/358 940/1949/359 961/1950/360
f 939/1951/358 938/1952/359 958/1953/360
f 937/1954/358 936/1955/359 955/1956/360
f 945/1957/358 944/1958/359 967/1959/360
f 947/1960/358 946/1961/359 970/1962/360
f 893/1963/363 923/1964/364 931/1965/365
f 1044/1966/6 915/1967/6 897/1968/6
f 886/1969/366 925/1970/367 922/1971/368
f 899/1972/369 926/1973/370 932/1974/371
f 891/1975/372 927/1976/373 926/1973/370
f 895/1977/374 928/1978/375 927/1976/373
f 880/1979/376 929/1980/377 928/1978/375
f 894/1981/378 930/1982/379 929/1980/377
f 892/1983/380 931/1965/365 930/1982/379
f 923/1984/381 875/1985/382 879/1986/383
f 903/1987/6 1031/1988/6 1032/1989/6
f 896/1990/384 932/1974/371 925/1970/367
f 1083/1991/385 924/1992/385 883/1993/386
f 877/1994/6 897/1968/6 915/1967/6
f 903/1995/387 901/1996/388 902/1997/389
f 1101/1998/46 941/1999/46 942/2000/46
f 1096/2001/46 936/2002/46 937/2003/46
f 1094/2004/46 933/2005/46 935/2006/46
f 1002/2007/390 1163/2008/391 1161/2009/390
f 1108/2010/46 950/2011/46 949/2012/46
f 1106/2013/46 946/2014/46 947/2015/46
f 1104/2016/46 944/2017/46 945/2018/46
f 1098/2019/46 938/2020/46 939/2021/46
f 1102/2022/46 940/2023/46 943/2024/46
f 1093/2025/46 900/2026/46 934/2027/46
f 882/2028/392 886/2029/393 905/2030/394
f 978/2031/6 957/2032/6 976/2033/6
f 905/2030/394 922/2034/395 876/2035/396
f 917/2036/397 915/2037/397 1044/2038/397
f 914/2039/397 1044/2038/397 1047/2040/397
f 917/2041/398 909/2042/399 908/2043/398
f 909/2042/399 914/2044/400 907/2045/400
f 919/2046/401 912/2047/402 910/2048/401
f 912/2047/402 920/2049/403 913/2050/403
f 919/2046/401 907/2045/400 914/2044/400
f 915/2051/404 908/2043/398 906/2052/404
f 1042/2053/405 908/2054/405 909/2055/405
f 925/2056/406 898/2057/407 884/2058/408
f 881/2059/409 924/2060/410 923/1964/364
f 930/2061/411 889/2062/412 887/2063/413
f 929/2064/414 887/2063/413 890/2065/415
f 928/2066/416 890/2065/415 885/2067/417
f 927/2068/418 885/2067/417 878/2069/419
f 926/2070/420 878/2069/419 888/2071/421
f 932/2072/422 888/2071/421 898/2057/407
f 922/2073/423 884/2058/408 876/2074/424
f 931/2075/425 879/1986/383 889/2062/412
f 897/2076/426 883/2077/426 924/2078/426
f 1028/2079/427 1186/2080/428 1187/2081/427
f 1187/2081/427 1024/2082/429 1028/2079/427
f 1190/2083/430 1032/2084/431 1031/2085/430
f 1036/2086/3 1200/2087/432 1195/2088/3
f 1037/2089/433 1195/2088/3 1196/2090/433
f 1035/2091/434 1196/2090/433 1194/2092/434
f 1033/2093/435 1194/2092/434 1192/2094/435
f 1177/2095/436 1017/2096/437 1018/2097/436
f 972/2098/438 1110/2099/439 1131/2100/438
f 1018/2097/436 1180/2101/440 1177/2095/436
f 977/2102/441 1135/2103/390 1136/2104/441
f 975/2105/442 1136/2104/441 1134/2106/442
f 1134/2106/442 974/2107/443 975/2105/442
f 1133/2108/436 973/2109/444 974/2107/443
f 1092/2110/445 953/2111/446 933/2112/445
f 979/2113/441 1151/2114/447 1138/2115/441
f 980/2116/442 1138/2115/441 1139/2117/442
f 1139/2117/442 981/2118/443 980/2116/442
f 1095/2119/445 955/2120/446 936/2121/445
f 983/2122/441 1145/2123/390 1142/2124/441
f 984/2125/442 1142/2124/441 1143/2126/442
f 1143/2126/442 985/2127/443 984/2125/442
f 1144/2128/436 982/2129/448 985/2127/443
f 1097/2130/445 958/2131/446 938/2132/445
f 990/2133/441 1152/2134/390 1149/2135/441
f 991/2136/442 1149/2135/441 1150/2137/442
f 1150/2137/442 989/2138/443 991/2136/442
f 1148/2139/436 987/2140/437 989/2138/443
f 1099/2141/445 961/2142/446 940/2143/445
f 1001/2144/441 1156/2145/390 1160/2146/441
f 1154/2147/436 994/2148/437 995/2149/443
f 1100/2150/445 965/2151/446 941/2152/445
f 1161/2009/390 1011/2153/441 1002/2007/390
f 1103/2154/445 967/2155/446 944/2156/445
f 1169/2157/443 1003/2158/437 1010/2159/436
f 1005/2160/391 1129/2161/446 1164/2162/391
f 1105/2163/445 970/2164/446 946/2165/445
f 1109/2166/445 948/2167/446 950/2168/445
f 1183/2169/429 1023/2170/2 1024/2082/429
f 1182/2171/2 1025/2172/449 1023/2170/2
f 1184/2173/449 1029/2174/450 1025/2172/449
f 1190/2083/430 1029/2174/450 1188/2175/450
f 1197/2176/451 1039/2177/452 1038/2178/451
f 1034/2179/6 1030/2180/6 894/2181/6
f 1198/2182/452 1040/2183/453 1039/2177/452
f 1041/2184/432 1199/2185/453 1200/2087/432
f 1030/2186/454 1185/2187/455 1026/2188/455
f 1027/2189/428 1185/2187/455 1186/2080/428
f 1179/2190/441 1021/2191/442 1020/2192/441
f 1013/2193/436 1174/2194/440 1172/2195/436
f 1158/2196/436 1000/2197/437 999/2198/443
f 998/2199/391 1124/2200/446 1157/2201/391
f 993/2202/456 1122/2203/391 1152/2134/390
f 1111/2204/445 951/2205/439 952/2206/445
f 1131/2100/438 1022/2207/457 972/2098/438
f 1178/2208/390 1016/2209/441 1019/2210/456
f 1171/2211/441 1014/2212/442 1012/2213/441
f 999/2198/443 1168/2214/442 1158/2196/436
f 988/2215/391 1117/2216/446 1147/2217/391
f 992/2218/447 1119/2219/391 1151/2114/447
f 1008/2220/391 1107/2221/446 1167/2222/391
f 1006/2223/456 1164/2162/391 1165/2224/390
f 996/2225/442 1160/2146/441 1155/2226/440
f 1140/2227/436 978/2228/437 981/2118/443
f 957/2229/391 1112/2230/446 1116/2231/391
f 1004/2232/391 1126/2233/446 1163/2008/391
f 997/2234/456 1157/2201/391 1156/2145/390
f 1132/2235/444 954/2236/458 973/2109/444
f 1181/2237/457 1020/2192/441 1022/2207/457
f 1175/2238/441 1015/2239/442 1016/2209/441
f 1010/2159/436 1173/2240/442 1169/2157/443
f 963/2241/391 1120/2242/446 1122/2203/391
f 986/2243/456 1147/2217/391 1145/2123/390
f 1167/2222/391 1019/2210/456 1008/2220/391
f 1165/2224/390 1012/2213/441 1006/2223/456
f 1170/2244/441 1009/2245/442 1011/2153/441
f 1155/2226/440 995/2149/443 996/2225/442
f 1094/2246/459 956/2247/460 1115/2248/460
f 960/2249/391 1114/2250/446 1119/2219/391
f 976/2251/456 1116/2231/391 1135/2103/390
f 1166/2252/437 1013/2193/436 1172/2195/436
f 883/2253/461 1048/2254/461 1051/2255/461
f 981/2256/6 976/2033/6 977/2257/6
f 982/2258/6 960/2259/6 992/2260/6
f 985/2261/6 992/2260/6 979/2262/6
f 987/2263/6 988/2264/6 986/2265/6
f 989/2266/6 986/2265/6 983/2267/6
f 994/2268/6 963/2269/6 993/2270/6
f 995/2271/6 993/2270/6 990/2272/6
f 1000/2273/6 998/2274/6 997/2275/6
f 999/2276/6 997/2275/6 1001/2277/6
f 1003/2278/6 1004/2279/6 1002/2280/6
f 1010/2281/6 1002/2280/6 1011/2282/6
f 1007/2283/6 1005/2284/6 1006/2285/6
f 1013/2286/6 1006/2285/6 1012/2287/6
f 1017/2288/6 1008/2289/6 1019/2290/6
f 1018/2291/6 1019/2290/6 1016/2292/6
f 991/2293/6 984/2294/6 1042/2295/6
f 913/2296/405 911/2297/405 1043/2298/405
f 1045/2299/397 920/2300/397 921/2301/397
f 904/2302/6 906/2303/6 974/2304/6
f 906/2303/6 1042/2295/6 977/2257/6
f 975/2305/6 906/2303/6 977/2257/6
f 1042/2295/6 1046/2306/6 991/2293/6
f 1046/2306/6 1043/2307/6 1014/2308/6
f 1014/2308/6 1043/2307/6 1015/2309/6
f 1043/2307/6 911/2310/6 1021/2311/6
f 911/2310/6 903/1987/6 972/2312/6
f 1020/2313/6 911/2310/6 1022/2314/6
f 972/2312/6 1022/2314/6 911/2310/6
f 973/2315/6 954/2316/6 904/2302/6
f 974/2304/6 973/2315/6 904/2302/6
f 911/2310/6 1020/2313/6 1021/2311/6
f 1021/2311/6 1018/2291/6 1043/2307/6
f 1018/2291/6 1016/2292/6 1043/2307/6
f 975/2305/6 974/2304/6 906/2303/6
f 981/2256/6 977/2257/6 1042/2295/6
f 985/2261/6 979/2262/6 1042/2295/6
f 979/2262/6 980/2317/6 1042/2295/6
f 980/2317/6 981/2256/6 1042/2295/6
f 1015/2309/6 1043/2307/6 1016/2292/6
f 1015/2309/6 1013/2286/6 1012/2287/6
f 1014/2308/6 1010/2281/6 1011/2282/6
f 1015/2309/6 1012/2287/6 1014/2308/6
f 984/2294/6 985/2261/6 1042/2295/6
f 989/2266/6 983/2267/6 991/2293/6
f 983/2267/6 984/2294/6 991/2293/6
f 995/2271/6 990/2272/6 1046/2306/6
f 990/2272/6 991/2293/6 1046/2306/6
f 1046/2306/6 1014/2308/6 1009/2318/6
f 1014/2308/6 1011/2282/6 1009/2318/6
f 1009/2318/6 999/2276/6 1046/2306/6
f 999/2276/6 1001/2277/6 1046/2306/6
f 996/2319/6 995/2271/6 1046/2306/6
f 1001/2277/6 996/2319/6 1046/2306/6
f 1035/2320/6 1033/2321/6 894/2181/6
f 894/2181/6 880/2322/6 1037/2323/6
f 880/2322/6 895/2324/6 1041/2325/6
f 1036/2326/6 880/2322/6 1041/2325/6
f 895/2324/6 891/2327/6 1040/2328/6
f 891/2327/6 899/2329/6 1040/2328/6
f 899/2329/6 896/2330/6 1040/2328/6
f 896/2330/6 886/2331/6 1040/2328/6
f 1040/2328/6 886/2331/6 1039/2332/6
f 903/1987/6 911/2310/6 1025/2333/6
f 906/2303/6 904/2302/6 915/1967/6
f 918/2334/6 881/2335/6 893/2336/6
f 893/2336/6 892/2337/6 1026/2338/6
f 1026/2338/6 1027/2339/6 893/2336/6
f 1027/2339/6 1028/2340/6 893/2336/6
f 918/2334/6 893/2336/6 1024/2341/6
f 886/2331/6 903/1987/6 1039/2332/6
f 880/2322/6 1036/2326/6 1037/2323/6
f 1041/2325/6 895/2324/6 1040/2328/6
f 1037/2323/6 1035/2320/6 894/2181/6
f 893/2336/6 1028/2340/6 1024/2341/6
f 918/2334/6 1024/2341/6 1023/2342/6
f 903/1987/6 1025/2333/6 1029/2343/6
f 1038/2344/6 1039/2332/6 903/1987/6
f 903/1987/6 1029/2343/6 1031/1988/6
f 1030/2186/454 1193/2345/462 1189/2346/454
f 881/2335/6 918/2334/6 1045/2347/6
f 1045/2347/6 1047/2348/6 881/2335/6
f 1047/2348/6 1044/1966/6 897/1968/6
f 897/1968/6 881/2335/6 1047/2348/6
f 920/2049/403 911/2349/463 913/2050/403
f 915/1967/6 904/2302/6 877/1994/6
f 877/1994/6 883/2350/6 897/1968/6
f 1093/2351/464 1064/2352/464 1061/2353/464
f 1112/2354/465 1092/2355/466 1094/2356/467
f 1110/2357/468 1062/2358/469 1131/2359/470
f 1107/2360/465 1109/2361/466 1108/2362/467
f 1125/2363/471 1157/2364/472 1124/2365/465
f 1123/2366/471 1122/2367/472 1120/2368/465
f 1121/2369/471 1147/2370/472 1117/2371/465
f 1114/2372/465 1095/2373/466 1096/2374/467
f 1126/2375/465 1103/2376/466 1104/2377/467
f 1127/2378/471 1164/2379/472 1129/2380/465
f 1082/2381/473 1055/2382/474 1090/2383/475
f 1203/2384/1 1059/2385/1 1074/2386/1
f 1084/2387/476 1052/2388/477 1081/2389/478
f 1085/2390/479 1060/2391/480 1091/2392/481
f 1086/2393/482 1053/2394/483 1085/2390/479
f 1087/2395/484 1057/2396/485 1086/2393/482
f 1088/2397/486 1049/2398/487 1087/2395/484
f 1089/2399/488 1056/2400/489 1088/2397/486
f 1090/2383/475 1054/2401/490 1089/2399/488
f 1082/2402/491 875/2403/492 1083/2404/493
f 1063/2405/1 1191/2406/1 1190/2407/1
f 1091/2392/481 1058/2408/494 1084/2387/476
f 1113/2409/458 934/2410/495 954/2236/458
f 1048/2411/1 1074/2386/1 1059/2385/1
f 1063/2412/496 901/2413/497 882/2414/498
f 882/2414/498 1052/2415/499 1063/2412/496
f 1137/2416/1 1116/2417/1 1115/2418/1
f 905/2419/500 1081/2420/501 1052/2415/499
f 1203/2421/502 1074/2422/502 1076/2423/502
f 1064/2424/1 1065/2425/1 1074/2386/1
f 1068/2426/503 1076/2427/504 1067/2428/504
f 1206/2429/502 1203/2421/502 1073/2430/502
f 1071/2431/505 1078/2432/506 1069/2433/506
f 1071/2431/505 1079/2434/507 1080/2435/505
f 1067/2428/504 1074/2436/508 1065/2437/508
f 1067/2438/509 1065/2439/509 1201/2440/509
f 898/2441/510 1084/2442/511 884/2443/512
f 1050/2444/513 1083/2445/514 1059/2446/515
f 889/2447/516 1089/2448/517 887/2449/518
f 887/2449/518 1088/2450/519 890/2451/520
f 890/2451/520 1087/2452/521 885/2453/522
f 885/2453/522 1086/2454/523 878/2455/524
f 878/2455/524 1085/2456/525 888/2457/526
f 888/2457/526 1091/2458/527 898/2441/510
f 884/2443/512 1081/2459/528 876/2460/529
f 879/2461/530 1090/2462/531 889/2447/516
f 1059/2463/532 1083/2464/532 1051/2465/532
f 1140/2466/1 1135/2467/1 1137/2416/1
f 1141/2468/1 1119/2469/1 1118/2470/1
f 1144/2471/1 1151/2472/1 1141/2468/1
f 1146/2473/1 1147/2474/1 1121/2475/1
f 1148/2476/1 1145/2477/1 1146/2473/1
f 1153/2478/1 1122/2479/1 1123/2480/1
f 1154/2481/1 1152/2482/1 1153/2478/1
f 1159/2483/1 1157/2484/1 1125/2485/1
f 1158/2486/1 1156/2487/1 1159/2483/1
f 1162/2488/1 1163/2489/1 1128/2490/1
f 1169/2491/1 1161/2492/1 1162/2488/1
f 1166/2493/1 1164/2494/1 1127/2495/1
f 1172/2496/1 1165/2497/1 1166/2493/1
f 1176/2498/1 1167/2499/1 1130/2500/1
f 1177/2501/1 1178/2502/1 1176/2498/1
f 1150/2503/1 1201/2504/1 1143/2505/1
f 1202/2506/509 1070/2507/509 1072/2508/509
f 1066/2509/509 1201/2440/509 1205/2510/509
f 1079/2511/502 1077/2512/502 1204/2513/502
f 1068/2426/503 1073/2514/533 1075/2515/503
f 1064/2424/1 1133/2516/1 1065/2425/1
f 1065/2425/1 1136/2517/1 1201/2504/1
f 1134/2518/1 1136/2517/1 1065/2425/1
f 1201/2504/1 1150/2503/1 1205/2519/1
f 1205/2519/1 1173/2520/1 1202/2521/1
f 1173/2520/1 1174/2522/1 1202/2521/1
f 1202/2521/1 1180/2523/1 1070/2524/1
f 1070/2524/1 1131/2525/1 1063/2405/1
f 1179/2526/1 1181/2527/1 1070/2524/1
f 1131/2525/1 1070/2524/1 1181/2527/1
f 1132/2528/1 1064/2424/1 1113/2529/1
f 1133/2516/1 1064/2424/1 1132/2528/1
f 1070/2524/1 1180/2523/1 1179/2526/1
f 1180/2523/1 1202/2521/1 1177/2501/1
f 1177/2501/1 1202/2521/1 1175/2530/1
f 1134/2518/1 1065/2425/1 1133/2516/1
f 1140/2466/1 1201/2504/1 1136/2517/1
f 1144/2471/1 1201/2504/1 1138/2531/1
f 1138/2531/1 1201/2504/1 1139/2532/1
f 1139/2532/1 1201/2504/1 1140/2466/1
f 1174/2522/1 1175/2530/1 1202/2521/1
f 1174/2522/1 1171/2533/1 1172/2496/1
f 1173/2520/1 1170/2534/1 1169/2491/1
f 1174/2522/1 1173/2520/1 1171/2533/1
f 1143/2505/1 1201/2504/1 1144/2471/1
f 1148/2476/1 1150/2503/1 1142/2535/1
f 1142/2535/1 1150/2503/1 1143/2505/1
f 1154/2481/1 1205/2519/1 1149/2536/1
f 1149/2536/1 1205/2519/1 1150/2503/1
f 1205/2519/1 1168/2537/1 1173/2520/1
f 1173/2520/1 1168/2537/1 1170/2534/1
f 1168/2537/1 1205/2519/1 1158/2486/1
f 1158/2486/1 1205/2519/1 1160/2538/1
f 1155/2539/1 1205/2519/1 1154/2481/1
f 1160/2538/1 1205/2519/1 1155/2539/1
f 1194/2540/1 1056/2541/1 1192/2542/1
f 1056/2541/1 1196/2543/1 1049/2544/1
f 1049/2544/1 1200/2545/1 1057/2546/1
f 1195/2547/1 1200/2545/1 1049/2544/1
f 1057/2546/1 1199/2548/1 1053/2549/1
f 1053/2549/1 1199/2548/1 1060/2550/1
f 1060/2550/1 1199/2548/1 1058/2551/1
f 1058/2551/1 1199/2548/1 1052/2552/1
f 1199/2548/1 1198/2553/1 1052/2552/1
f 1063/2405/1 1184/2554/1 1070/2524/1
f 1073/2514/533 1069/2433/506 1078/2432/506
f 1077/2555/1 1055/2556/1 1050/2557/1
f 1055/2556/1 1185/2558/1 1054/2559/1
f 1185/2558/1 1055/2556/1 1186/2560/1
f 1186/2560/1 1055/2556/1 1187/2561/1
f 1077/2555/1 1183/2562/1 1055/2556/1
f 1052/2552/1 1198/2553/1 1063/2405/1
f 1049/2544/1 1196/2543/1 1195/2547/1
f 1200/2545/1 1199/2548/1 1057/2546/1
f 1196/2543/1 1056/2541/1 1194/2540/1
f 1055/2556/1 1183/2562/1 1187/2561/1
f 1182/2563/1 1077/2555/1 1070/2524/1
f 1063/2405/1 1188/2564/1 1184/2554/1
f 1197/2565/1 1063/2405/1 1198/2553/1
f 1063/2405/1 1190/2407/1 1188/2564/1
f 1050/2557/1 1204/2566/1 1077/2555/1
f 1204/2566/1 1050/2557/1 1206/2567/1
f 1206/2567/1 1059/2385/1 1203/2384/1
f 1059/2385/1 1206/2567/1 1050/2557/1
f 1074/2386/1 1048/2411/1 1064/2424/1
f 1048/2411/1 1059/2385/1 1051/2568/1
f 902/2569/46 901/2570/46 1062/2571/46
f 1115/2248/460 978/2228/437 1137/2572/437
f 1096/2573/459 959/2574/460 1118/2575/460
f 1118/2575/460 982/2129/448 1141/2576/437
f 1098/2577/459 962/2578/460 1121/2579/460
f 1121/2579/460 987/2140/437 1146/2580/437
f 1102/2581/459 964/2582/460 1123/2583/460
f 1123/2583/460 994/2148/437 1153/2584/437
f 1101/2585/459 966/2586/460 1125/2587/460
f 1125/2587/460 1000/2197/437 1159/2588/437
f 1104/2589/459 969/2590/460 1128/2591/460
f 1128/2591/460 1003/2158/437 1162/2592/437
f 1106/2593/459 968/2594/460 1127/2595/460
f 1127/2595/460 1007/2596/437 1166/2252/437
f 1108/2597/459 971/2598/460 1130/2599/460
f 1130/2599/460 1017/2096/437 1176/2600/437
f 1189/2601/1 1193/2602/1 1056/2541/1
f 1191/2406/1 1063/2405/1 1197/2565/1
f 1032/1989/6 1038/2344/6 903/1987/6
f 1032/2603/461 1197/2176/451 1038/2178/451
f 1070/2604/534 1079/2434/507 1072/2605/507
f 1046/2606/405 1042/2053/405 907/2607/405
f 934/1933/357 900/2608/357 904/1934/357
f 957/2609/535 956/2610/536 953/1938/360
f 956/2610/536 935/1936/358 953/1938/360
f 951/1941/362 972/2611/537 902/1939/361
f 972/2611/537 903/2612/357 902/1939/361
f 1008/2613/535 971/2614/536 948/1944/360
f 971/2614/536 949/1942/358 948/1944/360
f 965/1947/360 998/2615/535 966/2616/536
f 966/2616/536 942/1945/358 965/1947/360
f 961/1950/360 963/2617/535 964/2618/536
f 964/2618/536 943/1948/358 961/1950/360
f 958/1953/360 988/2619/535 962/2620/536
f 962/2620/536 939/1951/358 958/1953/360
f 960/2621/535 959/2622/536 955/1956/360
f 959/2622/536 937/1954/358 955/1956/360
f 1004/2623/535 969/2624/536 967/1959/360
f 969/2624/536 945/1957/358 967/1959/360
f 970/1962/360 1005/2625/535 968/2626/536
f 968/2626/536 947/1960/358 970/1962/360
f 893/1963/363 881/2059/409 923/1964/364
f 886/1969/366 896/1990/384 925/1970/367
f 899/1972/369 891/1975/372 926/1973/370
f 891/1975/372 895/1977/374 927/1976/373
f 895/1977/374 880/1979/376 928/1978/375
f 880/1979/376 894/1981/378 929/1980/377
f 894/1981/378 892/1983/380 930/1982/379
f 892/1983/380 893/1963/363 931/1965/365
f 923/1984/381 924/2627/538 875/1985/382
f 896/1990/384 899/1972/369 932/1974/371
f 883/1993/386 1051/2628/386 1083/1991/385
f 1083/1991/385 875/2629/539 924/1992/385
f 903/1995/387 882/2028/392 901/1996/388
f 1101/1998/46 1100/2630/46 941/1999/46
f 1096/2001/46 1095/2631/46 936/2002/46
f 1094/2004/46 1092/2632/46 933/2005/46
f 1002/2007/390 1004/2232/391 1163/2008/391
f 1108/2010/46 1109/2633/46 950/2011/46
f 1106/2013/46 1105/2634/46 946/2014/46
f 1104/2016/46 1103/2635/46 944/2017/46
f 1098/2019/46 1097/2636/46 938/2020/46
f 1102/2022/46 1099/2637/46 940/2023/46
f 1093/2025/46 1061/2638/46 900/2026/46
f 882/2028/392 903/1995/387 886/2029/393
f 978/2031/6 956/2639/6 957/2032/6
f 905/2030/394 886/2029/393 922/2034/395
f 914/2039/397 916/2640/397 1044/2038/397
f 916/2640/397 917/2036/397 1044/2038/397
f 1047/2040/397 1045/2299/397 919/2641/397
f 919/2641/397 914/2039/397 1047/2040/397
f 917/2041/398 916/2642/399 909/2042/399
f 909/2042/399 916/2642/399 914/2044/400
f 919/2046/401 921/2643/402 912/2047/402
f 912/2047/402 921/2643/402 920/2049/403
f 919/2046/401 910/2048/401 907/2045/400
f 915/2051/404 917/2041/398 908/2043/398
f 909/2055/405 907/2607/405 1042/2053/405
f 1042/2053/405 906/2644/405 908/2054/405
f 925/2056/406 932/2072/422 898/2057/407
f 881/2059/409 897/2645/540 924/2060/410
f 930/2061/411 931/2075/425 889/2062/412
f 929/2064/414 930/2061/411 887/2063/413
f 928/2066/416 929/2064/414 890/2065/415
f 927/2068/418 928/2066/416 885/2067/417
f 926/2070/420 927/2068/418 878/2069/419
f 932/2072/422 926/2070/420 888/2071/421
f 922/2073/423 925/2056/406 884/2058/408
f 931/2075/425 923/1984/381 879/1986/383
f 1028/2079/427 1027/2189/428 1186/2080/428
f 1187/2081/427 1183/2169/429 1024/2082/429
f 1190/2083/430 1191/2646/431 1032/2084/431
f 1036/2086/3 1041/2184/432 1200/2087/432
f 1037/2089/433 1036/2086/3 1195/2088/3
f 1035/2091/434 1037/2089/433 1196/2090/433
f 1192/2094/435 1193/2345/462 1034/2647/462
f 1033/2093/435 1035/2091/434 1194/2092/434
f 1192/2094/435 1034/2647/462 1033/2093/435
f 1177/2095/436 1176/2600/437 1017/2096/437
f 972/2098/438 951/2205/439 1110/2099/439
f 1018/2097/436 1021/2191/442 1180/2101/440
f 977/2102/441 976/2251/456 1135/2103/390
f 975/2105/442 977/2102/441 1136/2104/441
f 1134/2106/442 1133/2108/436 974/2107/443
f 1133/2108/436 1132/2235/444 973/2109/444
f 1092/2110/445 1112/2230/446 953/2111/446
f 979/2113/441 992/2218/447 1151/2114/447
f 980/2116/442 979/2113/441 1138/2115/441
f 1139/2117/442 1140/2227/436 981/2118/443
f 1095/2119/445 1114/2250/446 955/2120/446
f 983/2122/441 986/2243/456 1145/2123/390
f 984/2125/442 983/2122/441 1142/2124/441
f 1143/2126/442 1144/2128/436 985/2127/443
f 1144/2128/436 1141/2576/437 982/2129/448
f 1097/2130/445 1117/2216/446 958/2131/446
f 990/2133/441 993/2202/456 1152/2134/390
f 991/2136/442 990/2133/441 1149/2135/441
f 1150/2137/442 1148/2139/436 989/2138/443
f 1148/2139/436 1146/2580/437 987/2140/437
f 1099/2141/445 1120/2242/446 961/2142/446
f 1001/2144/441 997/2234/456 1156/2145/390
f 1154/2147/436 1153/2584/437 994/2148/437
f 1100/2150/445 1124/2200/446 965/2151/446
f 1161/2009/390 1170/2244/441 1011/2153/441
f 1103/2154/445 1126/2233/446 967/2155/446
f 1169/2157/443 1162/2592/437 1003/2158/437
f 1005/2160/391 970/2164/446 1129/2161/446
f 1105/2163/445 1129/2161/446 970/2164/446
f 1109/2166/445 1107/2221/446 948/2167/446
f 1183/2169/429 1182/2171/2 1023/2170/2
f 1182/2171/2 1184/2173/449 1025/2172/449
f 1184/2173/449 1188/2175/450 1029/2174/450
f 1190/2083/430 1031/2085/430 1029/2174/450
f 1197/2176/451 1198/2182/452 1039/2177/452
f 1030/2180/6 1026/2338/6 892/2337/6
f 892/2337/6 894/2181/6 1030/2180/6
f 894/2181/6 1033/2321/6 1034/2179/6
f 1198/2182/452 1199/2185/453 1040/2183/453
f 1041/2184/432 1040/2183/453 1199/2185/453
f 1030/2186/454 1189/2346/454 1185/2187/455
f 1027/2189/428 1026/2188/455 1185/2187/455
f 1179/2190/441 1180/2101/440 1021/2191/442
f 1013/2193/436 1015/2239/442 1174/2194/440
f 1158/2196/436 1159/2588/437 1000/2197/437
f 998/2199/391 965/2151/446 1124/2200/446
f 993/2202/456 963/2241/391 1122/2203/391
f 1111/2204/445 1110/2099/439 951/2205/439
f 1131/2100/438 1181/2237/457 1022/2207/457
f 1178/2208/390 1175/2238/441 1016/2209/441
f 1171/2211/441 1173/2240/442 1014/2212/442
f 999/2198/443 1009/2245/442 1168/2214/442
f 988/2215/391 958/2131/446 1117/2216/446
f 992/2218/447 960/2249/391 1119/2219/391
f 1008/2220/391 948/2167/446 1107/2221/446
f 1006/2223/456 1005/2160/391 1164/2162/391
f 996/2225/442 1001/2144/441 1160/2146/441
f 1140/2227/436 1137/2572/437 978/2228/437
f 957/2229/391 953/2111/446 1112/2230/446
f 1004/2232/391 967/2155/446 1126/2233/446
f 997/2234/456 998/2199/391 1157/2201/391
f 1132/2235/444 1113/2409/458 954/2236/458
f 1181/2237/457 1179/2190/441 1020/2192/441
f 1175/2238/441 1174/2194/440 1015/2239/442
f 1010/2159/436 1014/2212/442 1173/2240/442
f 963/2241/391 961/2142/446 1120/2242/446
f 986/2243/456 988/2215/391 1147/2217/391
f 1167/2222/391 1178/2208/390 1019/2210/456
f 1165/2224/390 1171/2211/441 1012/2213/441
f 1170/2244/441 1168/2214/442 1009/2245/442
f 1155/2226/440 1154/2147/436 995/2149/443
f 1094/2246/459 935/2648/459 956/2247/460
f 960/2249/391 955/2120/446 1114/2250/446
f 976/2251/456 957/2229/391 1116/2231/391
f 1166/2252/437 1007/2596/437 1013/2193/436
f 883/2253/461 877/2649/461 1048/2254/461
f 981/2256/6 978/2031/6 976/2033/6
f 982/2258/6 959/2650/6 960/2259/6
f 985/2261/6 982/2258/6 992/2260/6
f 987/2263/6 962/2651/6 988/2264/6
f 989/2266/6 987/2263/6 986/2265/6
f 994/2268/6 964/2652/6 963/2269/6
f 995/2271/6 994/2268/6 993/2270/6
f 1000/2273/6 966/2653/6 998/2274/6
f 999/2276/6 1000/2273/6 997/2275/6
f 1003/2278/6 969/2654/6 1004/2279/6
f 1010/2281/6 1003/2278/6 1002/2280/6
f 1007/2283/6 968/2655/6 1005/2284/6
f 1013/2286/6 1007/2283/6 1006/2285/6
f 1017/2288/6 971/2656/6 1008/2289/6
f 1018/2291/6 1017/2288/6 1019/2290/6
f 910/2657/405 912/2658/405 1043/2298/405
f 912/2658/405 913/2296/405 1043/2298/405
f 921/2301/397 919/2641/397 1045/2299/397
f 1045/2299/397 918/2659/397 920/2300/397
f 1023/2342/6 1025/2333/6 911/2310/6
f 911/2310/6 918/2334/6 1023/2342/6
f 1030/2186/454 1034/2647/462 1193/2345/462
f 920/2049/403 918/2660/463 911/2349/463
f 1093/2351/464 1113/2661/464 1064/2352/464
f 1094/2356/467 1115/2662/471 1112/2354/465
f 1115/2662/471 1116/2663/472 1112/2354/465
f 1110/2357/468 1111/2664/466 1062/2358/469
f 1062/2358/469 1063/2665/464 1131/2359/470
f 1108/2362/467 1130/2666/471 1107/2360/465
f 1130/2666/471 1167/2667/472 1107/2360/465
f 1124/2365/465 1100/2668/466 1101/2669/467
f 1101/2669/467 1125/2363/471 1124/2365/465
f 1120/2368/465 1099/2670/466 1102/2671/467
f 1102/2671/467 1123/2366/471 1120/2368/465
f 1117/2371/465 1097/2672/466 1098/2673/467
f 1098/2673/467 1121/2369/471 1117/2371/465
f 1096/2374/467 1118/2674/471 1114/2372/465
f 1118/2674/471 1119/2675/472 1114/2372/465
f 1104/2377/467 1128/2676/471 1126/2375/465
f 1128/2676/471 1163/2677/472 1126/2375/465
f 1129/2380/465 1105/2678/466 1106/2679/467
f 1106/2679/467 1127/2378/471 1129/2380/465
f 1082/2381/473 1050/2444/513 1055/2382/474
f 1084/2387/476 1058/2408/494 1052/2388/477
f 1085/2390/479 1053/2394/483 1060/2391/480
f 1086/2393/482 1057/2396/485 1053/2394/483
f 1087/2395/484 1049/2398/487 1057/2396/485
f 1088/2397/486 1056/2400/489 1049/2398/487
f 1089/2399/488 1054/2401/490 1056/2400/489
f 1090/2383/475 1055/2382/474 1054/2401/490
f 1082/2402/491 879/2461/530 875/2403/492
f 1091/2392/481 1060/2391/480 1058/2408/494
f 1113/2409/458 1093/2680/495 934/2410/495
f 1063/2412/496 1062/2681/541 901/2413/497
f 882/2414/498 905/2419/500 1052/2415/499
f 1137/2416/1 1135/2467/1 1116/2417/1
f 905/2419/500 876/2682/542 1081/2420/501
f 1076/2423/502 1075/2683/502 1203/2421/502
f 1075/2683/502 1073/2430/502 1203/2421/502
f 1068/2426/503 1075/2515/503 1076/2427/504
f 1073/2430/502 1078/2684/502 1206/2429/502
f 1078/2684/502 1204/2513/502 1206/2429/502
f 1071/2431/505 1080/2435/505 1078/2432/506
f 1071/2431/505 1072/2605/507 1079/2434/507
f 1067/2428/504 1076/2427/504 1074/2436/508
f 1201/2440/509 1066/2509/509 1068/2685/509
f 1068/2685/509 1067/2438/509 1201/2440/509
f 898/2441/510 1091/2458/527 1084/2442/511
f 1050/2444/513 1082/2381/473 1083/2445/514
f 889/2447/516 1090/2462/531 1089/2448/517
f 887/2449/518 1089/2448/517 1088/2450/519
f 890/2451/520 1088/2450/519 1087/2452/521
f 885/2453/522 1087/2452/521 1086/2454/523
f 878/2455/524 1086/2454/523 1085/2456/525
f 888/2457/526 1085/2456/525 1091/2458/527
f 884/2443/512 1084/2442/511 1081/2459/528
f 879/2461/530 1082/2402/491 1090/2462/531
f 1140/2466/1 1136/2517/1 1135/2467/1
f 1141/2468/1 1151/2472/1 1119/2469/1
f 1144/2471/1 1138/2531/1 1151/2472/1
f 1146/2473/1 1145/2477/1 1147/2474/1
f 1148/2476/1 1142/2535/1 1145/2477/1
f 1153/2478/1 1152/2482/1 1122/2479/1
f 1154/2481/1 1149/2536/1 1152/2482/1
f 1159/2483/1 1156/2487/1 1157/2484/1
f 1158/2486/1 1160/2538/1 1156/2487/1
f 1162/2488/1 1161/2492/1 1163/2489/1
f 1169/2491/1 1170/2534/1 1161/2492/1
f 1166/2493/1 1165/2497/1 1164/2494/1
f 1172/2496/1 1171/2533/1 1165/2497/1
f 1176/2498/1 1178/2502/1 1167/2499/1
f 1177/2501/1 1175/2530/1 1178/2502/1
f 1072/2508/509 1071/2686/509 1202/2506/509
f 1071/2686/509 1069/2687/509 1202/2506/509
f 1202/2506/509 1069/2687/509 1205/2510/509
f 1069/2687/509 1066/2509/509 1205/2510/509
f 1204/2513/502 1078/2684/502 1080/2688/502
f 1080/2688/502 1079/2511/502 1204/2513/502
f 1068/2426/503 1066/2689/533 1073/2514/533
f 1073/2514/533 1066/2689/533 1069/2433/506
f 1070/2524/1 1184/2554/1 1182/2563/1
f 1182/2563/1 1183/2562/1 1077/2555/1
f 1062/2571/46 1111/2690/46 952/2691/46
f 952/2691/46 902/2569/46 1062/2571/46
f 1115/2248/460 956/2247/460 978/2228/437
f 1096/2573/459 937/2692/459 959/2574/460
f 1118/2575/460 959/2574/460 982/2129/448
f 1098/2577/459 939/2693/459 962/2578/460
f 1121/2579/460 962/2578/460 987/2140/437
f 1102/2581/459 943/2694/459 964/2582/460
f 1123/2583/460 964/2582/460 994/2148/437
f 1101/2585/459 942/2695/459 966/2586/460
f 1125/2587/460 966/2586/460 1000/2197/437
f 1104/2589/459 945/2696/459 969/2590/460
f 1128/2591/460 969/2590/460 1003/2158/437
f 1106/2593/459 947/2697/459 968/2594/460
f 1127/2595/460 968/2594/460 1007/2596/437
f 1108/2597/459 949/2698/459 971/2598/460
f 1130/2599/460 971/2598/460 1017/2096/437
f 1054/2559/1 1185/2558/1 1189/2601/1
f 1193/2602/1 1192/2542/1 1056/2541/1
f 1054/2559/1 1189/2601/1 1056/2541/1
f 1032/2603/461 1191/2699/461 1197/2176/451
f 1070/2604/534 1077/2700/534 1079/2434/507
f 907/2607/405 910/2657/405 1046/2606/405
f 910/2657/405 1043/2298/405 1046/2606/405
